mcc,familia,descripcion,referencia
0742,Médicos y dentistas,"MEDICOS VETERINARIOS, RECEPTOR DE PAGOS DE ACCESORIOS, ESTETICA Y/O ALIMENTO PARA ANIMALES DOMESTICOS, DE GRANJA, GANADO O ANIMALES EXOTICOS SOLO SI CUENTAN CON SERVICIO VETERINARIO.","Los medicos dedicados a la practica de la veterinaria, de la odontologia, o de la cirugia para todos los tipos de animales; por ejemplo animales domesticos ( perros, gatos, pescado), ganado, y otros animales del campo ( ganados, caballos, oveja, cerdos, cabras, aves de corral, abejas), y animales exoticos."
0763,Ventas al detalle (Retail),COOPERATIVAS AGRICOLAS,"Asociaciones y cooperativas que proporcionan servicios o ayuda o asistencia operativa. Los ejemplos de tales servicios incluyen la ayuda financiera, gerencial, o terminan el mantenimiento de cosechas, preparacion del suelo, el plantar y cultivacion, polvoreda aerea y rociadura, control de la enfermedad y del insecto, control de la mala hierba, y el cosechar de cosechas. Para los comerciantes que proporcionan el almacenamiento y almacenaje del producto de la granja, uso MCC 4225."
0780,Otros,SERVICIOS DE HORTICULTURA Y DE JARDINERIA,"Arquitectos de paisaje y otros abastecedores del planeamiento de paisaje y de los servicios de diseno. Tambien, comerciantes que ofrecen una variedad de servicios del cesped y del jardin tales como plantar, fertilizando, segando, cubriendo con pajote, sembrando, rociando, y el poner del cesped."
1520,Otros,CONTRATISTAS EN GENERAL- RESIDENCIAL Y COMERCIAL,"Los contratistas generales dedicados sobre todo a la construccion de edificios residenciales y comerciales. Los servicios de la construccion pueden incluir la nueva construccion, remodelando, reparacion, las adiciones, y las alteraciones."
1711,Otros,"CONTRATISTAS ( CALEFACCION VENTAS, SERVICIO E INSTALACION), ( AIRE ACONDICIONADO VENTAS E INSTALACION ) ( PLOMERIA )","Contratistas comerciales especiales que trabajan con la calefaccion, la plomeria, y los sistemas de aire acondicionado. Los ejemplos de tales servicios incluyen el sistema de aire que balancea y que prueba, instalacion del alcantarillado, reparacion del horno, instalacion del sistema de regadera del cesped, trabajo de la refrigeracion y del congelador, transmision en circuito de la alcantarilla y conexion, calefaccion solar, instalacion del sistema de regadera, e instalacion y mantenimiento de la bomba de agua. Servicios Contraidos"
1731,Otros,CONTRATISTAS ELECTRICISTAS,"Contratistas comerciales especiales que realizan el trabajo electrico tal como la instalacion de las alarma de incendio, del equipo sano, del equipo de las telecomunicaciones, y de telefonos y del equipo del telefono."
1740,Otros,"CONTRATISTAS (YESO) (CANTERA Y MAMPOSTERIA) (TEJAS, PISOS Y AZULEJOS) (MAMPOSTERIA Y CANTERIA) (AISLAMIENTO)","Contratistas comerciales especiales que realizan el trabajo de la albanileria, el ajuste de la piedra y el otro trabajo de piedra, ajuste del azulejo, llano y enyesado ornamental, e instalacion del aislamiento. Estos comerciantes pueden tambien realizar bricklaying, trabajo de ceramica y de marmol, trabajo del mosaico, trabajo acustico, y construccion del drywall."
1750,Otros,CONTRATISTAS CARPINTERIA,"Los contratistas comerciales especiales que realizan el trabajo de la carpinteria para los proyectos de construccion tales como cabinetwork, enmarcando, ajuste y acabados finales, e instalacion de la ventana y puertas"
1761,Otros,"CONTRATISTAS TECHOS, ESTRUCTURAS Y LAMINAS","Contratistas comerciales especiales que instalan el material para techos, apartadero y hacen el trabajo del metal de hoja, incluyendo trabajo arquitectonico del metal de hoja, techos y la instalacion de la claraboya, el conducto y la instalacion del canal, y azotea , pintando, o cubriendo."
1771,Otros,CONTRATISTAS CONSTRUCTORAS,"Los contratistas comerciales especiales que realizan el trabajo del concreto, del cemento o del asfalto, construyen las calzadas y las caminatas privadas de todos los materiales, vierten el concreto para las fundaciones, realizan la mamposteria del trabajo, y construyen patios y las aceras concretos."
1799,Otros,CONTRATISTAS (DEMOLICIONES) (PERFORACION) (CRISTALES) (DECORACION) (NO CLASIFICADOS) (TAPICEROS),"Contratistas comerciales especiales que realizan el trabajo de construccion no a otra parte clasificado. Los ejemplos incluyen la instalacion del toldo, reacabado de la banera, construccion de la cerca, instalacion del escape del fuego, reemplazo de mudanza, colocacion de ventanas de casas, instalacion de la puerta del garage, trabajo ornamental del metal, construccion de la piscina, glasswork, el perforar del pozo, servicios del papel pintado, e impermeabilizando."
2741,Otros,PUBLICACIONES E IMPRESIONES EN GENERAL,"Los comerciantes dedicados en la impresion al por mayor, publicar, o encuadernacion. Los ejemplos de materiales producidos por tales comerciantes incluyen mapas y atlas, los boletines de noticias del negocio, los directorios, partituras, los patrones de papel, las guias tecnicas de los manuales y del papel, de telefonos, y los anuarios. Para los comerciantes que venden los libros, los folletos, y los materiales educativos, uso MCC 5192. Distribuidores y fabricantes al por mayor"
2791,Otros,"TIPOGRAFIAS, PLACAS, TRABAJOS SIMILARES","Comerciantes que realizan tipografiao para el comercio de impresion y hacen las placas para los propositos de impresion. Los ejemplos de tales servicios incluyen el anuncio que compone tipo, fotocomposicion, el componer tipo controlado por ordenador y las separaciones de colores; la produccion de los positivos y de las negativas de los cuales compense las placas litograficas y grabado o el realzar para los propositos de impresion, tales como grabado en la madera, el caucho, el cobre, el acero, o el fotograbado. Para los comerciantes que proporcionan sobre todo servicios al por mayor de impresion, uso MCC 2741. Distribuidores y fabricantes al por mayor"
2842,Otros,"LIMPIEZA ESPECIALIZADA, PULIDOS, Y SERVICIOS SANITARIOS","Fabricantes al por mayor de pulimentos, de soluciones de limpieza, de desinfectantes, y de otras preparaciones del saneamiento. Los productos para la venta pueden incluir desodorisantes nonpersonal, las preparaciones para el cuero fabricado y otros materiales, los removedores de la cera, los solventes que desengrasan, los productos quimicos de la limpieza en seco, los removedores del moho y de mancha, y las soluciones de la limpieza para el cristal, la pintura, o el papel pintado. Distribuidores y fabricantes al por mayor"
3000,Transporte Aéreo,UNITED AIRLINES,Lineas aereas
3001,Transporte Aéreo,AMERICAN AIRLINES,Lineas aereas
3002,Transporte Aéreo,PAN AMERICAN,Lineas aereas
3004,Transporte Aéreo,TRANS WORLD AIRLINES,Lineas aereas
3005,Transporte Aéreo,BRITISH AIRWAYS,Lineas aereas
3006,Transporte Aéreo,JAPAN AIR LINES,Lineas aereas
3007,Transporte Aéreo,AIR FRANCE,Lineas aereas
3008,Transporte Aéreo,LUFTHANSA,Lineas aereas
3009,Transporte Aéreo,AIR CANADA,Lineas aereas
3010,Transporte Aéreo,ROYAL DUTCH AIRLINES (KLM),Lineas aereas
3011,Transporte Aéreo,AEROFLOT,Lineas aereas
3012,Transporte Aéreo,QUANTAS,Lineas aereas
3013,Transporte Aéreo,ALITALIA,Lineas aereas
3014,Transporte Aéreo,SAUDI ARABIAN AIRLINES,Lineas aereas
3015,Transporte Aéreo,SWISSAIR,Lineas aereas
3016,Transporte Aéreo,SCANDINAVIAN AIRLINES SYSTEM (SAS),Lineas aereas
3017,Transporte Aéreo,SOUTN AFRICAN AIRWAYS,Lineas aereas
3018,Transporte Aéreo,VARIG (BRAZIL),Lineas aereas
3020,Transporte Aéreo,AIR INDIA,Lineas aereas
3021,Transporte Aéreo,AIR ALGERIE,Lineas aereas
3022,Transporte Aéreo,PHILIPPINE AIRLINES,Lineas aereas
3023,Transporte Aéreo,MEXICANA,Lineas aereas
3024,Transporte Aéreo,PAKISTAN INTERNATIONAL,Lineas aereas
3025,Transporte Aéreo,AIR NEW ZEALAND LIMITED INTERNATIONAL,Lineas aereas
3026,Transporte Aéreo,EMIRATES AIRLINES,Lineas aereas
3027,Transporte Aéreo,UNION DE TRANSPORTS AERIENS,Lineas aereas
3028,Transporte Aéreo,AIR MALTA,Lineas aereas
3029,Transporte Aéreo,SABENA,Lineas aereas
3030,Transporte Aéreo,AEROLINEAS ARGENTINAS,Lineas aereas
3031,Transporte Aéreo,OLYMPIC AIRWAYS,Lineas aereas
3032,Transporte Aéreo,EL AL,Lineas aereas
3033,Transporte Aéreo,ANSETT AIRLINES,Lineas aereas
3034,Transporte Aéreo,AUSTRALIAN AIRWAYS(TAA),Lineas aereas
3035,Transporte Aéreo,TAP (PORTUGAL),Lineas aereas
3036,Transporte Aéreo,VASP (BRAZIL),Lineas aereas
3037,Transporte Aéreo,EGYPTAIR,Lineas aereas
3038,Transporte Aéreo,KUWAIT AIRWAYS,Lineas aereas
3039,Transporte Aéreo,AVIANCA,Lineas aereas
3040,Transporte Aéreo,GULF AIR (BAHRAIN),Lineas aereas
3041,Transporte Aéreo,BALKAN-BULGARIAN AIRLINES,Lineas aereas
3042,Transporte Aéreo,FINNAIR,Lineas aereas
3043,Transporte Aéreo,AER LINGUS,Lineas aereas
3044,Transporte Aéreo,AIR LANKA,Lineas aereas
3045,Transporte Aéreo,NIGERIA AIRWAYS,Lineas aereas
3046,Transporte Aéreo,CRUZEIRO DO SUL (BRAZIL),Lineas aereas
3047,Transporte Aéreo,THY (TURKEY),Lineas aereas
3048,Transporte Aéreo,ROYAL AIR MAROC,Lineas aereas
3049,Transporte Aéreo,TUNIS AIR,Lineas aereas
3050,Transporte Aéreo,ICELANDAIR,Lineas aereas
3051,Transporte Aéreo,AUSTRIAN AIRLINES,Lineas aereas
3052,Transporte Aéreo,LAN-CHILE,Lineas aereas
3053,Transporte Aéreo,AVIACO (SPAIN),Lineas aereas
3054,Transporte Aéreo,LADECO(CHILE),Lineas aereas
3055,Transporte Aéreo,LAB (BOLIVIA),Lineas aereas
3056,Transporte Aéreo,QUEBECAIRE,Lineas aereas
3057,Transporte Aéreo,EAST-WEST AIRLINES (AUSTRALIA),Lineas aereas
3058,Transporte Aéreo,DELTA,Lineas aereas
3060,Transporte Aéreo,NORHWEST AIRLINES,Lineas aereas
3061,Transporte Aéreo,CONTINENTAL,Lineas aereas
3063,Transporte Aéreo,U.S. AIR,Lineas aereas
3064,Transporte Aéreo,ADRIA AIRWAYS ADRIA AIR,ADRIA AIRWAYS ADRIA AIR
3065,Transporte Aéreo,AIR INTER,Lineas aereas
3066,Transporte Aéreo,SOUTHWEST AIRLINE,Lineas aereas
3067,Transporte Aéreo,VANGUARD AIRLINES VANGUARD AIR,VANGUARD AIRLINES VANGUARD AIR
3071,Transporte Aéreo,AIR BRITISH COLUMBIAS,Lineas aereas
3075,Transporte Aéreo,SINGAPORE AIRLINES,Lineas aereas
3076,Transporte Aéreo,AEROMEXICO,Lineas aereas
3077,Transporte Aéreo,THAI AIRWAYS,Lineas aereas
3078,Transporte Aéreo,CHINA AIRLINES,Lineas aereas
3081,Transporte Aéreo,NORDAIR,Lineas aereas
3082,Transporte Aéreo,KOREAN AIRLINES,Lineas aereas
3083,Transporte Aéreo,AIR AFRIQUE,Lineas aereas
3084,Transporte Aéreo,EVA AIRWAYS,Lineas aereas
3085,Transporte Aéreo,MIDWEST EXPRESS AIRLINES,Lineas aereas
3086,Transporte Aéreo,CARNIVAL AIRLINES,Lineas aereas
3087,Transporte Aéreo,METRO AIRLINES,Lineas aereas
3088,Transporte Aéreo,CROATIA AIRWAYS,Lineas aereas
3089,Transporte Aéreo,TRANSAERO,Lineas aereas
3090,Transporte Aéreo,UNI AIRWAYS CORPORATION UNIAIR,UNI AIRWAYS CORPORATION UNIAIR
3094,Transporte Aéreo,ZAMBIA AIRWAYS,Lineas aereas
3096,Transporte Aéreo,AIR ZIMBABWE,Lineas aereas
3097,Transporte Aéreo,SPANAIR SPANAIR,SPANAIR SPANAIR
3098,Transporte Aéreo,ASIANA AIRLINES ASIANA AIR,ASIANA AIRLINES ASIANA AIR
3099,Transporte Aéreo,CATHAY PACIFIC,Lineas aereas
3100,Transporte Aéreo,MALAYSIAN AIRLINE SYSTEM,Lineas aereas
3102,Transporte Aéreo,IBERIA,Lineas aereas
3103,Transporte Aéreo,GARUDA (INDONESIA),Lineas aereas
3106,Transporte Aéreo,BRAATHERIS S.A.F.E (NORWAY),Lineas aereas
3110,Transporte Aéreo,WINGS AIRWAYS,Lineas aereas
3111,Transporte Aéreo,BRITISH MIDLAND,Lineas aereas
3112,Transporte Aéreo,WINDWARD ISLAND,Lineas aereas
3115,Transporte Aéreo,TOWER AIR TOWERAIR,TOWER AIR TOWERAIR
3117,Transporte Aéreo,VENEZOLANA INTERNACIONAL DE AVIACION,Lineas aereas
3118,Transporte Aéreo,VALLEY AIRLINES,Lineas aereas
3125,Transporte Aéreo,TAN AIRLINES,Lineas aereas
3126,Transporte Aéreo,TALAIR,Lineas aereas
3127,Transporte Aéreo,TACA INTERNATIONAL,Lineas aereas
3129,Transporte Aéreo,SURINAM AIRWAYS,Lineas aereas
3130,Transporte Aéreo,SUNWORLD INTERNATINAL AIRWAYS,Lineas aereas
3132,Transporte Aéreo,FRONTIER AIRLINES FRONTIER AIR,FRONTIER AIRLINES FRONTIER AIR
3133,Transporte Aéreo,SUNBELT AIRLINES,Lineas aereas
3135,Transporte Aéreo,SUDAN AIRWAYS,Lineas aereas
3136,Transporte Aéreo,QATAR AIRWAYS QATAR AIR,QATAR AIRWAYS QATAR AIR
3137,Transporte Aéreo,SINGLETON AIR,Lineas aereas
3138,Transporte Aéreo,SIMMONS AIRLINES,Lineas aereas
3143,Transporte Aéreo,SCENIC AIRLINES,Lineas aereas
3144,Transporte Aéreo,VIRGIN ATLANTIC,Lineas aereas
3145,Transporte Aéreo,SAN JUAN AIRLINES,Lineas aereas
3146,Transporte Aéreo,LUXAIR,Lineas aereas
3148,Transporte Aéreo,AIR LITTORAL S.A. AIRLITTORAL,AIR LITTORAL S.A. AIRLITTORAL
3151,Transporte Aéreo,AIR ZAIRE,Lineas aereas
3154,Transporte Aéreo,PRINCEVILLE,Lineas aereas
3156,Transporte Aéreo,"GO FLY, LTD GOFLY","GO FLY, LTD GOFLY"
3159,Transporte Aéreo,PROVICENTOWN-BOSTON AIRWAYS,Lineas aereas
3161,Transporte Aéreo,ALL NIPPON AIRWAYS,Lineas aereas
3164,Transporte Aéreo,NORONTAIR,Lineas aereas
3165,Transporte Aéreo,NEW YORK HELICOPTER,Lineas aereas
3167,Transporte Aéreo,AEROCONTINENTE AEROCONTINEN,AEROCONTINENTE AEROCONTINEN
3170,Transporte Aéreo,MOUNT COOK,Lineas aereas
3171,Transporte Aéreo,CANADIAN AIRLINES,Lineas aereas
3172,Transporte Aéreo,NATION AIR,Lineas aereas
3174,Transporte Aéreo,JETBLUE AIRWAYS JETBLUE,JETBLUE AIRWAYS JETBLUE
3175,Transporte Aéreo,MIDDLE EAST AIR,Lineas aereas
3176,Transporte Aéreo,METROFLIGHT AIRLINES,Lineas aereas
3177,Transporte Aéreo,AIRTRAN AIRWAYS AIRTRANAIR,AIRTRAN AIRWAYS AIRTRANAIR
3178,Transporte Aéreo,MESA AIR,Lineas aereas
3180,Transporte Aéreo,A WESTJET AIRLINES WESTJETAIR,A WESTJET AIRLINES WESTJETAIR
3181,Transporte Aéreo,MALEV HUNGARIAN AIRLINES,Lineas aereas
3182,Transporte Aéreo,LOT- POLISH AIRLINES,Lineas aereas
3183,Transporte Aéreo,A OMAN AVIATION SERVICES OMANAIR,A OMAN AVIATION SERVICES OMANAIR
3184,Transporte Aéreo,LIAT,Lineas aereas
3185,Transporte Aéreo,LAV LINEA AEROPOSTAL VENEZOLANA,Lineas aereas
3186,Transporte Aéreo,LAP LINEAS AEREAS PARAGUAYAS,Lineas aereas
3187,Transporte Aéreo,LACSA (COSTA RICA),Lineas aereas
3188,Transporte Aéreo,A VIRGIN EXPRESS VIRGINEXPAIR,A VIRGIN EXPRESS VIRGINEXPAIR
3190,Transporte Aéreo,JUGOSLAV AIR,Lineas aereas
3191,Transporte Aéreo,ISLAND AIRLINES,Lineas aereas
3192,Transporte Aéreo,IRAN AIR,Lineas aereas
3193,Transporte Aéreo,INDIAN AIRLINES,Lineas aereas
3196,Transporte Aéreo,HAWAIIAN AIR,Lineas aereas
3197,Transporte Aéreo,HAVASU AIRLINESS,Lineas aereas
3200,Transporte Aéreo,GUYANA AIRWAYS,Lineas aereas
3203,Transporte Aéreo,GOLDEN PACIFIC AIR,Lineas aereas
3204,Transporte Aéreo,FREEDOM AIRLINES,Lineas aereas
3206,Transporte Aéreo,CHINA EASTERN AIRLINES CHINEASTAIR,CHINA EASTERN AIRLINES CHINEASTAIR
3211,Transporte Aéreo,A NORWEGIAN AIR SHUTTLE NORWEGIANAIR,A NORWEGIAN AIR SHUTTLE NORWEGIANAIR
3212,Transporte Aéreo,DOMINICANA DE AVIACION,Lineas aereas
3213,Transporte Aéreo,* A MALMO AVIATION MALMO AIR,* A MALMO AVIATION MALMO AIR
3215,Transporte Aéreo,DAN AIR SERVICES,Lineas aereas
3216,Transporte Aéreo,CUMBERLAND AIRLINES,Lineas aereas
3217,Transporte Aéreo,CSA CESKOSLOVENSKE AEROLINIE,Lineas aereas
3218,Transporte Aéreo,CROWN AIR,Lineas aereas
3219,Transporte Aéreo,COMPAÑIA PANAMEÑA DE AVIACION(COPA),Lineas aereas
3220,Transporte Aéreo,COMPAÑIA FAUCETT,Lineas aereas
3221,Transporte Aéreo,TRANSPORTES AEROS MILITARES ECUATORIANOS,Lineas aereas
3222,Transporte Aéreo,COMMAND AIRWAYS,Lineas aereas
3223,Transporte Aéreo,COMAIR,Lineas aereas
3226,Transporte Aéreo,* A SKYWAYS SKYWAYS AIR,* A SKYWAYS SKYWAYS AIR
3228,Transporte Aéreo,CAYMAN AIRWAYS,Lineas aereas
3229,Transporte Aéreo,SAETA (SOCIEDAD ECUATORIANA DE TRANSPORTE AEREO),Lineas aereas
3231,Transporte Aéreo,SAHSA (SERVICIO AERO DE HONDURAS),Lineas aereas
3233,Transporte Aéreo,CAPITOL AIR,Lineas aereas
3234,Transporte Aéreo,BWIA INTERNATIONAL,Lineas aereas
3235,Transporte Aéreo,BROCKWAY AIR,Lineas aereas
3236,Transporte Aéreo,* A AIR ARABIA AIRLINE AIRARABIAAIR,* A AIR ARABIA AIRLINE AIRARABIAAIR
3238,Transporte Aéreo,BEMIDJI AIRLINES,Lineas aereas
3239,Transporte Aéreo,BAR HARBOR AIRLINES,Lineas aereas
3240,Transporte Aéreo,BAHAMASAIR,Lineas aereas
3241,Transporte Aéreo,AVIATECA (GUATEMALA),Lineas aereas
3242,Transporte Aéreo,AVENSA,Lineas aereas
3243,Transporte Aéreo,AUSTRIAN AIR SERVICE,Lineas aereas
3245,Transporte Aéreo,* A EASYJET EASYJET AIR,* A EASYJET EASYJET AIR
3246,Transporte Aéreo,* A RYANAIR RYANAIR,* A RYANAIR RYANAIR
3247,Transporte Aéreo,* A GOL AIRLINES GOL AIR,* A GOL AIRLINES GOL AIR
3248,Transporte Aéreo,* A TAM AIRLINES TAM AIR,* A TAM AIRLINES TAM AIR
3251,Transporte Aéreo,ALOHA AIRLINES,Lineas aereas
3252,Transporte Aéreo,ALM ANTILEAN AIRLINES,Lineas aereas
3253,Transporte Aéreo,AMERICAN WEST,Lineas aereas
3254,Transporte Aéreo,TRUMP AIRLINE,Lineas aereas
3256,Transporte Aéreo,ALASKA AILINES INC,Lineas aereas
3259,Transporte Aéreo,AMERICAN TRANS AIR,Lineas aereas
3260,Transporte Aéreo,* A SPIRIT AIRLINES SPIRIT AIR,* A SPIRIT AIRLINES SPIRIT AIR
3261,Transporte Aéreo,AIR CHINA,Lineas aereas
3262,Transporte Aéreo,RENO AIR INC,Lineas aereas
3263,Transporte Aéreo,AERO SERVICIO CARABOBO,Lineas aereas
3266,Transporte Aéreo,AIR SEYCHELLES,Lineas aereas
3267,Transporte Aéreo,AIR PANAMA INTERNATINAL,Lineas aereas
3280,Transporte Aéreo,AIR JAMAICA,Lineas aereas
3282,Transporte Aéreo,AIR DJIBOUTI,Lineas aereas
3284,Transporte Aéreo,AERO VIRGIN ISLANDS,Lineas aereas
3285,Transporte Aéreo,AERO PERU,Lineas aereas
3286,Transporte Aéreo,AERO NICARAGUENSES,Lineas aereas
3287,Transporte Aéreo,AERO COACH AVIATION,Lineas aereas
3292,Transporte Aéreo,CYPRUS AIRWAYS,Lineas aereas
3293,Transporte Aéreo,ECUATORIANA,Lineas aereas
3294,Transporte Aéreo,ETHIOPIAN AIRLINES,Lineas aereas
3295,Transporte Aéreo,KENYA AIRWAYS,Lineas aereas
3297,Transporte Aéreo,TAROM ROMANIAN AIR,TAROM ROMANIAN AIR
3298,Transporte Aéreo,AIR MAURITIUS,Lineas aereas
3299,Transporte Aéreo,WIDEROES FLYVESELSKAP,Lineas aereas
3351,Renta de Autos,RENTA DE AUTOS CON MEMBRESIA,Agencias De un Alquiler de coches
3352,Renta de Autos,AMERICAN INTERNATIONAL,Agencias De un Alquiler de coches
3353,Renta de Autos,BROOKS RENT-A-CAR,Agencias De un Alquiler de coches
3354,Renta de Autos,ACTION AUTO RENTAL,Agencias De un Alquiler de coches
3357,Renta de Autos,HERTZ CORPORATION,Agencias De un Alquiler de coches
3359,Renta de Autos,PAYLESS CAR RENTAL,Agencias De un Alquiler de coches
3360,Renta de Autos,SNAPPY CAR RENTAL,Agencias De un Alquiler de coches
3361,Renta de Autos,AIRWAYS RENT-A-CAR,Agencias De un Alquiler de coches
3362,Renta de Autos,ALTRA AUTO RENTAL,Agencias De un Alquiler de coches
3364,Renta de Autos,AGENCY RENT-A-CAR,Agencias De un Alquiler de coches
3366,Renta de Autos,BUDGET RENT-A-CAR,Agencias De un Alquiler de coches
3368,Renta de Autos,HOLIDAY RENT-A-CAR,Agencias De un Alquiler de coches
3370,Renta de Autos,RENT A WRECK,Agencias De un Alquiler de coches
3374,Renta de Autos,ACCENT RENT-A-CAR,ACCENT RENT-A-CAR
3376,Renta de Autos,AJAX RENT-A-CAR,Agencias De un Alquiler de coches
3380,Renta de Autos,TRIANGLE RENT-A-CAR,TRIANGLE RENT-A-CAR
3381,Renta de Autos,EUROP CAR,Agencias De un Alquiler de coches
3385,Renta de Autos,TROPICAL RENT-A-CAR,Agencias De un Alquiler de coches
3386,Renta de Autos,SHOWCASE RENTAL CARS,Agencias De un Alquiler de coches
3387,Renta de Autos,ALAMO RENT-A-CAR,Agencias De un Alquiler de coches
3388,Renta de Autos,MERCHANTS RENT-A-CAR,MERCHANTS RENT-A-CAR
3389,Renta de Autos,AVIS RENT-A-CAR,Agencias De un Alquiler de coches
3390,Renta de Autos,DOLLAR RENT-A-CAR,Agencias De un Alquiler de coches
3391,Renta de Autos,EUROPE BY CAR,Agencias De un Alquiler de coches
3393,Renta de Autos,NATIONAL CAR RENTAL,Agencias De un Alquiler de coches
3394,Renta de Autos,KEMWELL GROUP RENT-A-CAR,Agencias De un Alquiler de coches
3395,Renta de Autos,THRIFTY RENT-A-CAR,Agencias De un Alquiler de coches
3396,Renta de Autos,TILDEN RENT-A-CAR,Agencias De un Alquiler de coches
3398,Renta de Autos,ECONO CAR RENT-A-CAR,Agencias De un Alquiler de coches
3400,Renta de Autos,AUTO HOST CAR RENTAL,Agencias De un Alquiler de coches
3405,Renta de Autos,ENTERPRICE RENT-A-CAR,Agencias De un Alquiler de coches
3409,Renta de Autos,GENERAL RENT-A-CAR,Agencias De un Alquiler de coches
3412,Renta de Autos,A1 RENT-A-CAR,Agencias De un Alquiler de coches
3414,Renta de Autos,GODFREY NATIONAL RENT-A-CAR,Agencias De un Alquiler de coches
3420,Renta de Autos,ANSA INTERNATIONAL,Agencias De un Alquiler de coches
3421,Renta de Autos,ALLSTATE RENT-A-CAR,Agencias De un Alquiler de coches
3423,Renta de Autos,AVCAR RENT-A-CAR,Agencias De un Alquiler de coches
3425,Renta de Autos,AUTOMATE RENT-A-CAR,Agencias De un Alquiler de coches
3427,Renta de Autos,AVON RENT-A-CAR,Agencias De un Alquiler de coches
3428,Renta de Autos,CAREY RENT-A-CAR,Agencias De un Alquiler de coches
3429,Renta de Autos,INSURANCE RENT-A-CAR,Agencias De un Alquiler de coches
3430,Renta de Autos,MAJOR RENT-A-CAR,Agencias De un Alquiler de coches
3431,Renta de Autos,REPLACEMENT RENT-A-CAR,Agencias De un Alquiler de coches
3432,Renta de Autos,RESERVE RENT-A-CAR,Agencias De un Alquiler de coches
3433,Renta de Autos,UGLY DUCKLING RENT-A-CAR,Agencias De un Alquiler de coches
3434,Renta de Autos,USA RENT-A-CAR,Agencias De un Alquiler de coches
3435,Renta de Autos,VALUE RENT-A-CAR,Agencias De un Alquiler de coches
3436,Renta de Autos,AUTOHANSA RENT-A-CAR,Agencias De un Alquiler de coches
3437,Renta de Autos,CITE RENT-A-CAR,Agencias De un Alquiler de coches
3438,Renta de Autos,INTERENT RENT-A-CAR,Agencias De un Alquiler de coches
3439,Renta de Autos,MILLEVILLE RENT-A-CAR,Agencias De un Alquiler de coches
3441,Renta de Autos,ADVANTAGE RENT-A-CAR,ADVANTAGE RENT-A-CAR
3501,Hoteles,"HOLIDAY INNS, (HOLIDAY INNS EXPRESS)","Alojamiento De H -- Hoteles, Moteles, Recursos"
3502,Hoteles,BEST WESTERN HOTELS,"Alojamiento De H -- Hoteles, Moteles, Recursos"
3503,Hoteles,SHERATON HOTELS,"Alojamiento De H -- Hoteles, Moteles, Recursos"
3504,Hoteles,HILTON HOTELS,"Alojamiento De H -- Hoteles, Moteles, Recursos"
3505,Hoteles,FORTE HOTELS,"Alojamiento De H -- Hoteles, Moteles, Recursos"
3506,Hoteles,GOLDEN TULIP HOTELS,"Alojamiento De H -- Hoteles, Moteles, Recursos"
3507,Hoteles,FRIENDSHIP INNS,"Alojamiento De H -- Hoteles, Moteles, Recursos"
3508,Hoteles,"QUALITY INNS, (QUALITY SUITES)","Alojamiento De H -- Hoteles, Moteles, Recursos"
3509,Hoteles,MARRIOTT HOTELS,"Alojamiento De H -- Hoteles, Moteles, Recursos"
3510,Hoteles,DAYS INNS,"Alojamiento De H -- Hoteles, Moteles, Recursos"
3511,Hoteles,ARABELLA HOTELS,"Alojamiento De H -- Hoteles, Moteles, Recursos"
3512,Hoteles,INTERCONTINENTAL HOTELS,"Alojamiento De H -- Hoteles, Moteles, Recursos"
3513,Hoteles,WESTIN HOTELS,"Alojamiento De H -- Hoteles, Moteles, Recursos"
3514,Hoteles,AMERISUITES,"Alojamiento De H -- Hoteles, Moteles, Recursos"
3515,Hoteles,RODEWAY INNS,"Alojamiento De H -- Hoteles, Moteles, Recursos"
3516,Hoteles,LA QUINTA MOTOR INNS,"Alojamiento De H -- Hoteles, Moteles, Recursos"
3517,Hoteles,AMERICAN HOTELS,"Alojamiento De H -- Hoteles, Moteles, Recursos"
3518,Hoteles,SOL HOTELS,"Alojamiento De H -- Hoteles, Moteles, Recursos"
3519,Hoteles,PULLMAN INTERNATIONAL HOTELS,"Alojamiento De H -- Hoteles, Moteles, Recursos"
3520,Hoteles,MERIDIEN HOTELS,"Alojamiento De H -- Hoteles, Moteles, Recursos"
3521,Hoteles,D ROYAL LAHAINA RESORTS,D ROYAL LAHAINA RESORTS
3521,Hoteles,D ROYAL LAHAINA RESORTS,D ROYAL LAHAINA RESORTS
3522,Hoteles,TOKYO HOTELS,"Alojamiento De H -- Hoteles, Moteles, Recursos"
3523,Hoteles,PENINSULA HOTELS,"Alojamiento De H -- Hoteles, Moteles, Recursos"
3524,Hoteles,WELCOMGROUP HOTELS,"Alojamiento De H -- Hoteles, Moteles, Recursos"
3525,Hoteles,DUNFEY HOTELS,"Alojamiento De H -- Hoteles, Moteles, Recursos"
3526,Hoteles,PRINCE HOTELS,"Alojamiento De H -- Hoteles, Moteles, Recursos"
3527,Hoteles,DOWNTOWNER PASSPORT,"Alojamiento De H -- Hoteles, Moteles, Recursos"
3528,Hoteles,"RED LION INNS, (THUNDERBIRD HOTELS), (RED LION HOTELS)","Alojamiento De H -- Hoteles, Moteles, Recursos"
3529,Hoteles,CP (CANADIAN PACIFIC) HOTELS,"Alojamiento De H -- Hoteles, Moteles, Recursos"
3530,Hoteles,RENAISSANCE HOTELS,"Alojamiento De H -- Hoteles, Moteles, Recursos"
3531,Hoteles,D KAUAI COCONUT BEACH RESORT,D KAUAI COCONUT BEACH RESORT
3531,Hoteles,D KAUAI COCONUT BEACH RESORT,D KAUAI COCONUT BEACH RESORT
3532,Hoteles,D ROYAL KONA RESORT,D ROYAL KONA RESORT
3533,Hoteles,HOTEL IBIS,"Alojamiento De H -- Hoteles, Moteles, Recursos"
3534,Hoteles,SOUTHERN PACIFIC HOTELS,"Alojamiento De H -- Hoteles, Moteles, Recursos"
3535,Hoteles,HILTON INTERNATIONAL,"Alojamiento De H -- Hoteles, Moteles, Recursos"
3536,Hoteles,AMFAC HOTELS,"Alojamiento De H -- Hoteles, Moteles, Recursos"
3537,Hoteles,ANA HOTELS,"Alojamiento De H -- Hoteles, Moteles, Recursos"
3538,Hoteles,CONCORDE HOTELS,"Alojamiento De H -- Hoteles, Moteles, Recursos"
3539,Hoteles,SUMMERFIELDS SUITES HOTELS,SUMMERFIELDS SUITES HOTELS
3540,Hoteles,IBEROTEL HOTELS,"Alojamiento De H -- Hoteles, Moteles, Recursos"
3541,Hoteles,HOTEL OKURA,"Alojamiento De H -- Hoteles, Moteles, Recursos"
3542,Hoteles,ROYAL HOTELS,"Alojamiento De H -- Hoteles, Moteles, Recursos"
3543,Hoteles,FOUR SEASONS HOTELS,"Alojamiento De H -- Hoteles, Moteles, Recursos"
3544,Hoteles,CIGA HOTELS,"Alojamiento De H -- Hoteles, Moteles, Recursos"
3545,Hoteles,SHANGRI-LA INTERNATIONAL,"Alojamiento De H -- Hoteles, Moteles, Recursos"
3546,Hoteles,SIERRA SUITES HOTELS,SIERRA SUITES HOTELS
3548,Hoteles,HOTELS MELIA,"Alojamiento De H -- Hoteles, Moteles, Recursos"
3549,Hoteles,AUBERGE DES GOVERNEURES,"Alojamiento De H -- Hoteles, Moteles, Recursos"
3550,Hoteles,REGAL 8 INNS,"Alojamiento De H -- Hoteles, Moteles, Recursos"
3551,Hoteles,MIRAGE HOTEL AND CASINO,MIRAGE HOTEL AND CASINO
3552,Hoteles,COAST HOTEL,"Alojamiento De H -- Hoteles, Moteles, Recursos"
3553,Hoteles,PARK INNS INTERNATIONAL,"Alojamiento De H -- Hoteles, Moteles, Recursos"
3554,Hoteles,D PINEHURST RESORT,D PINEHURST RESORT
3555,Hoteles,TREASURE ISLAND HOTEL AND CASINO,TREASURE ISLAND HOTEL AND CASINO
3556,Hoteles,D BARTON CREEK RESORT,D BARTON CREEK RESORT
3557,Hoteles,* D MANHATTAN EAST SUITE HOTEL,* D MANHATTAN EAST SUITE HOTEL
3558,Hoteles,JOLLY HOTELS,"Alojamiento De H -- Hoteles, Moteles, Recursos"
3561,Hoteles,GOLDEN NUGGET,GOLDEN NUGGET
3562,Hoteles,COMFORT INNS,"Alojamiento De H -- Hoteles, Moteles, Recursos"
3563,Hoteles,JOURNEY S END MOTELS,"Alojamiento De H -- Hoteles, Moteles, Recursos"
3564,Hoteles,SAM’S TOWN HOTEL AND CASINO,SAM’S TOWN HOTEL AND CASINO
3565,Hoteles,RELAX INNS,"Alojamiento De H -- Hoteles, Moteles, Recursos"
3566,Hoteles,* D GARDEN PLACE HOTEL,* D GARDEN PLACE HOTEL
3567,Hoteles,* D SOHO GRAND HOTEL,* D SOHO GRAND HOTEL
3568,Hoteles,LADBROKE HOTELS,"Alojamiento De H -- Hoteles, Moteles, Recursos"
3569,Hoteles,* D TRIBECA GRAND HOTEL,* D TRIBECA GRAND HOTEL
3570,Hoteles,FORUM HOTELS,"Alojamiento De H -- Hoteles, Moteles, Recursos"
3571,Hoteles,* D GRAND WAILEA RESORT,* D GRAND WAILEA RESORT
3572,Hoteles,MIYAKO HOTEL,"Alojamiento De H -- Hoteles, Moteles, Recursos"
3573,Hoteles,SANDMAN HOTELS,"Alojamiento De H -- Hoteles, Moteles, Recursos"
3574,Hoteles,VENTURE INN,"Alojamiento De H -- Hoteles, Moteles, Recursos"
3575,Hoteles,VAGABOND HOTELS,"Alojamiento De H -- Hoteles, Moteles, Recursos"
3576,Hoteles,* D LA QUINTA RESORT,* D LA QUINTA RESORT
3577,Hoteles,MANDARIN ORIENTAL HOTELS,"Alojamiento De H -- Hoteles, Moteles, Recursos"
3578,Hoteles,* D FRANKENMUTH BAVARIAN,* D FRANKENMUTH BAVARIAN
3579,Hoteles,HOTEL MERCURE,"Alojamiento De H -- Hoteles, Moteles, Recursos"
3580,Hoteles,* D HOTEL DEL CORONADO,* D HOTEL DEL CORONADO
3581,Hoteles,DELTA HOTELS,"Alojamiento De H -- Hoteles, Moteles, Recursos"
3582,Hoteles,CALIFORNIA HOTEL AND CASINO,CALIFORNIA HOTEL AND CASINO
3583,Hoteles,SAS HOTELS,"Alojamiento De H -- Hoteles, Moteles, Recursos"
3584,Hoteles,PRINCESS HOTELS INTENATIONAL,"Alojamiento De H -- Hoteles, Moteles, Recursos"
3585,Hoteles,HUNGAR HOTELS,"Alojamiento De H -- Hoteles, Moteles, Recursos"
3586,Hoteles,SOKOS HOTEL,"Alojamiento De H -- Hoteles, Moteles, Recursos"
3587,Hoteles,DORAL HOTELS,"Alojamiento De H -- Hoteles, Moteles, Recursos"
3588,Hoteles,HELMSLEY HOTELS,"Alojamiento De H -- Hoteles, Moteles, Recursos"
3589,Hoteles,* D DORAL GOLF RESORT,* D DORAL GOLF RESORT
3590,Hoteles,FAIRMONT HOTELS,"Alojamiento De H -- Hoteles, Moteles, Recursos"
3591,Hoteles,SONESTA HOTELS,"Alojamiento De H -- Hoteles, Moteles, Recursos"
3592,Hoteles,OMNI HOTELS,"Alojamiento De H -- Hoteles, Moteles, Recursos"
3593,Hoteles,CUNARD HOTELS,"Alojamiento De H -- Hoteles, Moteles, Recursos"
3594,Hoteles,* D ARIZONA BILTMORE,* D ARIZONA BILTMORE
3595,Hoteles,HOSPITALITY INNS,"Alojamiento De H -- Hoteles, Moteles, Recursos"
3596,Hoteles,* D WYNN LAS VEGAS,* D WYNN LAS VEGAS
3597,Hoteles,* D RIVERSIDE RESORT HOTEL AND CASINO,* D RIVERSIDE RESORT HOTEL AND CASINO
3598,Hoteles,REGENT INTERNATIONAL HOTEL,"Alojamiento De H -- Hoteles, Moteles, Recursos"
3599,Hoteles,PANNONIA HOTELS,"Alojamiento De H -- Hoteles, Moteles, Recursos"
3603,Hoteles,NOAH S HOTEL,"Alojamiento De H -- Hoteles, Moteles, Recursos"
3612,Hoteles,MOVENPICK HOTELS,"Alojamiento De H -- Hoteles, Moteles, Recursos"
3615,Hoteles,TRAVELODGE,"Alojamiento De H -- Hoteles, Moteles, Recursos"
3620,Hoteles,BINION’S HORSESHOE CLUB,BINION’S HORSESHOE CLUB
3622,Hoteles,MERLIN HOTEL GROUP,"Alojamiento De H -- Hoteles, Moteles, Recursos"
3623,Hoteles,DORINT HOTELS,"Alojamiento De H -- Hoteles, Moteles, Recursos"
3624,Hoteles,LADY LUCK HOTEL AND CASINO,LADY LUCK HOTEL AND CASINO
3625,Hoteles,HOTEL UNIVERSALE,"Alojamiento De H -- Hoteles, Moteles, Recursos"
3628,Hoteles,EXCALIBUR HOTEL AND CASINO,EXCALIBUR HOTEL AND CASINO
3629,Hoteles,DAN HOTELS,"Alojamiento De H -- Hoteles, Moteles, Recursos"
3631,Hoteles,SLEEP INN,SLEEP INN
3632,Hoteles,THE PHOENICIAN,THE PHOENICIAN
3633,Hoteles,RANK HOTELS,"Alojamiento De H -- Hoteles, Moteles, Recursos"
3634,Hoteles,SWISSOTEL,"Alojamiento De H -- Hoteles, Moteles, Recursos"
3635,Hoteles,RESO HOTEL,"Alojamiento De H -- Hoteles, Moteles, Recursos"
3636,Hoteles,SAROVA HOTELS,"Alojamiento De H -- Hoteles, Moteles, Recursos"
3637,Hoteles,RAMADA INNS,"Alojamiento De H -- Hoteles, Moteles, Recursos"
3638,Hoteles,"HOWARD JOHNSON INN, (HOWARD JOHNSON)","Alojamiento De H -- Hoteles, Moteles, Recursos"
3639,Hoteles,MOUNT CHARLOTTE THISTLE,"Alojamiento De H -- Hoteles, Moteles, Recursos"
3640,Hoteles,HYATT HOTELS,"Alojamiento De H -- Hoteles, Moteles, Recursos"
3641,Hoteles,SOFITEL HOTELS,"Alojamiento De H -- Hoteles, Moteles, Recursos"
3642,Hoteles,NOVOTEL HOTELS,"Alojamiento De H -- Hoteles, Moteles, Recursos"
3643,Hoteles,STEIGENBERGER HOTELS,"Alojamiento De H -- Hoteles, Moteles, Recursos"
3644,Hoteles,ECONOLODGES,"Alojamiento De H -- Hoteles, Moteles, Recursos"
3645,Hoteles,QUEENS MOAT HOUSES,"Alojamiento De H -- Hoteles, Moteles, Recursos"
3646,Hoteles,SWALLOW HOTELS,"Alojamiento De H -- Hoteles, Moteles, Recursos"
3647,Hoteles,HUSA HOTELS,"Alojamiento De H -- Hoteles, Moteles, Recursos"
3648,Hoteles,DE VERA HOTELS,"Alojamiento De H -- Hoteles, Moteles, Recursos"
3649,Hoteles,RADISSON HOTELS,"Alojamiento De H -- Hoteles, Moteles, Recursos"
3650,Hoteles,RED ROOF INNS,"Alojamiento De H -- Hoteles, Moteles, Recursos"
3651,Hoteles,IMPERIAL LONDON HOTELS,"Alojamiento De H -- Hoteles, Moteles, Recursos"
3652,Hoteles,EMBASSY HOTELS,"Alojamiento De H -- Hoteles, Moteles, Recursos"
3653,Hoteles,PENTA HOTELS,"Alojamiento De H -- Hoteles, Moteles, Recursos"
3654,Hoteles,LOEWS HOTELS,"Alojamiento De H -- Hoteles, Moteles, Recursos"
3655,Hoteles,SCANDIC HOTELS,"Alojamiento De H -- Hoteles, Moteles, Recursos"
3656,Hoteles,SARA HOTELS,"Alojamiento De H -- Hoteles, Moteles, Recursos"
3657,Hoteles,OBEROI HOTELS,"Alojamiento De H -- Hoteles, Moteles, Recursos"
3658,Hoteles,OTANI HOTELS,"Alojamiento De H -- Hoteles, Moteles, Recursos"
3659,Hoteles,TAJ HOTELS INTERNATIONAL,"Alojamiento De H -- Hoteles, Moteles, Recursos"
3660,Hoteles,KNIGHTS INN,"Alojamiento De H -- Hoteles, Moteles, Recursos"
3661,Hoteles,METROPOLE HOTELS,"Alojamiento De H -- Hoteles, Moteles, Recursos"
3662,Hoteles,CIRCUS CIRCUS HOTEL AND CASINO,CIRCUS CIRCUS HOTEL AND CASINO
3663,Hoteles,HOTELES EL PRESIDENTE,"Alojamiento De H -- Hoteles, Moteles, Recursos"
3664,Hoteles,FLAG INNS,"Alojamiento De H -- Hoteles, Moteles, Recursos"
3665,Hoteles,HAMPTON INN HOTELS,"Alojamiento De H -- Hoteles, Moteles, Recursos"
3666,Hoteles,STAKIS HOTELS,"Alojamiento De H -- Hoteles, Moteles, Recursos"
3667,Hoteles,LUXOR HOTEL AND CASINO,LUXOR HOTEL AND CASINO
3668,Hoteles,MARITIM HOTELS,"Alojamiento De H -- Hoteles, Moteles, Recursos"
3669,Hoteles,ELDORADO HOTEL AND CASINO,ELDORADO HOTEL AND CASINO
3670,Hoteles,ARCADE HOTELS,"Alojamiento De H -- Hoteles, Moteles, Recursos"
3671,Hoteles,ARCTIA HOTELS,"Alojamiento De H -- Hoteles, Moteles, Recursos"
3672,Hoteles,CAMPANITE HOTELS,"Alojamiento De H -- Hoteles, Moteles, Recursos"
3673,Hoteles,IBUSZ HOTELS,"Alojamiento De H -- Hoteles, Moteles, Recursos"
3674,Hoteles,RANTASIPI HOTELS,"Alojamiento De H -- Hoteles, Moteles, Recursos"
3675,Hoteles,INTERHOTEL CEDOK,"Alojamiento De H -- Hoteles, Moteles, Recursos"
3676,Hoteles,MONTE CARLO HOTEL AND CASINO,MONTE CARLO HOTEL AND CASINO
3677,Hoteles,CLIMAT DE FRANCE HOTELS,"Alojamiento De H -- Hoteles, Moteles, Recursos"
3678,Hoteles,CUMULUS HOTELS,"Alojamiento De H -- Hoteles, Moteles, Recursos"
3679,Hoteles,SILVER LEGACY HOTEL AND CASINO,SILVER LEGACY HOTEL AND CASINO
3680,Hoteles,HOTEIS OTHAN,"Alojamiento De H -- Hoteles, Moteles, Recursos"
3681,Hoteles,ADAMS MARK HOTELS,"Alojamiento De H -- Hoteles, Moteles, Recursos"
3682,Hoteles,SAJARA HOTEL AND CASINO,SAJARA HOTEL AND CASINO
3683,Hoteles,BRADBURY SUOTES,"Alojamiento De H -- Hoteles, Moteles, Recursos"
3684,Hoteles,BUDGET HOSTS INNS,"Alojamiento De H -- Hoteles, Moteles, Recursos"
3685,Hoteles,BUDGETEL INNS,"Alojamiento De H -- Hoteles, Moteles, Recursos"
3686,Hoteles,SUSSE CHALET,"Alojamiento De H -- Hoteles, Moteles, Recursos"
3687,Hoteles,CLARION HOTELS,"Alojamiento De H -- Hoteles, Moteles, Recursos"
3688,Hoteles,COMPRI HOTELS,"Alojamiento De H -- Hoteles, Moteles, Recursos"
3689,Hoteles,CONSORT HOTELS,"Alojamiento De H -- Hoteles, Moteles, Recursos"
3690,Hoteles,COURTYARD INNS,"Alojamiento De H -- Hoteles, Moteles, Recursos"
3691,Hoteles,DILLON INN,"Alojamiento De H -- Hoteles, Moteles, Recursos"
3692,Hoteles,DOUBLETREE HOTELS,"Alojamiento De H -- Hoteles, Moteles, Recursos"
3693,Hoteles,DRURY INN,"Alojamiento De H -- Hoteles, Moteles, Recursos"
3694,Hoteles,ECONOMY INNS OF AMERICA,"Alojamiento De H -- Hoteles, Moteles, Recursos"
3695,Hoteles,EMBASSY SUITES,"Alojamiento De H -- Hoteles, Moteles, Recursos"
3696,Hoteles,EXCEL INN,"Alojamiento De H -- Hoteles, Moteles, Recursos"
3697,Hoteles,FAIRFIELD HOTELS,"Alojamiento De H -- Hoteles, Moteles, Recursos"
3698,Hoteles,HARLEY HOTELS,"Alojamiento De H -- Hoteles, Moteles, Recursos"
3699,Hoteles,MIDWAY MOTOR LODGE,"Alojamiento De H -- Hoteles, Moteles, Recursos"
3700,Hoteles,MOTEL 6,"Alojamiento De H -- Hoteles, Moteles, Recursos"
3701,Hoteles,LA MANSION DEL RIO,LA MANSION DEL RIO
3702,Hoteles,THE REGISTRY HOTELS,"Alojamiento De H -- Hoteles, Moteles, Recursos"
3703,Hoteles,RESIDENCE INN,"Alojamiento De H -- Hoteles, Moteles, Recursos"
3704,Hoteles,ROYCE HOTELS,"Alojamiento De H -- Hoteles, Moteles, Recursos"
3705,Hoteles,SANDMAN INN,"Alojamiento De H -- Hoteles, Moteles, Recursos"
3706,Hoteles,SHITO INN,"Alojamiento De H -- Hoteles, Moteles, Recursos"
3707,Hoteles,SHONEY S INN,"Alojamiento De H -- Hoteles, Moteles, Recursos"
3708,Hoteles,VIRGIN RIVER HOTEL AND CASINO,VIRGIN RIVER HOTEL AND CASINO
3709,Hoteles,SUPER 8 MOTELS,"Alojamiento De H -- Hoteles, Moteles, Recursos"
3710,Hoteles,"RITZ CARLTON, THE","Alojamiento De H -- Hoteles, Moteles, Recursos"
3711,Hoteles,FLAG INNS (AUSTRALIA),"Alojamiento De H -- Hoteles, Moteles, Recursos"
3712,Hoteles,BUFFALO BILL’S HOTEL AND CASINO,BUFFALO BILL’S HOTEL AND CASINO
3713,Hoteles,QUALITY PACIFIC HOTEL,"Alojamiento De H -- Hoteles, Moteles, Recursos"
3714,Hoteles,FOUR SEASONS (AUSTRALIA) HOTELS,"Alojamiento De H -- Hoteles, Moteles, Recursos"
3715,Hoteles,FAIRFIELD INN,"Alojamiento De H -- Hoteles, Moteles, Recursos"
3716,Hoteles,CARLTON HOTELS,"Alojamiento De H -- Hoteles, Moteles, Recursos"
3717,Hoteles,CITY LODGE HOTELS,"Alojamiento De H -- Hoteles, Moteles, Recursos"
3718,Hoteles,KAROS HOTELS,"Alojamiento De H -- Hoteles, Moteles, Recursos"
3719,Hoteles,PROTEA HOTELS,"Alojamiento De H -- Hoteles, Moteles, Recursos"
3720,Hoteles,SOUTHERN SUN HOTELS,"Alojamiento De H -- Hoteles, Moteles, Recursos"
3721,Hoteles,CONRAD HOTELS,"Alojamiento De H -- Hoteles, Moteles, Recursos"
3722,Hoteles,WYNDHAM HOTELS,"Alojamiento De H -- Hoteles, Moteles, Recursos"
3723,Hoteles,RICA HOTELS,"Alojamiento De H -- Hoteles, Moteles, Recursos"
3724,Hoteles,INTER NOR HOTELS,"Alojamiento De H -- Hoteles, Moteles, Recursos"
3725,Hoteles,SEAPINES PLANTATION,"Alojamiento De H -- Hoteles, Moteles, Recursos"
3726,Hoteles,RIO SUITES,"Alojamiento De H -- Hoteles, Moteles, Recursos"
3727,Hoteles,BROADMOOR HOTEL,"Alojamiento De H -- Hoteles, Moteles, Recursos"
3728,Hoteles,BALLYS HOTEL AND CASINO,"Alojamiento De H -- Hoteles, Moteles, Recursos"
3729,Hoteles,JOHN ASCUAGAS NUGGET,"Alojamiento De H -- Hoteles, Moteles, Recursos"
3730,Hoteles,MGM GRAND HOTEL,"Alojamiento De H -- Hoteles, Moteles, Recursos"
3731,Hoteles,HARRAHS HOTELS AND CASINOS,"Alojamiento De H -- Hoteles, Moteles, Recursos"
3732,Hoteles,OPRYLAND HOTEL,"Alojamiento De H -- Hoteles, Moteles, Recursos"
3733,Hoteles,BOCA RATON RESORT,"Alojamiento De H -- Hoteles, Moteles, Recursos"
3734,Hoteles,HARVEY BRISTOL HOTELS,"Alojamiento De H -- Hoteles, Moteles, Recursos"
3735,Hoteles,MASTERS ECONOMY INNS,"Alojamiento De H -- Hoteles, Moteles, Recursos"
3736,Hoteles,COLORADO BELLE EDGEWATER RESORT,"Alojamiento De H -- Hoteles, Moteles, Recursos"
3737,Hoteles,RIVIERA HOTEL AND CASINO,"Alojamiento De H -- Hoteles, Moteles, Recursos"
3738,Hoteles,TROPICANA RESORT AND CASINO,"Alojamiento De H -- Hoteles, Moteles, Recursos"
3739,Hoteles,WOODSIDE HOTELS AND RESORTS,"Alojamiento De H -- Hoteles, Moteles, Recursos"
3740,Hoteles,MARRIOTT / TOWN PLACE SUITES,"Alojamiento De H -- Hoteles, Moteles, Recursos"
3741,Hoteles,MILLENNIUM BROADWAY HOTEL,"Alojamiento De H -- Hoteles, Moteles, Recursos"
3742,Hoteles,CLUB MED,"Alojamiento De H -- Hoteles, Moteles, Recursos"
3743,Hoteles,BILTMORE HOTEL AND SUITES,"Alojamiento De H -- Hoteles, Moteles, Recursos"
3744,Hoteles,CAREFREE RESORTS,"Alojamiento De H -- Hoteles, Moteles, Recursos"
3745,Hoteles,SAINT REGIS HOTEL,"Alojamiento De H -- Hoteles, Moteles, Recursos"
3746,Hoteles,ELIOT HOTELS,"Alojamiento De H -- Hoteles, Moteles, Recursos"
3747,Hoteles,CLUB CORP/CLUB RESORTS,"Alojamiento De H -- Hoteles, Moteles, Recursos"
3748,Hoteles,WELLESLEY INNS,WELLESLEY INNS
3749,Hoteles,THE BEVERLY HILLS HOTEL,THE BEVERLY HILLS HOTEL
3750,Hoteles,CROWNE PLAZA HOTEL,"Alojamiento De H -- Hoteles, Moteles, Recursos"
3750,Hoteles,CROWNE PLAZA HOTELS,"Alojamiento De H -- Hoteles, Moteles, Recursos"
3751,Hoteles,HOMEWOOD SUITES,HOMEWOOD SUITES
3752,Hoteles,PEABODY HOTELS,PEABODY HOTELS
3753,Hoteles,GREENBRIAR RESORTS,GREENBRIAR RESORTS
3754,Hoteles,AMELIA ISLAND PLANTATION,AMELIA ISLAND PLANTATION
3755,Hoteles,THE HOMESTEAD,THE HOMESTEAD
3756,Hoteles,SOUTH SEAS RESORTS,SOUTH SEAS RESORTS
3757,Hoteles,CANYON RANCH,CANYON RANCH
3758,Hoteles,KAHALA MANDARIN ORIENTAL HOTEL,KAHALA MANDARIN ORIENTAL HOTEL
3759,Hoteles,THE ORCHID AT MAUNA LANI,THE ORCHID AT MAUNA LANI
3760,Hoteles,HALEKULANI HOTEL/WAIKIKI PARC,HALEKULANI HOTEL/WAIKIKI PARC
3761,Hoteles,PRIMADONNA HOTEL AND CASINO,PRIMADONNA HOTEL AND CASINO
3762,Hoteles,WHISKEY PETE’S HOTEL AND CASINO,WHISKEY PETE’S HOTEL AND CASINO
3763,Hoteles,CHATEAU ELAN WINERY AND RESORT,CHATEAU ELAN WINERY AND RESORT
3764,Hoteles,BEAU RIVAGE HOTEL AND CASINO,BEAU RIVAGE HOTEL AND CASINO
3765,Hoteles,BELLAGIO,BELLAGIO
3766,Hoteles,FREMONT HOTEL AND CASINO,FREMONT HOTEL AND CASINO
3767,Hoteles,MAIN STREET STATION HOTEL AND CASINO,MAIN STREET STATION HOTEL AND CASINO
3768,Hoteles,SILVER STAR HOTEL AND CASINO,SILVER STAR HOTEL AND CASINO
3769,Hoteles,STRATOSPHERE HOTEL AND CASINO,STRATOSPHERE HOTEL AND CASINO
3770,Hoteles,SPRINGHILL SUITES,SPRINGHILL SUITES
3771,Hoteles,CAESAR’S HOTEL AND CASINO,CAESAR’S HOTEL AND CASINO
3772,Hoteles,NEMACOLIN WOODLANDS,NEMACOLIN WOODLANDS
3773,Hoteles,THE VENETIAN RESORT HOTEL CASINO,THE VENETIAN RESORT HOTEL CASINO
3774,Hoteles,NEW YORK-NEW YORK HOTEL +CASINO,NEW YORK-NEW YORK HOTEL +CASINO
3775,Hoteles,SAND’S RESORT,SAND’S RESORT
3776,Hoteles,NEVELE GRAND RESORT AND COUNTRY CLUB,NEVELE GRAND RESORT AND COUNTRY CLUB
3777,Hoteles,MANDALAY BAY RESORT,MANDALAY BAY RESORT
3778,Hoteles,FOUR POINTS HOTELS,FOUR POINTS HOTELS
3779,Hoteles,W HOTELS,W HOTELS
3780,Hoteles,D DISNEY RESORTS,D DISNEY RESORTS
3781,Hoteles,PATRICIA GRAND RESORT HOTELS,PATRICIA GRAND RESORT HOTELS
3782,Hoteles,ROSEN HOTELS AND RESORTS,ROSEN HOTELS AND RESORTS
3783,Hoteles,TOWN AND COUNTRY RESORT & CONVENTION CENTER,TOWN AND COUNTRY RESORT & CONVENTION CENTER
3784,Hoteles,FIRST HOSPITALITY HOTELS,FIRST HOSPITALITY HOTELS
3785,Hoteles,OUTRIGGER HOTELS AND RESORTS,OUTRIGGER HOTELS AND RESORTS
3786,Hoteles,OHANA HOTELS OF HAWAII,OHANA HOTELS OF HAWAII
3787,Hoteles,CARIBE ROYAL RESORTS,CARIBE ROYAL RESORTS
3788,Hoteles,ALA MOANA HOTEL,ALA MOANA HOTEL
3789,Hoteles,SMUGGLER’S NOTCH RESORT,SMUGGLER’S NOTCH RESORT
3790,Hoteles,RAFFLES HOTELS,RAFFLES HOTELS
3791,Hoteles,STAYBRIDGE SUITES,STAYBRIDGE SUITES
3792,Hoteles,CLARIDGE CASINO HOTEL,CLARIDGE CASINO HOTEL
3793,Hoteles,D FLAMINGO HOTELS,D FLAMINGO HOTELS
3794,Hoteles,GRAND CASINO HOTELS,GRAND CASINO HOTELS
3795,Hoteles,PARIS LAS VEGAS HOTEL,PARIS LAS VEGAS HOTEL
3796,Hoteles,D PEPPERMILL HOTEL CASINO,D PEPPERMILL HOTEL CASINO
3797,Hoteles,D ATLANTIC CITY HILTON RESORTS,D ATLANTIC CITY HILTON RESORTS
3798,Hoteles,D EMBASSY VACATION RESORT,D EMBASSY VACATION RESORT
3799,Hoteles,D HALE KOA HOTEL,D HALE KOA HOTEL
3802,Hoteles,THE PALACE HOTEL,"Alojamiento De H -- Hoteles, Moteles, Recursos"
4011,Transporte Terrestre de Pasajeros,FERROCARRILES,"Ferrocarriles contratados a operaciones de transporte de la carga. Para los ferrocarriles que proporcionan el transporte del pasajero, uso MCC 4112. Transporte"
4111,Otros,"TRANSBORDADORES, (TRANSPORTE LOCAL), (TRANSPORTE URBANO Y SUBURBANO DE PASAJEROS, INCLUYENDO TRANSBORDADORES )","Abastecedores de las rutas regulares del pasajero del excedente total local y suburbano del transporte y en horario regulares, incluyendo el transporte ferroviario del viajero. Para los taxis y los limousines, utilice MCC 4121; para las lineas del autobus, utilice MCC 4131. Transporte"
4112,Transporte Terrestre de Pasajeros,FERROCARRIL DE PASAJEROS,"Ferrocarriles que proporcionan sobre todo el transporte interurbano del pasajero. Tales ferrocarriles pueden o pueden no incluir comodidades de noche en el tren durante recorrido interurbano. Para los ferrocarriles que transportan la carga, uso MCC 4011. Transporte"
4119,Otros,SERVICIOS DE AMBULANCIA,Servicios del transporte de la emergencia con el personal entrenado que puede o puede no proporcionar el tratamiento medico de la emergencia en el camino a un hospital o a un abastecedor medico. Transporte
4121,Transporte Terrestre de Pasajeros,"LIMOSINAS, (TAXIS)",Servicios del transporte del automovil del pasajero que no funcione encendido un horario regular o una ruta establecida. Transporte
4131,Transporte Terrestre de Pasajeros,AUTOBUSES FORANEOS,"Los servicios del transporte del autobus del pasajero que funcionan encendido un excedente regular del horario predeterminaron las rutas. Para los operadores del autobus de la carta y del viaje, utilice MCC 4722. Transporte"
4214,Otros,"COMPAÑIAS DE - MUDANZAS Y ALMACENAJE , (FLETES – MAQUINARIA PESADA), (CONTENEDORES DE CARGA LOCAL Y FORANEOS), (ENTREGA DE PAQUETERIA - LOCAL), (FLETE","Servicios locales o interurbanos el acarrear que pueden o pueden tambien no proporcionar servicios del almacenaje. Para el almacenamiento de las mercancias de casa y almacenaje sin los servicios el acarrear, utilice MCC 4225. Para los mensajeros de paquetes, las mercancias, y los paquetes, utilizan MCC 4215. Transporte"
4215,Otros,"TRASLADOS - FLETES, (SERVICIOS DE MENSAJERIA)","Comerciantes que entregan cartas, paquetes y los paquetes individualmente tratados (excepto los E.E.U.U.. Servicio Postal -- MCC 9402). Para los comerciantes que proporcionan la entrega el acarrear de la carga, uso MCC 4214. Transporte"
4225,Otros,"ALMACENES, DEPOSITOS, (BODEGAS)","Abastecedores del almacenaje y del almacenamiento para los productos de la granja, el almacenaje refrigerado para los productos perecederos, y el almacenaje para las mercancias y los muebles de casa. Para los comerciantes que proporcionan el almacenaje local y los servicios el acarrear, uso MCC 4214. Transporte"
4411,Entretenimiento,"LINEAS DE CRUCEROS, (BARCOS DE VAPOR)","Comerciantes que proporcionan el transporte del pasajero en los mares abiertos o las aguas de tierra adentro con el fin de vacaciones o de placer. Tales comerciantes ofrecen tipicamente el alimento, la hospitalidad, y las comodidades de la cabina inclusivas en el precio, y funcionan las rutas predefinidas y anunciacioces. Para la compra antes del embarco de los boletos para las comodidades de la nave de travesia, utilice un TCC de las transacciones de X. For que originan en las localizaciones mercantil a bordo de la nave, por ejemplo, un almacen de ropa, una tienda de regalos, o un florist, utilizan un TCC de H. Transporte"
4457,Otros,"RENTA/ARRENDAMIENTO - YATES Y LANCHAS, (RENTA - YATES, LANCHAS)","Comerciantes que proporcionan sobre todo servicios del alquiler y del alquiler con opcion a compra del barco, incluyendo los barcos de pesca, los houseboats del no-equipo, los barcos de la vela, los powerboats, los esquis del jet, y los yates. Transporte"
4468,Otros,SERVICIO/ACCESORIOS – MARITIMOS,"Operadores de marinas. Los servicios proporcionados pueden incluir el alquiler del resbalon del barco, el almacenaje del barco, la limpieza del barco, la reparacion fortuita del barco, y la venta al por menor de fuentes marinas. Este MCC incluye a comerciantes situados en un marina que venden la gasolina para el uso del consumidor en barcos, y que no tienen un acuerdo mercantil separado de el del marina. Para los comerciantes de la estacion de gasolina situados en un marina que tienen un acuerdo mercantil separado de el del marina, uso MCC 5541. Transporte"
4511,Transporte Aéreo,"OTRAS LINEAS AEREAS -FLETES AEREOS- NO CLASIFICADAS, (CARGA AEREA, LINEAS AEREAS - NO CLASIFICADOS)",Solamente esas lineas aereas para los cuales un MCC unico no se ha senalado. Transporte
4582,Transporte Aéreo,"AEROPUERTOS, TERMINALES AEREAS","Comerciantes que funcionan y mantienen aeropuertos y campos del vuelo. Tales comerciantes pueden proporcionar la limpieza y los servicios porteriles, mantenimiento de aviones y reparaciones, almacenaje del avion en los aeropuertos, y alquiler del hangar del aeropuerto. Para los comerciantes situados dentro de un terminal del aeropuerto que venden el alimento, los periodicos, o los articulos del regalo o del recuerdo, utilice el MCC apropiado para ese negocio, tal como MCC 5812 (comiendo lugares y restaurantes), MCC 5994 (los distribuidores y los kioscos de periodicos de las noticias), o MCC 5947 (regalo, tarjeta, novedad, y las tiendas del recuerdo). Transporte"
4722,Agencias de Viajes,"AGENCIAS DE VIAJES, OPERADORAS DE VIAJES","Agencias de viajes que proporcionan sobre todo servicios de la informacion y de la reservacion del recorrido. venta de boletos a nombre de viajeros en la reservacion y marcan el espacio del avion, de la tierra, o de comodidades del transporte del mar o de alojamiento, incluyendo los vuelos planos, viajes del autobus, mar, los alquileres de coches, transporte del carril, y alojamiento. Tambien incluye a operadores de viaje que arreglan y montan los viajes para la venta a traves de un agente del recorrido o directamente el consumidor. Un viajero puede tambien reservar tales paquetes y excursiones del viaje a traves de una oficina o del boleto del hotel. Los ejemplos incluyen a las cartas del autobus y a operadores del autobus del viaje. Transporte"
4784,Peaje,"CUOTA - PUENTES, (CUOTAS Y TARIFAS - PUENTES Y CARRETERAS)","Empresas que recogen las cuotas de las casetas asociados a los caminos, a las carreteras, y a los puentes del peaje. Transporte"
4789,Transporte Aéreo,SERVICIOS DE TRANSPORTE -NO CLASIFICADO,"Companias que proporcionan transporte del pasajero no incluidos en otro giro. Tales servicios incluyen el transporte via los taxis y los carros traidos por caballo, los bicicleta-taxis, los tranvias aereos, los servicios del transporte de la lanzadera del aeropuerto, o los coches del cable. No incluye a servicio de transbordador, al transporte del autobus, a lineas de la travesia, a ferrocarriles del pasajero, y a comerciantes del servicio del taxi y del limousine. Transporte"
4812,Ventas al detalle (Retail),EQUIPOS DE TELECOMUNICACION INCLUYENDO VENTA DE TELEFONOS,"Los comerciantes que venden el equipo de las telecomunicaciones tal como telefonos, las maquinas de fax, los paginadores, los telefonos portatiles, y el otro equipo se relacionaron con las telecomunicaciones. Para las ventas del airtime de la telecomunicacion, utilice MCC 4814. Utilidades"
4814,Telecomunicaciones,"SERVICIOS DE TELECOMUNICACION INCLUYENDO, LLAMADAS TELEFONICAS LOCALES Y LARGA DISTANCIA, LLAMADAS CON TARJETAS DE CREDITO, TELEFONO CON LECTOR DE BAN",Los abastecedores de los servicios de telecomunicacion incluyendo llamadas telefonicas locales e interurbanas colocaron con los telefonos magneticos de la raya-lectura. Utilidades
4816,Otros,"RECEPTORES DE PAGOS ELECTRONICOS (VENTAS A TRAVES DE INTERNET), (SERVICIOS - RED DE COMPUTADORAS), (SERVICIOS DE INFORMACION POR COMPUTADORA)","Abastecedores de la red de ordenadores, de los servicios informativos, y de otros servicios en linea tales como tablon de anuncios electronico, E-mail, o acceso del Internet. Para los comerciantes que ofrecen productos o servicios via el Internet, utilice el MCC que describe lo mas mejor posible el producto o el servicio que es ofrecido. Para los comerciantes que proporcionan el audiotext (por ejemplo, ""telefonos directos psiquicos"") o servicios del videotext (por ejemplo, sitios de Internet de la charla del adulto), uso MCC 5967. Para los abastecedores de la computadora que programan y los servicios de proceso de datos, utilice MCC 7372. Utilidades"
4821,Telecomunicaciones,SERVICIOS – TELEGRAFO,Abastecedores del telegrafo y de otros servicios nonverbal de las comunicaciones del mensaje tales como cablegrams. Utilidades
4829,Otros,GIROS BANCARIOS/POSTALES,"Una transaccion en la cual se entregan o se ponen los fondos a disposicion un person(s) con excepcion del titular de tarjeta de la Mastercard que inicia la transferencia del dinero en una localizacion con excepcion de la localizacion en la cual se inicia la transferencia del dinero. Estas transacciones incluyen transacciones de la no-cara-a-cara por ejemplo, son facilitados a traves del Internet. Cualquier honorario cargado e incluido en la cantidad total de la transaccion se debe divulgar claramente al titular de tarjeta antes de terminar la transaccion, de acuerdo con la seccion 9,12,2,1 de la Mastercard Bylaws y reglas. Los miembros deben incluir la identidad y la localizacion del agente de transferencia del dinero que acepta la tarjeta y efectua la transaccion en el expediente de descriptor del aceptador de la tarjeta como el sitio donde la transaccion fue efectuada. Abastecedores De Servicio"
4899,Entretenimiento,PAGO DE SERVICIO POR TELEVISION CABLE/POR EVENTO,La conexion y la entrega en curso de la television y/o de la radio que programan en una suscripcion o una base del honorario. Utilidades
4900,Gobierno,"SERVICIOS GUBERNAMENTALES, AGUA, ELECTRICIDAD, SANITARIOS, PREDIAL, TENENCIA, IMPUESTOS Y DERECHOS","La generacion, la transmision, o la distribucion en curso de electrico o proveen de gas energia, servicios de la fuente del sistema del agua, o la coleccion y la disposicion de la basura. Para los comerciantes que proporcionan servicio de telecomunicacion, utilice MCC 4814. Utilidades"
5013,Ventas al detalle (Retail),"VEHICULOS DE MOTOR, ACCESORIOS Y AUTO PARTES","Distribuidores al por mayor de los accesorios del vehiculo de motor, de las herramientas, del equipo, y de nuevas piezas. Para el trabajo automotor de la reparacion, utilice MCC 7531 o 7538 como apropiados. Venda al por mayor a las distribuidores y a fabricantes"
5021,Ventas al detalle (Retail),MUEBLES PARA - OFICINA Y RECEPTORES DE PAGOS,"Fabricantes o distribuidores al por mayor de los muebles de oficinas (por ejemplo, escritorios, sillas, gabinetes, particiones, dejando de lado) y de los muebles comerciales (por ejemplo, tablas y sillas del restaurante, parque publico y muebles, pews de la iglesia, escritorios de la escuela, asientos constructivos del teatro). Para los comerciantes que fabrican o venden el equipo o muebles del hospital tales como camas, uso MCC 5047. Distribuidores y fabricantes al por mayor"
5039,Ventas al detalle (Retail),MATERIALES PARA LA CONSTRUCCION - NO CLASIFICADOS,"Distribuidores al por mayor de los materiales de construccion tales como edificios prefabricados, madera de construccion y cristal, metalwork arquitectonico, toldos, cercando, edificios del metal, y tanques septicos. Tales comerciantes pueden o pueden tambien no vender fuentes de la pintura y de la pintura. Para los comerciantes que venden sobre todo fuentes de la pintura y de la pintura, uso MCC 5198. Para los vendedores y las distribuidores del equipo usados en proyectos de construccion, utilice MCC 5046. Venda al por mayor a las distribuidores y a fabricantes"
5044,Ventas al detalle (Retail),"EQUIPOS DE - OFICINA, FOTOGRAFICO, FOTOCOPIADO Y MICROFILM","Distribuidores al por mayor de la oficina y del equipo fotografico tales como pelicula, cajas registradoras, maquinas de la fotocopia, maquinas del microfilm, camaras acorazadas y cajas fuertes, maquinas de escribir, maquinas de fax, maquinas sumadoras, y maquinas el enviar. Para los comerciantes de los muebles de oficinas, utilice MCC 5021. Para los comerciantes del material informatico, utilice MCC 5045. Venda al por mayor a las distribuidores y a fabricantes"
5045,Ventas al detalle (Retail),"COMPUTADORAS - EQUIPO PERIFERICO DE COMPUTADORAS, SOFTWARE","Distribuidores al por mayor del hardware, del software, y del equipo relacionado que pueden o pueden no conducir el trabajo de la reparacion. Los productos para la venta pueden incluir monitores de la computadora, accionamientos de disco, los cables, los teclados, las impresoras, los exploradores, los modems, los programas de computadora, y los accesorios y el equipo relacionados. Tales comerciantes pueden tambien vender los escritorios u otros muebles de oficinas disenados especificamente para el uso con las computadoras. Para los comerciantes que venden sobre todo muebles de la computadora, uso MCC 5021. Para los comerciantes que conducen sobre todo el trabajo de la reparacion, uso MCC 7379. Distribuidores y fabricantes al por mayor"
5046,Ventas al detalle (Retail),EQUIPO COMERCIAL - NO CLASIFICADO,"Distribuidores al por mayor de maquinas comerciales y del equipo no clasificados a otra parte. Los ejemplos incluyen servicio de alimento y las maquinas equipo para cocinar, las muestras de neon, los balances y las escalas, los armarios, los hornos comerciales y las microondas, los accesorios de la fuente de la soda, los accesorios del almacen, los mannequins, y de venta. Tales comerciantes pueden o pueden tambien no alquilarse o equipo de la renta. Para los comerciantes solamente alquiler o de la renta, utiliza MCC 7394. Distribuidores y fabricantes al por mayor"
5047,Ventas al detalle (Retail),"EQUIPO Y SUMINISTROS - HOSPITALES,(EQUIPO Y SUMINISTROS - LABORATORIO),(EQUIPO Y SUMINISTROS - OFTALMOLOGICOS),(EQUIPO Y SUMINISTROS - MEDICOS),(EQUIP","Distribuidores al por mayor del equipo de supervision, y otro del laboratorio, quirurgico, ortopedico, paciente del hospital, y de las sillas de la rueda, de los instrumentos medicos, de los dispositivos de la seguridad en el trabajo, de las camas del hospital, y de otras fuentes del hospital. Tambien incluye los abastecedores del laboratorio dental, ortopedicos, y las fuentes profesionales, equipo de diagnostico, las protesis de oido, los kits de primeros auxilios, equipo de la terapia, y las maquinas y las piezas de la radiografia. Para los comerciantes de los muebles tales como sillas, las tablas, y los estantes del compartimiento para los pasillos del hospital o las areas medicas o dentales de la recepcion, utilizan MCC 5021. Para los comerciantes de las fuentes de la limpieza del hospital, utilice MCC 2842. Venda al por mayor a las distribuidores y a fabricantes"
5051,Otros,CENTROS DE SERVICIO PARA EQUIPOS DE OFICINA,"Distribuidores al por mayor de los productos semielaborados del metal, excepto los metales preciosos. Los productos para la venta pueden incluir la tuberia y la tuberia del metal, lazos de la investigacion del alambre y de la bala, clavos, lingotes, las barras de aluminio, los carriles, el metal o las hojas, el metal de la tira, las barras del hierro, y la cuerda o el cable galvanizada de alambre. Tales comerciantes pueden funcionar con los almacenes (centros de servicio del metal) o sin los almacenes (oficinas de ventas de los metales). Para las distribuidores al por mayor de metales preciosos, utilice MCC 5094. Venda al por mayor a las distribuidores y a fabricantes"
5065,Ventas al detalle (Retail),PARTES Y EQUIPO ELECTRICO,"Distribuidores al por mayor de piezas y del equipo de comunicaciones electricos. Los productos para la venta pueden incluir bobinas electronicas, condensadores, condensadores electronicos, diodos, los dispositivos de semiconductor, el equipo de la direccion publica, y muestras electricas. Para los minoristas que venden el equipo electronico, uso MCC 5732. Para los minoristas que venden el equipo de las telecomunicaciones tal como telefonos y paginadores, uso MCC 4812. Distribuidores y fabricantes al por mayor"
5072,Refacciones y ferretería,DISTRIBUIDORES DE ARTICULOS DE FERRETERIA Y HERRAMIENTA MANUAL O ELECTRICA. NO DEPARTAMENTALES.,"Distribuidores al por mayor del hardware y de las laminas generales. Los productos para la venta pueden incluir los pernos, las tuercas, los remaches, los tornillos, los sujetadores, las herramientas de la mano, las cerraduras, las arandelas, las tachuelas, las grapas, los clavos, las sierras de la mano, las laminas de sierra, y las herramientas de la mano de la energia. Para los minoristas que venden el hardware, uso MCC 5251. Distribuidores y fabricantes al por mayor"
5074,Refacciones y ferretería,DISTRIBUIDORES DE ARTICULOS DE PLOMERIA Y CALEFACCION.,"Distribuidores al por mayor de la plomeria y equipo y fuentes hidraulicos de calefaccion. Los productos para la venta pueden incluir las valvulas, los accesorios, las guarniciones, las estufas de conveccion, las calderas, las mercancias de cobre amarillo, los hornos, las chimeneas prefabricadas, los radiadores y las piezas, los paneles y equipo de la calefaccion solar, y los calentadores de agua. Para las distribuidores del comerciante del equipo y las fuentes comerciales de refrigeracion, o las aplicaciones tales como gamas electricas o del gas y hornos comerciales, utilice MCC 5046. Venda al por mayor a distribuidores y los fabricantes"
5085,Ventas al detalle (Retail),ACCESORIOS INDUSTRIALES - NO CLASIFICADOS,"Distribuidores al por mayor de las fuentes industriales no a otra parte clasificadas. Los productos para la venta pueden incluir los abrasivos, los cojinetes, las cajas, las latas, los cajones, el corcho, juntas, ojales, las valvulas hidraulicas, las mangueras, los pistones, los pinones, los barriles, las botellas (cristal o plastico), las guarniciones industriales, cordaje, la guita y la cuerda, encierros de los metales, la tinta de las impresoras, el equipo lapidario, cenir del cuero, fuentes del molino, los cubos, las mercancias de goma, las fuentes de las impresoras del textil, y los tambores de acero. Distribuidores y fabricantes al por mayor"
5094,Ventas al detalle (Retail),"METALES Y PIEDRAS PRECIOSAS, RELOJERIA Y JOYERIA","Distribuidores al por mayor de la joyeria, de los relojes, de las piedras preciosas, y de los metales. Los productos para la venta pueden incluir joyeria del traje, los relojes y las piezas del reloj, los relojes, los cubiertos, las perlas, los diamantes y otras piedras de la gema, oro, platino y otros metales preciosos, y los trophies. Tales comerciantes pueden o pueden no conducir el trabajo de la reparacion. Para los comerciantes que conducen sobre todo el trabajo de la reparacion, uso MCC 7699. Para los minoristas de los articulos enumero aqui, utilizan MCC 5944. Distribuidores y fabricantes al por mayor"
5099,Ventas al detalle (Retail),BIENES DURADEROS - NO CLASIFICADOS,"Distribuidores al por mayor de las mercancias durables no a otra parte clasificadas. Los productos para la venta pueden incluir extintores, los armas de fuego, los accesorios de la iluminacion del gas, los monumentos y los marcadores del sepulcro, los cassettes previos de antemano, el haz de lena, productos asperos de la madera, las virutas de madera, las muestras no electricas, los instrumentos musicales, y equipaje. Para las distribuidores al por mayor de muestras electricas, utilice MCC 5065. Venda al por mayor a las distribuidores y a fabricantes"
5111,Ventas al detalle (Retail),"ARTICULOS DE ESCRITORIO, OFICINA Y PAPELERIA","Distribuidores al por mayor de los efectos de escritorio, de las fuentes de oficina, y del papel de la impresion y de escritura. Los productos para la venta pueden incluir formularios comerciales, las fuentes de la fotocopia, las tarjetas y las carpetas del archivo, las plumas, los lapices, los sobres, las cintas de la maquina de escribir y de la impresora, las carpetas del looseleaf, las ventas y los libros de recibo, y los albumes de foto y los libros de recuerdos. Para las distribuidores del comerciante de las maquinas de oficina tales como maquinas de escribir y fotocopiadoras, y para los comerciantes que proporcionan servicios de la fotocopia, uso MCC 5044. Para las distribuidores al por mayor de los muebles de oficinas, utilice MCC 5021. Venda al por mayor a las distribuidores y a fabricantes"
5122,Otros,"MEDICINAS, MEDICINAS DE PATENTE, FARMACOS DIVERSOS","Distribuidores al por mayor de la prescripcion y de drogas propietarias, de vitaminas, de articulos de tocador, de antiseptico, de vendajes, de productos farmaceuticos, de productos biologicos o relacionados, y de otros articulos pequenos miscelaneos tipicamente para la venta en almacenes de la droga. Para las distribuidores al por mayor de quirurgico, el hospital, o las fuentes dentales, utiliza MCC 5047. Distribuidores y fabricantes al por mayor"
5131,Ventas al detalle (Retail),MERCERIAS,"Distribuidores al por mayor de luniformes en general, Los productos para la venta pueden incluir estopilla, el material del drapery, el pano de las telas de la fibra de vidrio, de las cremalleras, natural o sintetico vendido por la yarda, los kits de la correa y del montaje de la hebilla, el atascamiento del textil, los botones, telas de punto, cordones, la cinta, los accesorios de la costura, el hilo, y los ajustes. , utilice MCC 5719. distribuidores y a fabricantes"
5137,Ventas al detalle (Retail),UNIFORMES - HOMBRES / MUJERES / NIÑOS,"Distribuidores al por mayor de la ropa trabajar-relacionada y de todos los tipos de uniformes para los hombres, las mujeres, y los ninos, incluyendo los zapatos, las ropas interiores y las capas, los casquillos y los vestidos de la graduacion, los uniformes para el atletismo y las actividades recreacionales tales como ballet clasico, karate, beisbol con pelota blanda y balompie, y uniformes privados o religiosos de la escuela. Para las distribuidores al por mayor del calzado comercial, uso 5139. Para los minoristas que venden ropa y los accesorios, utilice a comerciante al por menor mas apropiado MCC. Venda al por mayor a las distribuidores y a fabricantes"
5139,Ventas al detalle (Retail),CALZADO,"Distribuidores al por mayor de zapatos , incluyendo calzado atletico. Para los minoristas que venden calzado, uso MCC 5661. Distribuidores y fabricantes al por mayor"
5169,Ventas al detalle (Retail),PRODUCTOS QUIMICOS Y ALIACIONES - NO CLASIFICADOS,"Distribuidores al por mayor de los productos quimicos y de los productos aliados no a otra parte clasificados. Los productos para la venta se utilizan tipicamente para los propositos industriales. Los ejemplos incluyen los gases comprimidos y licuefechos industriales de los acidos, del amoniaco y del alcohol, pesados, aromaticos y otro de los productos quimicos, de la clorina, los detergentes, los anadidos del combustible y del aceite, las resinas, las sales, trementina, los sellantes, los productos quimicos del proofing del moho, los productos del alquitran del carbon, hielo seco, los colorantes, pegamento, gelatina, y los explosivos. Para los minoristas que venden fuegos artificiales, uso MCC 5999. Para los vendedores de productos quimicos y de soluciones para los propositos de la limpieza y del saneamiento, utilice MCC 2842. Venda al por mayor a las distribuidores y a fabricantes"
5172,Otros,PETROLEO Y PRODUCTOS DERIVADOS,"Distribuidores al por mayor del petroleo y de los productos de petroleo, tales como gas del butano, del petroleo crudo, del fuel-oil, de la gasolina, del keroseno, de los aceites y de las grasas lubricantes, y de la nafta. Incluyen a los comerciantes que proporcionan el avion que aprovisiona de combustible servicios tambien. Para los minoristas que venden el fuel-oil, el aceite de calefaccion, la madera, el carbon, o el propano del gas, uso MCC 5983. Distribuidores y fabricantes al por mayor"
5192,Ventas al detalle (Retail),"LIBROS, PERIODICOS Y REVISTAS","Fabricantes y distribuidores al por mayor de libros, de periodicos, de compartimientos, de diarios, y de periodicos. Las agencias del periodico tambien se incluyen. Para las impresoras o los editores al por mayor de libros, los periodicos, y los compartimientos, utilizan MCC 2741. Para los minoristas que venden los libros, uso MCC 5942. Distribuidores y fabricantes al por mayor"
5193,Ventas al detalle (Retail),"ACCESORIOS PARA FLORERIAS, FLORES E INVERNADEROS","Distribuidores al por mayor de flores, accion del cuarto de ninos y fuentes de los florists, flores frescas y artificiales, y plantas potted. Para las tiendas al por menor de la flor y de la planta, utilice MCC 5992. Venda al por mayor a las distribuidores y a fabricantes"
5198,Ventas al detalle (Retail),DISTRIBUIDOR DE PINTURAS Y BARNICES,"Distribuidores al por mayor de pinturas, de barnices, del papel pintado, y de fuentes. La linea de productos de tales comerciantes puede incluir colores y los pigmentos, los esmaltes, las lacas, los cepillos de la pintura, las cacerolas de la pintura, papel de lija, los panos de recogida, goma laca, los rodillos, y los rociadores. Para los minoristas que venden estos articulos, uso MCC 5231. Distribuidores y fabricantes al por mayor"
5199,Ventas al detalle (Retail),PERECEDEROS - NO CLASIFICADOS,"Distribuidores al por mayor de las mercancias no durables no a otra parte clasificadas. La linea de productos de tales comerciantes puede incluir productos alimenticios, mercancias de arte suspensiones de las ropas, el caucho de la espuma, el hielo, el caucho crudo, esponjas, bolsos del textil, la arpillera, productos de la lona, cestas, los regalos y las novedades, la accion del cuero y del corte, y otras mercancias de cuero excepto calzado. Para los comerciantes que venden sobre todo el calzado de cuero, uso MCC 5139. Para los minoristas que venden arte y hacen fuentes a mano, uso MCC 5970; para los vendedores de regalos y de novedades, utilice MCC 5947. Venda al por mayor a las distribuidores y a fabricantes"
5200,Ventas al detalle (Retail),ALMACEN DE ELECTRODOMESTICOS,"Los comerciantes se abren en el publico en general que venden una amplia gama de los productos y las fuentes caseros, tales como papel pintado, pintura, madera de construccion, las fuentes del jardin, equipo y las fuentes electricos y de la iluminacion, y el hogar adornando articulos. Estos comerciantes pueden tambien vender los productos ""acabados"" tales como fregaderos, gabinetes, y puertas asi como kits del ""hagalo usted mismo"". Tiendas Al por menor"
5211,Ventas al detalle (Retail),"CIMBRAS / MADERERIAS, (MATERIALES PARA CONSTRUCCION)","Comerciantes que venden la madera de construccion y otros materiales de construccion, incluyendo los centros del edificio que ofrecen sus productos a los contratistas mas bien que al publico en general. Los productos para la venta pueden incluir la madera de construccion, articulos de madera inacabados, encendiendo los materiales, concreto, arena, grava, edificio general o las fuentes electricas, los ladrillos, el cercar, pipa, fibra de vidrio, y el moldear. Para el almacen grande o el descuento la fuente casera almacena las cadenas frecuentadas por el publico en general, uso MCC 5200. Para los contratistas, utilice los servicios contraidos mas apropiados. Tiendas Al por menor"
5231,Ventas al detalle (Retail),"PAPEL TAPIZ, (PINTURAS Y PAPEL TAPIZ), (VIDRIERIAS)","Minoristas que venden fuentes del cristal, de la pintura y de la pintura, el papel pintado y fuentes que cuelgan, y otros materiales de la cubierta de pared. Para las distribuidores al por mayor de las fuentes de la pintura, utilice MCC 5039. Tiendas Al por menor"
5251,Refacciones y ferretería,"ARTICULOS DE FERRETERIA, PLOMERIA Y/O HERRAMIENTAS.","Los comerciantes que venden una gama completa del hardware proveen para la compra del publico en general. Los productos para la venta pueden incluir fuentes electricas del boleto pequeno, cableado, las tuercas, los pernos, los clavos, los tornillos, los martillos, los destornilladores y otras herramientas, arandelas, llaves, bombillas, soportes, y fuentes pequenos de la plomeria. Para el almacen grande o el descuento la fuente casera almacena las cadenas, uso MCC 5200. Tiendas Al por menor"
5261,Ventas al detalle (Retail),"ACCESORIOS - JARDIN, (ACCESORIOS - JARDININERIA),","Comerciantes que venden la accion del cuarto de ninos, arboles, arbustos, las plantas potted, las semillas, los bulbos, los pajotes, los acondicionadores del suelo, los fertilizantes, los pesticidas, las herramientas del jardin, y otras fuentes del jardin. Tiendas Al por menor"
5271,Ventas al detalle (Retail),DISTRIBUIDORES – CAMPERS Y REMOLQUES,"Comerciantes que venden nuevos y usados hogares moviles, piezas relacionadas, los accesorios, y el equipo. Tiendas Al por menor"
5300,Supermercados,CLUBES DE MAYORISTAS,"Almacenes que venden una variedad amplia de mercancia en bulto, y se concentran en precios bajos. Tales comerciantes pueden o pueden no tener requisitos de la calidad de miembro. Los productos para la venta pueden incluir fuentes de la casa y las aplicaciones, las fuentes y el equipo de oficina, la tienda de comestibles y perishables secos, la casa y los muebles de oficinas, electronica, y fuentes del automovil. Tiendas Al por menor"
5309,Ventas al detalle (Retail),TIENDAS LIBRES DE IMPUESTO,"Tiendas que venden una variedad de articulos del regalo y de la importacion que son tipicamente exentos de honorarios de encargo, tales como joyeria, de cosmeticos, de cigarrillos, y de licor. Generalmente, estos comerciantes estan situados dentro de los terminales y de los hoteles del aeropuerto. Tiendas Al por menor"
5310,Supermercados,TIENDAS DE DESCUENTO,"Comerciantes que venden una linea general de la mercancia con descuento. Los productos para la venta pueden incluir ropa, housewares, los mobiliarios caseros, los productos personales del cuidado, y electronica. Tales comerciantes funcionan tipicamente una tienda del jardin, tienen una localizacion primaria de la comprobacion en el frente del almacen, y promueven y anuncian precios bajos sobre una base en curso. Tiendas Al por menor"
5311,Supermercados,TIENDAS DEPARTAMENTALES,"Comercios mas grandes que venden una linea general de la mercancia de los departamentos que tienen generalmente contadores de comprobacion separados. Los productos para la venta pueden incluir ropa, los mobiliarios caseros, los muebles, electronica, los cosmeticos, los housewares, y los aparatos electrodomesticos importantes. Tiendas Al por menor"
5331,Supermercados,TIENDAS DE PARTICIPACION ESTATAL,"Comerciantes que ofrecen una seleccion variada pero limitada de la mercancia en la gama de precio bajo o popular. Tales almacenes no estan generalmente departamentalizados, no ofrecen tarjetas de marca propia o de credito, Los almacenes de variedad ofrecen la mercancia similar a esa vendida por los almacenes de descuento, pero funcionan en una escala mucho mas pequena. Tiendas Al por menor"
5399,Agregadores,AGREGADORES – VENTAS EN GENERAL,"Pequenos comercios que venden una linea general de la mercancia de los departamentos que tienen generalmente contadores de comprobacion separados. Los productos para la venta pueden incluir ropa, mercancias secas, el hardware, housewares, los mobiliarios caseros, electronica, muebles, y los cosmeticos. Tales comerciantes ofrecen cuentas de marca propia o de credito, entregan la mercancia, Los almacenes de mercancia general ofrecen la mercancia similar a esa vendida por los almacenes grandes, pero funcionan a una escala mucho mas pequena. Tiendas Al por menor"
5411,Supermercados,"AUTOSERVICIOS Y SUPERMERCADOS, ABARROTES EN GENERAL, ULTRAMARINOS","Comerciantes que venden una linea completa de la mercancia del alimento para la consumicion casera. Los productos alimenticios para la venta incluyen la tienda de comestibles, la carne, el producto, los productos lacteos, y conservado, congelado, preembalados, y los alimentos secos. Otros productos para la venta pueden incluir una seleccion limitada de housewares, de la limpieza y de productos que pulen, de productos personales de la higiene, de cosmeticos, de tarjetas de saludo, de libros, de compartimientos, de articulos de la casa, y de mercancias secas. Estos comerciantes pueden tambien funcionar departamentos especializados tales como en-almacenan el contador del deli, el contador de la carne, la farmacia, o el departamento floral. Para los almacenes de conveniencia que venden una seleccion limitada los productos o los articulos de la especialidad, del uso MCC 5499. Tiendas Al por menor"
5422,Misceláneos,"ABARROTES, MISCELANEAS, TIENDAS NATURISTAS, CARNICERIAS, PESCADERIAS, VERDULERIAS, TORTILLERIAS. NO TIENDAS DE CONVENIENCIA.","Los comerciantes que venden fresco, congelado, o las carnes curadas, y el pescado, los crustaceos, y otros mariscos, e incluyen a vendedores al por menor a granel de la carne para el almacenaje del congelador. Los mercados de carne incluidos en este MCC pueden matar sus propios animales, o compre la carne de otras. Para las tiendas de las aves de corral, utilice MCC 5499. Tiendas Al por menor"
5441,Ventas al detalle (Retail),"DULCERIAS, (PASTELERIAS Y CONFITERIAS), (SEMILLAS Y SIMILARES)","Los comerciantes que venden el caramelo, chocolate, tuercas, secaron las frutas, las palomitas, y otros dulces. Tiendas Al por menor"
5451,Ventas al detalle (Retail),"LECHERIAS, CREMERIAS, LACTEOS","Comerciantes que venden mercancias empaquetadas de productos lacteos. Los productos para la venta pueden incluir la mantequilla, el queso, el helado empaquetado, y la leche. Tiendas Al por menor"
5462,Ventas al detalle (Retail),PANADERIAS,"Los comerciantes que venden los articulos de panaderia, y preparan a menudo las mercancias en las mismas panaderias. Los productos para la venta pueden incluir los panecillos, el pan, las galletas, los bunuelos, los pasteles, las empanadas, y las tortas de la boda. Tiendas Al por menor"
5499,Ventas al detalle (Retail),"TIENDAS DE CONVENIENCIA, MINISUPER","Unidades comerciales a detalle dedicadas a la venta de productos para consumo humano inmediato, venden principalmente alimentos y bebidas, el surtido y diversidad de la mercancía es limitada. Pueden estar abiertas las 24 horas"
5511,Ventas al detalle (Retail),"DISTRIBUIDORES DE AUTOMOVILES (NUEVOS Y USADOS) - VENTA, ARRENDAMIENTO, SERVICIO, REPARACIONES, PARTES, (DISTRIBUIDORES DE CAMIONES (NUEVOS Y USADOS)","Companias que venden los automoviles, los carros, usados, y las furgonetas nuevos y usados. Estas companias pueden tambien hacer el trabajo de reparacion y cambio de refacciones y accesorios. Si el negocio primario del comerciante es reparacion, utilice MCC 7538. Automoviles y vehiculos"
5521,Ventas al detalle (Retail),"DISTRIBUIDORES DE AUTOMOVILES (SOLO USADOS), (DISTRIBUIDORES CAMIONES (SOLO USADOS))","Los comercios que venden automoviles y los carros solamente usados, sin ventas de vehiculos nuevos. Los vehiculos para la venta pueden incluir , las furgonetas, y los automoviles usados de la antig_x0081_edad o de la vendimia. Automoviles y vehiculos"
5532,Ventas al detalle (Retail),"LLANTAS - AUTOMOTORES, DISTRIBUIDOR DE LLANTAS - AUTOMOTORES","Comerciantes que venden los neumaticos automotores y del carro y las piezas relacionadas. Los almacenes automotores del neumatico tambien realizan servicios de la instalacion y de reparacion del neumatico. Para los comerciantes que se especializan en el neumatico que retrocede y reparacion, uso MCC 7534. Automoviles y vehiculos"
5533,Refacciones y ferretería,AUTOPARTES Y ACCESORIOS AUTOMOTRICES. NO AGENCIAS AUTOMOTRICES.,"Comerciantes que venden piezas, el equipo, y los accesorios del automovil. Los productos para la venta pueden incluir el aceite y los filtros de aceite, piezas, silenciadores, productos de limpieza, enchufes de chispa, encerando productos, desodorantes, los limpiadores del parabrisas, y la pintura. Estos comerciantes pueden o pueden tambien no vender una linea limitada de las estereofonias y de los altavoces del coche. Para los comerciantes que venden sobre todo estereofonias y altavoces del coche, uso MCC 5732. Automoviles y vehiculos"
5541,Gasolineras,"ESTACIONES DE SERVICIO, GASOLINERIAS, ESTACIONES DE SERVICIO PARA TODO TIPO DE TRANSPORTE (CON O SIN SERVICIOS AUXILIARES)","Comerciantes que venden el combustible para el uso del consumidor y pueden o pueden tambien no tener un almacen de conveniencia, lavado de coche, o un taller de reparaciones automotor, Para las estaciones de gasolina que venden el combustible por los dispensadores automatizados del combustible, utilice MCC 5542. Automoviles y vehiculos"
5542,Gasolineras,DISPENSADOR AUTOMATICO DE GASOLINA,"Comerciantes que venden gasolina automotora usando dispensadores automatizados tipicamente desatendidos del combustible, permitiendo a titulares de tarjeta comprar el combustible terminando la transaccion en la bomba. Automoviles y vehiculos"
5551,Ventas al detalle (Retail),"DISTRIBUIDORES DE YATES, BARCOS, LANCHAS","Comerciantes que venden el nuevo y usado watercraft, fuentes marinas, y los motores externos. Watercraft para la venta puede incluir las motoras, los powerboats, los barcos de vela, los barcos de pesca, y los barcos del agua-esqui. Automoviles y vehiculos"
5561,Ventas al detalle (Retail),"DISTRIBUIDORES DE CAMPERS, ( DISTRIBUIDOR DE ACCESORIOS PARA REMOLQUES), ( DISTRIBUIDOR DE REMOLQUES),(DISTRIBUIDORES DE REMOLQUES Y ACCESORIOS PARA A","Comerciantes que venden los campistas nuevos y usados y los acoplados recreacionales y para uso general. Los productos para la venta pueden tambien incluir acoplados del recorrido del automovil, acoplados pop-up de la tienda, y piezas y los accesorios relacionados. Para los distribuidores del hogar de motor, utilice MCC 5592. Automoviles y vehiculos"
5571,Ventas al detalle (Retail),DISTRIBUIDORES Y AGENCIAS - MOTOCICLETAS,"Comerciantes que venden las motocicletas, los scooters del motor, y los ciclomotores nuevos y usados, y piezas, equipo, y accesorios relacionados. Los productos para la venta pueden tambien incluir cascos y una seleccion limitada de la ropa del montar a caballo tal como chaquetas, pantalones, sombreros, y guantes. Automoviles y vehiculos"
5592,Ventas al detalle (Retail),DISTRIBUIDORES - CASAS RODANTES,"Comerciantes que venden nuevos y usados hogares de motor y piezas y los accesorios relacionados. Para el campista y los distribuidores recreacionales del acoplado, utilice MCC 5561. Automoviles y vehiculos"
5598,Ventas al detalle (Retail),DISTRIBUIDORES DE AUTOS PARA LA NIEVE,Se aplica exclusivamente a los comerciantes que venden nuevos y usados snowmobiles y piezas y los accesorios relacionados. Automoviles y vehiculos
5599,Ventas al detalle (Retail),"DISTRIBUIDORES DE AUTOMOTORES EN GENERAL, AVIONES, TRACTORES - NO CLASIFICADOS","Comerciantes que venden automotor nuevo y usado, avion, y vehiculos de la granja, piezas, equipo, y fuentes no a otra parte clasificadas. Los vehiculos para la venta pueden incluir los vehiculos todo terreno (ATVs), los cochecillos de la duna, los carros del golf, los ir-carros, los snowmobiles, los tractores, las cosechadoras, y cosechar maquinaria. Automoviles y vehiculos"
5611,Ventas al detalle (Retail),"BOUTIQUE - ROPA PARA NIÑOS,(ROPA - CABALLEROS Y NIÑOS),(BOUTIQUE - CABALLEROS Y NIÑOS)","Los comerciantes que venden a hombres y los muchachos listo-a-usan la ropa y los accesorios, incluyendo lazo y sombrero hacen compras. Almacenes El Arropar"
5621,Ventas al detalle (Retail),"(ROPA CASUAL - DAMAS), (BOUTIQUES ROPA CASUAL - DAMAS)","Comerciantes que venden una linea general de la ropa del desgaste del readyto- de las mujeres tal como vestidos, pantalones, juegos, y capas de las mujeres. Tambien se incluyen las tiendas de especialidad tales como esas que venden la ropa nupcial del desgaste o de la maternidad. Almacenes El Arropar"
5631,Ventas al detalle (Retail),"(BOUTIQUE ROPA - ESPECIAL), (BOUTIQUES - LENCERIAS)","Comerciantes que venden los accesorios de ropa de las mujeres, incluyendo los bolsos, los sombreros, joyeria del traje, las bufandas, las correas, los arcos y los barrettes del pelo, ropa interior, y la calceteria. Almacenes El Arropar"
5641,Ventas al detalle (Retail),"BOUTIQUES ROPA - NIÑOS Y BEBES, (ROPA - NIÑOS Y BEBES)","Comerciantes que venden los ninos y la ropa de los infantes, mobiliarios, y los accesorios. Almacenes El Arropar"
5651,Ventas al detalle (Retail),"BOUTIQUES ROPA - PARA TODA LA FAMILIA, (ROPA PARA TODA LA FAMILIA)","Comerciantes que venden lineas generales de los hombres, de las mujeres y de la ropa de los ninos, de los mobiliarios, y de los accesorios sin la especializacion en las ventas para una categoria particular del sexo o de edad. Este MCC incluye los pantalones vaqueros o los almacenes y el unisex de la ropa del dril de algodon hace compras. Almacenes El Arropar"
5655,Ventas al detalle (Retail),"ROPA - EQUITACION, (ROPA - DEPORTIVA), (ROPA - PARA DEPORTES)","Comerciantes que venden atletico, deportes y ropa del montar a caballo, y desgaste activo. Tales comerciantes pueden especializarse en ropa ecuestre, desgaste occidental, o motocross y desgaste de la motocicleta, y pueden o pueden tambien no vender los zapatos atleticos o los cargadores occidentales. Almacenes El Arropar"
5661,Ventas al detalle (Retail),ZAPATERIAS,"Comerciantes que venden a hombres, mujeres, o el calzado de los ninos, incluyendo calzado atletico. Los almacenes de zapato tambien llevan con frecuencia una seleccion limitada de bolsos, de calcetines, de los ornamentos del zapato, del pulimento del zapato, de guantes, y de la calceteria. Almacenes El Arropar"
5681,Ventas al detalle (Retail),PIELES FINAS,"Los comerciantes que venden sobre todo una variedad de articulos al por menor hicieron de la piel animal, incluyendo las capas, de las chaquetas, de los sombreros, y de los guantes. Almacenes El Arropar"
5691,Ventas al detalle (Retail),"ROPA PARA CABALLEROS Y DAMAS, (BOUTIQUES - ROPA PARA CABALLEROS Y DAMAS)",Comerciantes que venden sobre todo los hombres y la ropa y los accesorios de las mujeres. Estos comerciantes no venden el desgaste de los infantes y de los ninos. Almacenes El Arropar
5697,Ventas al detalle (Retail),"ALTA COSTURA - CABALLEROS Y DAMAS,(ALTA COSTURA - DAMAS),(SASTRES - DISEÑO Y COSTURA),(SASTRES Y ALTA COSTURA)","Los comerciantes que crean y venden la ropa por encargo, asi como proporcione las alteraciones, reparando, y la reparacion de la ropa, e incluye los que se especialicen en la restauracion de la ropa o la confeccion traje. Almacenes El Arropar"
5698,Ventas al detalle (Retail),PELUCAS Y BISOÑES,"Los comerciantes que venden los toupees, las pelucas, los hairpieces, y las extensiones permanentemente unidos o temporales del pelo para los hombres y las mujeres, e incluyen a los que proporcionan servicios pelo-que tejen. Para los comerciantes que proporcionan los servicios del reemplazo del pelo que requieren tecnicas quirurgicas, uso MCC 8099. Almacenes El Arropar"
5699,Ventas al detalle (Retail),"ROPA Y ACCESORIOS - MISCELANEOS, (ROPA - MISCELANEO)","Los comerciantes que de venden especializaron lineas la ropa (excepto la piel) y los accesorios que a otra parte no se clasifican. Incluyen a los comerciantes que se especializan en ropa tal como camisetas, el desgaste formal, y el traje de bano en este MCC. Para los comerciantes que venden sobre todo las pieles, uso MCC 5681. Almacenes El Arropar"
5712,Ventas al detalle (Retail),"MOBILIARIO ESPECIAL PARA EL HOGAR - MISCELANEO, (VENTAS DE EQUIPO),(MUEBLES, MOBILIARIO PARA EL HOGAR Y EQUIPOS (EXCEPTO ELECTRODOMESTICOS))","Comerciantes que venden los mobiliarios caseros, ofreciendo tipicamente una variedad amplia de productos y de accesorios acabados de los muebles. Los productos para la venta pueden incluir el lecho y los colchones, los muebles del sitio el vivir, los mobiliarios del portico y del patio, los mobiliarios del bebe, las lamparas, las mantas del area, y los draperies. Los almacenes de los mobiliarios caseros pueden tambien ofrecer una seleccion limitada de la electronica tal como televisiones, estereofonias, y VCRs. Para los comerciantes que venden sobre todo electronica, uso MCC 5732. Almacenes Miscelaneos"
5713,Ventas al detalle (Retail),ALFOMBRAS Y TAPETES,"Los comerciantes que venden cubiertas de piso tales como alfombrado, mantas del area, azulejo del piso, linoleo, piedra, madera, y ladrillo, y pueden o pueden tambien no realizar servicios de la instalacion. Si el comerciante conduce solamente instalaciones, utilice MCC 1799. Almacenes Miscelaneos"
5714,Ventas al detalle (Retail),"CORTINAS, CORTINEROS, (TAPICERIAS),","Comerciantes que venden draperies, las cortinas, las persianas venecianas, las cortinas de la ventana, y los materiales de la tapiceria. Para los comerciantes que los muebles sobre todo del reupholster o de la reparacion, utilizan MCC 7641. Almacenes Miscelaneos"
5718,Ventas al detalle (Retail),"ACCESORIOS PARA CHIMENEAS, CHIMENEAS","Comerciantes que venden chimeneas, las estufas de madera, las piezas de la chimenea, y los accesorios tales como herramientas y pantallas de la chimenea. Para los contratistas de piedra de la albanileria que construyen chimeneas, uso MCC 1740. Almacenes Miscelaneos"
5719,Ventas al detalle (Retail),"EQUIPAMIENTO PARA EL HOGAR, EXCEPTO ELECTRODOMESTICOS","Comerciantes que venden mobiliarios caseros miscelaneos. Los productos para la venta pueden incluir housewares, la cuchilleria, el lecho y el lino, las lamparas y las cortinas, los espejos, los cuadros, la ceramica, y articulos de ceramica. Para los comerciantes que venden sobre todo cristaleria y el cristal, uso MCC 5950. Almacenes Miscelaneos"
5722,Ventas al detalle (Retail),"ACCESORIOS - ELECTRODOMESTICOS, (ELECTRODOMESTICOS - NO CLASIFICADOS)","Comerciantes que venden aparatos electrodomesticos. Los productos para la venta pueden incluir el gas o las gamas y las estufas electricas, los hornos, los refrigeradores, los lavaplatos, los calentadores de agua, las arandelas, los secadores, las disposiciones de basura, las maquinas de costura, las unidades de aire acondicionado autonomas, y los aspiradores. Tales comerciantes pueden o pueden tambien no conducir el trabajo de la reparacion. Para los comerciantes que conducen sobre todo el trabajo de la reparacion, uso MCC 7623, MCC 7629, o MCC 7699 como apropiados. Almacenes Miscelaneos"
5732,Ventas al detalle (Retail),TIENDAS DE ELECTRONICA,"Los comerciantes que venden una variedad amplia de mercancias electronicas, y pueden tambien vender piezas o los accesorios para la reparacion, la construccion, o el montaje del equipo electronico. Los comerciantes electronicos de las ventas pueden o pueden tambien no conducir el trabajo de la reparacion. Los productos para la venta pueden incluir las televisiones, las radios, VCRs, las camaras de video, y los componentes estereos. Para los comerciantes que conducen solamente el trabajo de la reparacion de la electronica, uso MCC 7622. Para los comerciantes que venden sobre todo aparatos electrodomesticos tales como lavadoras, secadores de las ropas, y refrigeradores, uso MCC 5722. Almacenes Miscelaneos"
5733,Ventas al detalle (Retail),"TIENDAS DE MUSICA - INSTRUMENTOS MUSICALES, PIANOS, PARTITURAS","Los comerciantes que venden los instrumentos musicales, musica de la hoja, teclados, los libros de la instruccion, los pianos, las guitarras, y las fuentes y el equipo relacionados, y pueden ofrecer la instruccion musical. Para los comerciantes que proporcionan sobre todo la instruccion musical, uso MCC 8299. Almacenes Miscelaneos"
5734,Ventas al detalle (Retail),"TIENDAS DE SOFTWARE PARA COMPUTADORAS, (SOFTWARE - COMPUTADORAS)","Los comerciantes que venden los programas del software para el negocio y el uso personal, y pueden vender o renta una accion limitada del hardware o de otros productos relacionados. Para los comerciantes que el hardware sobre todo de la venta o de la renta u otros productos de la electronica, utiliza MCC 5732. Para los comerciantes que proporcionan servicios de proceso de datos y que consultan, uso MCC 7372. Almacenes Miscelaneos"
5735,Ventas al detalle (Retail),TIENDA DE DISCOS,"Los comerciantes que venden expedientes, los discos compactos (CDs), los cassettes, musica y los discos laser video, y el audio y las videocintas en blanco, y pueden alquilar las videocintas. Para los comerciantes que sobre todo las videocintas del alquiler, utilizan MCC 7841. Almacenes Miscelaneos"
5811,Ventas al detalle (Retail),ALIMENTOS - PROVEEDORES Y DISTRIBUIDORES,"Comerciantes que contraen con los consumidores para preparar y para entregar (tipicamente a una localizacion especificada) el alimento y las bebidas para la consumicion inmediata. Los abastecedores pueden o pueden tambien no proporcionar servicios de la limpieza, las tablas, el equipo que sirve, decoraciones, y a personal para la porcion en sitio y la limpieza general. Para los restaurantes que sirven sobre todo el alimento para la consumicion en las premisas, y tambien proporcione los servicios del abastecimiento, uso MCC 5812. Abastecedores De Servicio"
5812,Restaurantes,"RESTAURANTES, (CAFETERIAS)","Comerciantes que preparan el alimento y las bebidas para la consumicion inmediata, tipicamente en las premisas del comerciante. Tales comerciantes proporcionan servicio de la tabla de un camarero o de una camarera, y una propina se puede agregar a la cuenta. Para los comerciantes que venden los alimentos de preparacion rapida, uso MCC 5814. Para los comerciantes que venden las bebidas alcoholicas para la consumicion en las premisas, uso MCC 5813. Almacenes Miscelaneos"
5813,Restaurantes,"BARES - BEBIDAS ALCOHOLICAS, (TABERNAS), (DISCOTECAS),(SALON DE COCKTALES),(CENTROS NOCTURNOS)","Los comerciantes que venden las bebidas alcoholicas tales como vino, cerveza, cerveza inglesa, mezclaron bebidas, y otros licores y bebidas para la consumicion en las premisas. Los lugares el beber incluyen barras, jardines de la cerveza, microbreweries, las publicaciones, los taprooms, los salones del coctel, los discotheques, los nightclubs, los salones, las tabernas, los clubs de la comedia, y las barras del vino. Almacenes Miscelaneos"
5814,Comida Rápida,"RECEPTOR DE PAGOS QUE VENDE COMIDA PREPARADA PARA CONSUMO INMEDIATO EN SUS INSTALACIONES O PARA LLEVAR. RESTAURANTES DE COMIDA RÁPIDA PUEDEN TENER O NO VENTANILLAS PARA ORDENAR Y RECOGER LA COMIDA EN AUTOMÓVIL Y PUEDEN O NO PROPORCIONAR EL SERVICIO DE MESEROS PARA LLEVAR LA COMIDA A LA MESA. EN CUALQUIERA DE LOS CASOS, EL PEDIDO ES PAGADO EN EL MOSTRADOR, O EN LA VENTANILLA DE ACCESO DEL AUTOMÓVIL. Y SE SIRVEN DE FORMA PREPONDERANTE LOS SIGUIENTES PRODUCTOS ALIMENTICIOS: HAMBURGUESAS / HOT DOGS, PIZZAS, TACOS / TORTAS / QUESADILLAS, SÁNDWICHES / BAGUETTES, TAMALES, POLLO FRITO EMPANIZADO, DONAS, CAFÉ / TÉ, HELADOS.","Los comerciantes que venden prepararon el alimento y las bebidas para la consumicion inmediata en las premisas o empaquetado para el carryout. Los restaurantes de los alimentos de preparacion rapida pueden o pueden no funcionar por conducen -para arriba la ventana para ordenar y toman, y pueden o pueden no proporcionar servicio de la tabla un camarero o camarera. En cualquier caso, las ordenes son pagadas para en el contador o en conducen -para arriba la ventana. Los restaurantes de los alimentos de preparacion rapida incluyen los cafes, cafeterias, parrillas, tiendas de cafe, diners, salas de la pizza, barras del emparedado o las tiendas, deli hacen compras, y las tiendas del bocado. Si se proporciona el servicio de la tabla, una propina se puede agregar a la cuenta. Tales comerciantes no venden generalmente las bebidas alcoholicas. Almacenes Miscelaneos"
5912,Farmacias,"DROGUERIAS, (FARMACIAS)","Comerciantes que venden la prescripcion y drogas propietarias y medicinas (over-the-counter) del nonprescription. Los almacenes de la droga pueden tambien vender productos relacionados y miscelaneas tales como cosmeticos, articulos de tocador, tabaco, cojines de calefaccion, ayudas de la parte posteriora, mercancia de la novedad, tarjetas de saludo, y una fuente limitada de articulos del alimento. Los operadores de las fuentes de la soda o de los contadores del almuerzo dentro de almacenes de la droga deben tambien utilizar este MCC. Almacenes Miscelaneos"
5921,Ventas al detalle (Retail),"DEPOSITOS DE CERVEZAS, (VINATERIAS), (DEPOSITOS DE CERVEZAS, VINOS Y LICORES)","Los comerciantes que venden empaquetaron las bebidas alcoholicas tales como cerveza inglesa, cerveza, vino, y licor para la consumicion de las premisas. Tales comerciantes pueden o pueden tambien no vender una variedad limitada de articulos del bocado, los periodicos, y los compartimientos, o los articulos de tocador y las medicinas contrarias del overthe-. Para los comerciantes que venden el licor para la consumicion en las premisas, uso MCC 5813. Almacenes Miscelaneos"
5931,Ventas al detalle (Retail),"(TIENDAS DE ARTICULOS USADOS), (TIENDAS DE ARTICULOS DE SEGUNDA MANO)","Los comerciantes que venden utilizaron la mercancia o mercancias indirectas. Los productos para la venta pueden incluir los accesorios, los zapatos y la ropa, muebles, los libros, las bicicletas, los instrumentos musicales, las maquinas de costura, el equipo electronico, aplicaciones, y otros articulos de la casa. Tipicamente, los articulos para la venta se han donado o estan en el envio. Tales comerciantes pueden o pueden tambien no vender antig_x0081_edades. Para los comerciantes que venden sobre todo antig_x0081_edades, uso MCC 5932. Para los pawnshops, utilice MCC 5933. Almacenes Miscelaneos"
5932,Ventas al detalle (Retail),"TIENDAS DE ANTIGÜEDADES, BAZARES - VENTA, REPARACION, RESTAURACION","Comerciantes que venden antiguedades y pueden o pueden tambien no conducir un cierto trabajo de la reparacion o de la restauracion. Los productos para la venta pueden incluir muebles, joyeria, camaras fotograficas y el equipo fotografico, las herramientas, las ilustraciones, los libros, las aplicaciones, y otros articulos de la casa. Para los comerciantes que venden los automoviles antiguos, uso MCC 5521. Para los comerciantes que reparan o restauran sobre todo muebles antiguos, uso MCC 7641. Almacenes Miscelaneos"
5933,Ventas al detalle (Retail),CASAS DE EMPEÑO,"Comerciantes que prestan el dinero en el intercambio para la caracteristica personal a la izquierda con los comerciantes como seguridad. Las tiendas de empeno pueden, sobre el defecto del prestamo, vender la caracteristica al publico en general. La caracteristica dejada como seguridad puede incluir articulos tales como joyeria, relojes, instrumentos musicales, bicicletas, muebles, monedas, y equipo del camara fotografico y fotografico. Almacenes Miscelaneos"
5935,Ventas al detalle (Retail),VENTAS DE SALDOS,"Comerciantes que proporcionan los servicios arruinadores y que salvan para los vehiculos, el equipo, y otros articulos. Tales comerciantes pueden o pueden no proporcionar servicios de la recogida y del remolque. Para los comerciantes que proporcionan sobre todo servicios del remolque, uso MCC 7549. Almacenes Miscelaneos"
5937,Ventas al detalle (Retail),REPRODUCCION DE ANTIGÜEDADES - VENTA,"Comerciantes que venden reproducciones o facsimiles antiguos. Los articulos para la venta pueden incluir la ropa, los muebles, las mantas, las pinturas y las ilustraciones, los espejos, cristaleria, joyeria, y otros articulos del casa y personales. Tales comerciantes pueden tambien proporcionar servicios antiguos de la reproduccion y de la restauracion del fonografo. Para los comerciantes que venden antiguedades autenticas, uso MCC 5932. Almacenes Miscelaneos"
5940,Ventas al detalle (Retail),BICICLETAS - VENTA Y REPARACION,"Comerciantes que venden las bicicletas, las piezas de la bicicleta, y los accesorios. Las tiendas de la bicicleta pueden tambien vender una variedad limitada de ropa que se divierte relacionada, y pueden o pueden tambien no conducir las bicicletas del trabajo o del alquiler de la reparacion. Para los comerciantes que sobre todo las bicicletas de la reparacion, utilizan MCC 7699. Para los comerciantes que sobre todo las bicicletas del alquiler, utilizan MCC 7999. Almacenes Miscelaneos"
5941,Ventas al detalle (Retail),DEPORTES Y ACCESORIOS,"Companias que venden mercancias para la diversion o el deporte,equipo deportivo, y piezas y los accesorios relacionados. Los productos para la venta pueden incluir patines, waterskis, patines en linea, las tablas de surf, el equipo del golf, los esquis de la nieve, windsurfing, el salto de la piel y el equipo de la escafandra autonoma, el cebo y los trastos, backpacking, acampando, yendo de excursion y equipo mountaineering, equipo del ejercicio, tabla de la piscina, equipo del tenis, equipo y fuente el rodar, equipo y fuente de la caza, y equipo del patio. Los almacenes de equipo deportivo pueden o no tener alquiler o reparacion. Para los comerciantes que conducen sobre todo el trabajo de la reparacion, uso MCC 7699. Para los comerciantes que alquilan sobre todo el equipo deportivo MCC 7999. Almacenes Miscelaneos"
5942,Ventas al detalle (Retail),LIBRERIAS,"Comerciantes que venden los libros nuevos o usados, los diarios, los compartimientos, los libros de textos, los mapas, y los atlas, los libros audio (libros en la cinta) y los calendarios. Este MCC tambien incluye librerias religiosas. Almacenes Miscelaneos"
5943,Ventas al detalle (Retail),"ARTICULOS DE ESCRITORIO, (ARTICULOS DE OFICINA), (ARTICULOS ESCOLARES)","Comerciantes que venden una variedad de fuentes de la oficina y de la escuela y de mercancias de papel. Los productos para la venta pueden incluir plumas, lapices, calendarios, organizadores del escritorio, las grapadoras, las carpetas del archivo, la garantia, listas, los cojines del mensaje, los marcadores, los diskettes de la computadora, los cartuchos de la tinta para las impresoras de la computadora, una seleccion limitada del software, y el mobiliario de oficinas pequeno tal como cajones de archivo, sillas, wastebaskets, y lamparas del escritorio. Tales comerciantes no venden sobre todo el mobiliario de oficinas grande o caro tal como computadoras o unidades del escritorio. Para los comerciantes que venden sobre todo el hardware, uso MCC 5732. Para los comerciantes que venden sobre todo software, uso MCC 5734. Almacenes Miscelaneos"
5944,Ventas al detalle (Retail),"RELOJERIAS, (JOYERIAS), (PLATERIAS)","Comerciantes que venden los relojes y los relojes; la joyeria fina tal como diamantes u otras piedras preciosas monto en metales preciosos; y plata esterlina y platos y cubiertos y accesorios plateados, tales como discos, tazones de fuente que sirven, trivets, y jarras. Tales comerciantes pueden tambien conducir el trabajo de la reparacion. Para los comerciantes que reparan sobre todo joyeria, los relojes, o los relojes finos, uso MCC 7699. Para los comerciantes que venden sobre todo China o el cristal, uso MCC 5950. Almacenes Miscelaneos"
5945,Ventas al detalle (Retail),"JUGOS DE MESA Y PASATIEMPOS, (JUGUETERIAS, JUGOS DE MESA Y PASATIEMPOS), (TIENDAS - JUEGOS)","Los comerciantes que venden los juguetes y los juegos, y pueden vender una seleccion limitada de los kits del arte o de la mania del hagalo usted mismo. Para los comerciantes que venden sobre todo las fuentes, los materiales, y el equipo montaba artes, utilizan MCC 5970. Almacenes Miscelaneos"
5946,Ventas al detalle (Retail),ARTICULOS Y ACCESORIOS FOTOGRAFICOS,"Comerciantes que se especializan en la venta de la camara fotografica, de la pelicula, del video, y de otro equipo y fuentes fotograficos, incluyendo el proceso de productos quimicos y de los papeles. Tales comerciantes pueden o pueden tambien no proporcionar el pelicula-proceso de servicios. Para los comerciantes que venden la camara fotografica y el equipo video ademas de una variedad del otro equipo electronico tal como VCRs, televisiones, y estereofonias, uso MCC 5732. Para los comerciantes que proporcionan sobre todo la pelicula que procesa y los servicios de impresion, uso MCC 7395. Almacenes Miscelaneos"
5947,Ventas al detalle (Retail),"TIENDAS DE REGALOS, (REGALOS Y ARTESANIAS),(TARJETAS),(NOVEDADES)","Comerciantes que venden los regalos y los articulos de la novedad, las tarjetas de saludo, los globos, los recuerdos, las decoraciones del dia de fiesta, los efectos de escritorio, el papel y arcos que se envuelven, albumes de foto, y una seleccion limitada de las fuentes de oficina tales como plumas, cuadernos, y calendarios. Para los comerciantes que venden sobre todo fuentes de la oficina y de la escuela, uso MCC 5943. Almacenes Miscelaneos"
5948,Ventas al detalle (Retail),"ARTICULO DE PIEL, (MALETAS Y EQUIPAJES)","Los comerciantes que venden equipaje, troncos, las carteras, los petates de cuero, las carpetas, los monederos, los guantes, y otras mercancias de cuero, y pueden vender una seleccion limitada de la ropa de cuero. Almacenes Miscelaneos"
5949,Ventas al detalle (Retail),"TELAS Y CASIMIRES, (MERCERIAS),(BONETERIAS),(CORCETERIA)","Los comerciantes que venden la tela, los patrones, el hilado, y el otro needlework/sewing provee por ejemplo el hilo de rosca, los botones, los broches de presion, la guarnicion, el ajuste y el cordon, la tijera, y cremalleras. Tales comerciantes pueden tambien ofrecer clases de la costura o la instruccion. Para los comerciantes que proporcionan sobre todo la costura o instruccion el hacer punto, uso MCC 8299. Almacenes Miscelaneos"
5950,Ventas al detalle (Retail),CRISTALERIAS,"Comerciantes que venden cristaleria, y el cristal para el uso del servicio de la tabla (tal como cristales del vino y del champan, tazones de fuente que sirven, y placas), asi como articulos del regalo (tales como figurines, extremos del libro, floreros de la flor, cajas de la joyeria, y sostenedores del candlestick). Almacenes Miscelaneos"
5960,Aseguradoras,MERCADEO DIRECTO – SERVICIOS DE SEGUROS,"Comerciantes que venden servicios de seguro via correo directo, los stuffers de la declaracion que mandan la cuenta, y el compartimiento o la television ads, que incluyen un numero de telefono gratis o una direccion o el Web site por el cual los clientes anticipados pueden responder. Los servicios de seguro ofrecidos pueden incluir todas las formas de seguro de vida, de seguro de la indemnidad del hospital (cobertura adicional pagada generalmente directamente al consumidor), de muerte y de seguro accidental de la desmembracion, de seguro de la tarjeta de credito en las cuales el equilibrio excepcional se asegure contra la muerte del titular de tarjeta, la inhabilidad o el subsidio de paro, y de seguro medico para los viajeros. Las ventas se pueden apuntar a los grupos especiales tales como veteranos, personas jubiladas, schoolteachers, o miembros de ciertas organizaciones. La facturacion de las primas de seguro ocurre tipicamente en (por mensual, trimestralmente, o publicacion anual) instalaciones periodicas, y continua hasta cancelado el titular de tarjeta o la compania de seguros. Otra caracteristica comun es un periodo de prueba libre de 60 o 90 dias, con la facturacion de la primera instalacion despues del periodo de prueba han terminado. Para las ventas cara a cara del seguro y los servicios que subscriben, utilice MCC 6300. Envie Los Abastecedores De la Orden De Order/Telephone"
5962,Otros,MERCADO DIRECTO - SERVICIOS RELACIONADOS CON VIAJES Y ARREGLOS RELACIONADOS A (EXCLUYENDO LAS AGENCIAS DE VIAJES),"Los comerciantes que venden arreglo viajar-relacionado mantienen via los metodos de salida del telemarketing en los cuales los iniciados mercantil entran en contacto con el consumidor con correo directo, anunciando, u otros metodos de la comercializacion directa que requieren respuesta del consumidor en una tentativa de generar una venta. Tambien incluyen a los clubs del recorrido del descuento y los servicios o los boletines de noticias de la suscripcion de los cuales los suscriptores seleccionan viajes preembalados; estos requieren a menudo un honorario anual de la calidad de miembro que se pueda mandar la cuenta a la cuenta de titular de tarjeta cada ano hasta cancelado por el titular de tarjeta o el comerciante. Para los agentes del recorrido y los operadores de viaje, utilice MCC 4722. Envie Los Abastecedores De la Orden De Order/Telephone"
5963,Ventas al detalle (Retail),VENTAS DE PUERTA - EN – PUERTA,"Comerciantes que venden la mercancia por medio del sondeo house-to-house, o de los carros o de otras localizaciones temporales. o mercancia vendida de puerta en puerta, puede incluir los cosmeticos, los articulos de la casa, los articulos de panaderia, los productos lacteos, y las suscripciones del compartimiento. Almacenes Miscelaneos"
5964,Otros,MERCADO DIRECTO - VENTAS POR CATALOGO,"Comerciantes que inician el contacto directo con los consumidores y se describen a menudo como casas pedidas por correo o como la industria el pedido por correo. Tales comerciantes ofrecen su mercancia via catalogos, y aceptan ordenes de la mercancia exclusivamente via correo, el telefono, el fax, el comercio electronico, u otros metodos no cara a cara. Un catalogo de papel es un documento de paginas multiples que se envia (enviado, enviado por telefax, o entregado de otra manera) directamente al cliente anticipado. Un catalogo electronico exhibe la mercancia via la television por cable o como videotext en un sitio de Internet. Los catalogos exhiben y describen la mercancia e incluyen direccion una forma el pedido por correo, un numero de telefono, o de un sitio de Internet para poner ordenes. Los aviadores y los folletos no se consideran los catalogos. Un fabricante con un catalogo de tasacion no se considera un comerciante de catalogo de la comercializacion directa. Abastecedores De la Orden Del Correo Order/Telephone"
5965,Ventas al detalle (Retail),MERCADEO DIRECTO - TIENDAS AL MENUDEO QUE TAMBIEN VENDEN POR CATALOGO,"Comerciantes de catalogo que tambien funcionan unos o mas distribuidores al por menor. Este MCC se utiliza solamente para las transacciones que ocurren via el pedido por correo, la orden del telefono, el comercio electronico, u otros metodos de la no-cara-a-cara, incluso si la mercancia se entrega a un almacen para la recogida del cliente. Las ventas cara a cara, incluyendo las en las cuales la orden se ponga en un escritorio del catalogo o a otra parte en un almacen en respuesta al catalogo o a la otra comunicacion directa de la respuesta recibida por el cliente, se excluyen de este MCC. All que las ventas al por menor se deben procesar bajo venta al por menor apropiada MCC. Abastecedores De la Orden Del Correo Order/Telephone"
5966,Otros,MERCADEO DIRECTO - COMERCIANTES DE TELEMERCADEO QUE HACEN LLAMADAS A LOS TARJETAHABIENTES,"Comerciantes que inician el contacto directo con los consumidores para vender productos y servicios. Compradores anticipados de salida del contacto de los comerciantes del telemarketing (y ofrezca a veces un incentivo a) por el telefono, anunciando, el correo directo (con excepcion de un catalogo), o el otro metodo de la comercializacion directa que incluye un numero de telefono gratis o una direccion para la respuesta del cliente. Los productos promovidos y vendidos via tales metodos pueden incluir los cosmeticos, productos del salud-cuidado, vitaminas, y comparten el tiempo los bienes raices. Para las organizaciones caritativas que solicitan contribuciones por cualquier medio, incluyendo via telemarketing de salida, utilice MCC 8398. Envie Los Abastecedores De la Orden De Order/Telephone"
5967,Otros,MERCADEO DIRECTO - COMERCIANTES QUE PRESTAN SERVICIOS POR TELEFONO Y QUE RECIBEN LLAMADAS DE LOS TARJETAHABIENTES,"Comerciantes que proporcionan un o mas los servicios del audiotext o del videotext a que los clientes tienen acceso via el telefono, el fax, o el excedente una red abierta tal como el Internet. Los iniciados del cliente entran en contacto con con el comerciante y todas las transacciones subsecuentes. Este MCC se aplica a los servicios informativos ofrecidos sobre el telefono o el Internet, asi como a los productos que se pueden vender con tales servicios. Los servicios informativos se proporcionan para un honorario y pueden incluir encuestas, montos totales, charla y la hospitalidad del adulto, cuentas de los deportes, cotizaciones del mercado de accion, lecturas del horoscope, u otros servicios audio del texto o del videotext que los consumidores escuchan, opinion, o participan adentro. Para los abastecedores el acceso del tablon de anuncios electronico o los servicios de en linea a los consumidores via los ordenadores personales, utilice MCC 4816. Envie Los Abastecedores De la Orden De Order/Telephone"
5969,Otros,MERCADEO DIRECTO - NO CLASIFICADO,"Comerciantes que venden productos y servicios con una variedad de metodos directos de la respuesta que incluyan una forma de orden o una direccion o un numero de telefono que el cliente pueda utilizar para poner una orden por correo, telefono, o fax. Estos comerciantes utilizan a menudo tecnicas massmarketing tales como folletos, respuesta directa ads de la radio y de la television, y TV ""infomercials"" (los anuncios extendidos de la longitud la TV con hablar-demuestra formato). Tales comerciantes ofrecen generalmente solamente un o dos productos por la promocion, tal como cuchilleria de la cocina, adminiculos de la casa, productos de la perrdida de peso, equipo de los deportes, cosmeticos, expedientes de la especialidad, o libros que esten disponibles solamente con la publicidad de la television. Para los boletos pedidos por el telefono pero pagados en la cabina del boleto, utilice MCC 7922. Excluyen a los minoristas cara a cara que aceptan de vez en cuando las pedidos del correo o del telefono para la conveniencia del cliente. Para las ventas al por menor conducidas a traves de un sitio de Internet, utilice la venta al por menor mas apropiada MCC con un TCC de T. Envie Los Abastecedores De la Orden De Order/Telephone"
5970,Ventas al detalle (Retail),"ARTICULOS PARA LOS ARTISTAS, (ARTICULOS DE ARTE)","Los minoristas que venden los materiales, el equipo, y las fuentes creaban arte, artes, u otros articulos. Los productos para la venta pueden incluir la arcilla, todos los tipos de pintura, los cepillos, las flores de seda, las plumas, los lapices, papel, los kits de la mania y del arte, los hilados, los granos, caramelo para candymaking, las estampillas decorativas del caucho, y alguna tela y otras fuentes del needlecraft. Para los comerciantes que se especializan en la venta de fuentes de la tela, de la costura y de la costura, uso MCC 5949. Almacenes Miscelaneos"
5971,Ventas al detalle (Retail),"GALERIAS DE ARTE,(DISTRIBUIDORES DE ARTE),","Minoristas que venden las ilustraciones tales como cuadros, fotografias, o esculturas. La venta se puede conducir directamente con el distribuidor del arte, el artista, o la galeria de arte. Almacenes Miscelaneos"
5972,Ventas al detalle (Retail),"COLECCION DE MONEDAS,(COLECCION DE ESTAMPILLAS),(TIENDAS DE NUMISMATICA),(FILATELIA)","Minoristas que venden sellos, monedas, y los accesorios relacionados con el fin de recoger de estampilla, moneda recogiendo, o inversion. Para la venta de los sellos con el servicio postal de ESTADOS UNIDOS, utilice MCC 9402. Para los servicios del correo y de empaquetado que tambien venden estampillas, uso MCC 7399. Almacenes Miscelaneos"
5973,Ventas al detalle (Retail),ARTICULOS RELIGIOSOS,"Minoristas que venden mercancias religiosas tales como figurines, las tarjetas, las fuentes piadosas, los cuadros, los libros educacionales o educativos y las cintas, y articulos decorativos. Para los comerciantes que venden sobre todo los libros religiosos, uso MCC 5942. Almacenes Miscelaneos"
5975,Ventas al detalle (Retail),"ARTICULOS PARA LA SORDERA - VENTAS, REPARACION Y ACCESORIOS","Los minoristas que venden protesis de oido y fuentes relacionadas, y pueden o pueden tambien no conducir el trabajo de la reparacion. Para los comerciantes que conducen sobre todo el trabajo de la reparacion, uso MCC 7699. Almacenes Miscelaneos"
5976,Ventas al detalle (Retail),"ARTICULO ORTOPEDICOS, PROTESIS - VENTA, REPARACION Y ACCESORIOS","Los minoristas que venden una variedad de dispositivos prosteticos y de mercancias ortopedicas, y pueden o pueden tambien no conducir el trabajo de la reparacion. Los productos para la venta pueden incluir ayudas del arco y otras aplicaciones del pie, aplicaciones de la fractura, la calceteria elastico, los partidarios abdominales, los apoyos elasticos y ortopedicos, los bastones, los miembros artificiales, las sillas de la rueda, y a walkers. Para los comerciantes que conducen sobre todo el trabajo de la reparacion sobre mercancias ortopedicas, uso MCC 7699. Almacenes Miscelaneos"
5977,Ventas al detalle (Retail),TIENDAS - COSMETICOS,"Los minoristas que venden los cosmeticos naturales o sinteticos, incluyendo de teatro, medicos, y diariamente-usan los cosmeticos. Almacenes Miscelaneos"
5978,Ventas al detalle (Retail),"MAQUINAS DE ESCRIBIR - VENTAS, REPARACION, ACCESORIOS","Minoristas que venden, se alquilan sobre todo, o las maquinas de escribir de la renta. Tales comerciantes pueden tambien vender una seleccion limitada de las fuentes y del equipo de oficina, y pueden o pueden no conducir el trabajo de la reparacion. Para los comerciantes que venden sobre todo fuentes de oficina, uso MCC 5943. Para los comerciantes que conducen sobre todo el trabajo de la reparacion, uso MCC 7699. Almacenes Miscelaneos"
5983,Ventas al detalle (Retail),"DISTRIBUIDOR DE - GAS LICUADO,(DISTRIBUIDOR DE - LEÑA),(DISTRIBUIDOR DE - DIESEL, PETROLEO),(DISTRIBUIDOR DE - CARBON),","Los minoristas que venden el fuel-oil, madera, carbon, licueficieron el petroleo, el combustible de la aviacion, el aceite de calefaccion, o el propano del gas. Tales comerciantes pueden o pueden tambien no vender la gasolina para el uso del consumidor en automoviles. Para los comerciantes que venden sobre todo la gasolina automotora, uso MCC 5541 o MCC 5542 como apropiados. Almacenes Miscelaneos"
5992,Ventas al detalle (Retail),FLORERIAS,"Minoristas que venden las flores del corte, los arreglos de la flor, y las plantas potted. Tales comerciantes pueden o pueden tambien no vender articulos de la novedad tales como globos del helio. Para los comerciantes que venden sobre todo las semillas, los bulbos y la accion del cuarto de ninos, uso MCC 5261. Almacenes Miscelaneos"
5993,Ventas al detalle (Retail),TABAQUERIAS,"Minoristas que venden el tabaco, cigarrillos, los cigarros, las pipas, y las fuentes de los fumadores. Almacenes Miscelaneos"
5994,Ventas al detalle (Retail),PUESTOS DE PERIODICOS Y REVISTAS,"Minoristas que venden los periodicos, los compartimientos, los diarios, y otros periodicos. Para las suscripciones del periodico, utilice MCC 5968. Almacenes Miscelaneos"
5995,Ventas al detalle (Retail),TIENDAS DE MASCOTAS - ALIMENTO Y ACCESORIOS,"Minoristas que venden animales domesticos (por ejemplo, los perros, los gatos, los pajaros, los pescados, los reptiles, los hamsteres, y los conejos), el alimento de animal domestico, y fuentes del animal domestico. Almacenes Miscelaneos"
5996,Ventas al detalle (Retail),"VENTA, SERVICIO, ACCESORIOS - ALBERCAS","Minoristas que venden las piscinas caseras (en-tierra o piscinas sobre tierra prefabricadas), los balnearios, las tinas calientes, los banos del torbellino, y las fuentes de la piscina. Tales comerciantes pueden o pueden tambien no proporcionar servicios de la instalacion y de mantenimiento. Para los comerciantes que proporcionan sobre todo servicios de la instalacion, uso MCC 1799. Estos comerciantes pueden o pueden tambien no proporcionar servicios de reparacion. Para los comerciantes que proporcionan sobre todo servicios de reparacion, uso MCC 7699. Almacenes Miscelaneos"
5997,Ventas al detalle (Retail),"VENTAS, REPARACION - RAZURADORAS","Minoristas que venden las maquinillas de afeitar electricas que pueden o pueden tambien no proporcionar servicios de reparacion. Para los comerciantes que proporcionan sobre todo servicios de reparacion, uso MCC 7699. Almacenes Miscelaneos"
5998,Ventas al detalle (Retail),"VENTA DE TOLDOS, (VENTA DE TIENDAS DE CAMPAÑA),","Minoristas que venden las tiendas y los toldos para el uso del hogar o del negocio. Los productos para la venta pueden incluir las tiendas el acampar, sombrear las tiendas, y predesigned o por encargo los toldos de la ventana o de la puerta para los hogares o los negocios. Tales comerciantes pueden o pueden tambien no proporcionar servicios de reparacion. Para los comerciantes que proporcionan sobre todo servicios de reparacion, uso MCC 7699. Almacenes Miscelaneos"
5999,Ventas al detalle (Retail),"DISTRIBUIDORES DE HIELO,(FUEGOS ARTIFICIALES),(TIENDAS DETALLISTAS - NO CLASIFICADAS),(LAPIDAS Y MONUMENTOS - VENTA E INSTALACION),(TROFEOS - VENTAS),","Minoristas que venden unico o productos especializados que no son descritos por ningun otro codigo de la categoria del negocio code/merchant del aceptador de la tarjeta. Este MCC debe ser utilizado solamente cuando se han agotado el resto de las opciones de la asignacion del MCC. Los ejemplos de tales almacenes de especialidad incluyen almacenes del mapa y del atlas, los armas de fuego y los almacenes de la municion, almacenes de la magia, almacenes de la fuente del partido, la flor de seda hacen compras, los fuegos artificiales hacen compras, los distribuidores del hielo, marco hacen compras, las gafas de sol hacen compras, los almacenes de la fuente de la belleza, y los distribuidores en botella y destilados del agua. Almacenes Miscelaneos"
6010,Otros,"BANCOS - DISPOSICIONES DE EFECTIVO EN VENTANILLA,(Instituciones FINANCIERAS - DISPOSICIONES DE EFECTIVO EN VENTANILLA),(AUTOFINANCIAMIENTOS - DISPOSI","Utilizado identificar solamente las transacciones cara a cara en las cuales un titular de tarjeta utiliza una tarjeta de la Mastercard en una localizacion de la institucion financiera del miembro para obtener un desembolso de efectivo, para abrir una cuenta de depositos a plazo, o para comprar cheques de los viajeros, moneda extranjera, ordenes de dinero, los metales preciosos, o los enlaces de ahorros. Para las transacciones del desembolso de efectivo que ocurren en las maquinas de caja automatizadas (ATMs), utilice MCC 6011. Para las ventas de la moneda extranjera, las ordenes de dinero, los cheques de los viajeros, y otros productos del cuasi-efectivo en las localizaciones con excepcion de las instituciones financieras del miembro, utilizan MCC 6051. Abastecedores De Servicio"
6011,Otros,"BANCOS - DISPOSICIONES AUTOMATICAS DE EFECTIVO, (AUTOFINANCIAMIENTOS - DISPOSICIONES AUTOMATICAS DE EFECTIVO), (UNIONES DE CREDITO - DISPOSICIONES A","Identifica las transacciones del desembolso de efectivo que ocurren en las maquinas de caja automatizadas (ATMs) poseidas, arrendadas, controladas, o patrocinadas por las instituciones financieras del miembro. Para las transacciones cara a cara del desembolso de efectivo que ocurren en las instituciones financieras del miembro, utilice MCC 6010. Abastecedores De Servicio"
6012,Otros,"AUTOFINANCIAMIENTOS - SERVICIOS FINANCIEROS,(BANCOS - SERVICIOS FINANCIEROS),(UNIONES DE CREDITO - SERVICIOS FINANCIEROS),(Instituciones FINANCIERAS -","Identifica la compra de la mercancia o de los servicios de las instituciones financieras del miembro. Tal mercancia y servicios pueden incluir cheques y otros productos financieros, mercancia promocional, los honorarios de prestamo, y los honorarios de servicio financieros del asesoramiento. Para los honorarios de servicio de la transaccion de la seguridad o del corretaje u otros costes relacionados, utilice MCC 6211. Para los desembolsos de efectivo, uso MCC 6010 para las transacciones cara a cara y MCC 6011 para las transacciones que ocurren en ATMs. Abastecedores De Servicio"
6051,Otros,"ORDENES DE PAGO, Instituciones NO FINANCIERAS (NO CABLEGRAFICAS),(Instituciones NO FINANCIERAS, CASAS DE CAMBIO, ORDENES DE PAGO(NO CABLEGRAFICAS), CH","Identifica la compra, con una tarjeta de la Mastercard, de los cheques de los viajeros, moneda extranjera, o las ordenes de dinero, o el uso de una tarjeta de la Mastercard de abrir una cuenta de depositos a plazo, en una localizacion con excepcion de una institucion financiera del miembro. Este MCC tambien identifica las transacciones en las cuales un comerciante acepta una tarjeta de la Mastercard para el pago de una deuda existente, tal como una tarjeta de la etiqueta privada o prestamo del vehiculo. Cualquier honorario cargado e incluido en la cantidad total de la transaccion se debe divulgar claramente al titular de tarjeta antes de terminar la transaccion, de acuerdo con la seccion 9,12,2,1 de la Mastercard Bylaws y de reglas. Para la compra cara a cara de la moneda extranjera, las ordenes de dinero, o los cheques de los viajeros en una institucion financiera del miembro, utilizan MCC 6010. Abastecedores De Servicio"
6211,Otros,AGENTES - TRANSACCIONES DE BOLSA,"Los honorarios cargaron por los comerciantes que compran, venden, y las seguridades del corredor, accion, los enlaces, las materias, y los fondos mutuos. Abastecedores De Servicio"
6300,Aseguradoras,"ASEGURADORAS - VENTAS DE SEGUROS, POLIZAS","Minoristas que venden todos los tipos de polizas de seguro personal o de negocio, incluyendo el automovil, la vida, la salud, el hospital, medico y dental, duenos de una casa y renters, titulo de propiedades inmobiliarias, salud del animal domestico, inundacion, fuego, o polizas de seguro de terremoto. Para los comerciantes que venden productos y servicios del seguro usando metodos de la comercializacion directa, uso MCC 5960. Abastecedores De Servicio"
7011,Hoteles,"SERVICIOS NO CLASIFICADOS - HOTELES, MOTELES, CENTROS TURISTICOS","Solamente esos establecimientos que se alojan para los cuales un MCC unico no se ha senalado, incluyendo cama y desayuno y otros mesones, recursos, cabinas, cabanas, y paradores locales. Hoteles y moteles"
7012,Hoteles,TIEMPO COMPARTIDO,"Los minoristas que venden, la renta, y el alquiler comparten el tiempo las propiedades inmobiliarias y arreglan comparten el tiempo los intercambios del condominio. Abastecedores De Servicio"
7032,Entretenimiento,"CAMPAMENTOS - NIÑOS,(CAMPAMENTO - JOVENES),(CAMPAMENTOS - NIÑOS, NIÑAS)","Comerciantes que funcionan los campos de los ninos, los campos recreacionales, y los campos que se divierten. Los ejemplos de tales campos incluyen los campos de verano para los muchachos y las muchachas, los campos del nudist, los ranchos del tipo, los campos de la pesca y de la caza, y educativo o se divierten campos de la instruccion. Para los campines usados para la tienda o el acoplado que acampa, utilice MCC 7033. Abastecedores De Servicio"
7033,Otros,"TRAILER PARKS,(CAMPAMENTOS)","Comerciantes que proporcionan los sitios para acampar de noche o a corto plazo para los vehiculos recreacionales, los acoplados, los campistas, o las tiendas. Tales sitios para acampar se pueden situar dentro de parques de estado, o poseer privado y funcionar, y pueden o pueden no incluir el agua y las transmisiones en circuito electricas para los vehiculos recreacionales. Abastecedores De Servicio"
7210,Otros,"SERVICIOS - LAVANDERIA,(SERVICIO - LIMPIEZA Y LAVANDERIA)","Comerciantes que funcionan vapor u otros tipos de lavaderos para los negocios comerciales o los individuos. En una base semanal o mensual, estos comerciantes proporcionan articulos lavados planchados tales como uniformes, vestidos, delantales, linos de tabla, linos de cama, y toallas. Este MCC tambien incluye los servicios del panal que ofrecen la recogida, la limpieza, y la entrega caseras. Abastecedores De Servicio Personales"
7211,Otros,"SERVICIO - PAÑALES, (LAVANDERIAS AUTOMATICAS)","Los comerciantes que proporcionan arandelas y los secadores del autoservicio para el uso general del consumidor, incluyendo pagan -bythe servicio de lavadero de la libra. Tales servicios de lavadero del autoservicio se conocen tipicamente como laundromats pero tambien se encuentran en dormitorios, edificios de apartamento, u otras localizaciones similares. Abastecedores De Servicio Personales"
7216,Ventas al detalle (Retail),TINTORERIAS,"Los comerciantes que proporcionan los servicios de la limpieza en seco para los individuos o los negocios, y pueden ofrecer servicios limitados de la alteracion. Los articulos limpiaron por los tintoreros incluyen tipicamente la ropa, draperies, los vestidos de la boda, y lecho. Abastecedores De Servicio Personales"
7217,Ventas al detalle (Retail),"LIMPIEZA - TAPETES, (LIMPIEZA - ALFOMBRAS)","Los comerciantes que limpian alfombras comerciales o residenciales, cubren, y tapiceria. Para los comerciantes que proporcionan servicios reupholstering, uso MCC 7641. Abastecedores De Servicio Personales"
7221,Ventas al detalle (Retail),ESTUDIOS FOTOGRAFICOS,"Los comerciantes que todavia se realizan o la fotografia video del retrato para el publico en general, incluyendo los que los ninos de la fotografia en la localizacion en las escuelas o se especializan en fotografia y videos de la boda. Para los comerciantes que proporcionan la pelicula que se convierte y los servicios de impresion, uso MCC 7395. Abastecedores De Servicio Personales"
7230,Salones de belleza,"SALONES DE BELLEZA, PELUQUERIAS, ESTETICAS, UÑAS, MAQUILLAJE. NO SPA.","Los comerciantes que proporcionan cuidado personal del pelo mantienen por ejemplo el corte del pelo, labrar del pelo, el colorante del pelo, y extensiones del pelo. Las tiendas del peluquero y de la belleza pueden tambien realizar manicures y pedicures y vender una seleccion limitada de los productos del cuidado del pelo. Abastecedores De Servicio Personales"
7251,Ventas al detalle (Retail),"LIMPIEZA DE SOMBREROS, (REPARACION DE CALZADO Y BOLEROS),","Minoristas que reparan calzado y proporcionan la limpieza del zapato y servicios brillantes, asi como los minoristas que proporcionan la limpieza del sombrero y los servicios del bloqueo. Abastecedores De Servicio Personales"
7261,Otros,"SERVICIOS - FUNERARIOS, (CREMATORIOS),","Comerciantes que proporcionan servicios de la preparacion y de la cremacion del entierro y conducen entierros. Tales comerciantes incluyen mortuorios, crematories, funerarias, y salas funebres. Para los servicios animales de la cremacion y del entierro, utilice MCC 7299. Abastecedores De Servicio Personales"
7273,Otros,"EDECANES, (DAMAS DE COMPAÑIA),","Comerciantes que proporcionan fechar y escoltan servicios, incluyendo los servicios personales del computadora y video de la introduccion y el matchmaking. Abastecedores De Servicio Personales"
7276,Otros,CONTADORES - PREPARACION DE DECLARACION DE IMPUESTOS,"Los comerciantes que proporcionan exclusivamente preparacion de la vuelta de impuesto sobre la renta mantienen sin la revision, la contabilidad, o servicios de la contabilidad. Para los comerciantes que proporcionan la revision, la contabilidad, o los servicios de la contabilidad ademas de servicios de la preparacion de la declaracion de impuestos, utiliza MCC 8931. Abastecedores De Servicio Personales"
7277,Otros,"ASESOR - FINANCIERO, (CONSEJEROS Y ASESORES PERSONALES- PRESTAMOS, MATRIMONIAL, PERSONAL), (ASESORES - FINANCIEROS), (CONSEJERO - MATRIMONIAL)","Los comerciantes que proporcionan una variedad de asesoramiento mantiene por ejemplo deuda y el asesoramiento financiero, la union aconsejando, el abuso del asesoramiento de la familia, del alcohol y de la droga aconsejando, y el otro asesoramiento personal. Para los comerciantes que proporcionan servicios juridicos, uso MCC 8111. Abastecedores De Servicio Personales"
7278,Otros,ASESORIAS - COMPRA/VENTA BIENES INMUEBLES,"Comerciantes que proporcionan servicios el comprar y el hacer compras a los individuos o a los negocios en una base del honorario. Este tipo de comerciante no vende directamente mercancias al consumidor, sino elige algo una seleccion de los articulos que el consumidor puede estar interesado en comprar, actuando tipicamente a nombre del vendedor de las mercancias. Abastecedores De Servicio Personales"
7296,Ventas al detalle (Retail),"RENTA - UNIFORMES, (RENTA - DISFRACES),(RENTA - SMOKINGS),(RENTA - ROPA, DISFRACES, UNIFORMES),(RENTA DE ROPA - FORMAL)","Minoristas a que el alquiler viste, uniformes, desgaste formal, tuxedos, y otros tipos de ropa y de accesorios relacionados. Para las distribuidores al por mayor que los uniformes de la venta o del alquiler a otros negocios, utilizan MCC 5137. Abastecedores De Servicio Personales"
7297,Otros,SALONES - MASAJES,"Los minoristas que se especializan en el abastecimiento de masaje mantienen. Tales comerciantes pueden tambien proporcionar otros servicios personales, y pueden alquilar saunas o las tinas calientes para el uso del cliente. Abastecedores De Servicio Personales"
7298,Otros,"CLINICAS - BELLEZA, (CLINICA - SALUD),(CLINICA - SALUD Y BELLEZA)","Comerciantes, conocidos tipicamente como balnearios del dia que proporcionan una variedad de servicios personales o terapeuticos sin una estancia de noche. Tales servicios pueden incluir facials, masajes, banos del fango, los abrigos herbarios, los tratamientos el broncear, los torbellinos, los banos de vapor, los programas personales del ejercicio, el asesoramiento dietetico, y el pelo y el maquillaje que aconseja y que labra, asi como clases educacionales tales como aerobicos, entrenamiento del peso, control del peso, cocinando, y se divierten clases. Para el balneario los servicios ofrecieron como parte de un plan del paquete que incluye alojarse en el establecimiento del comerciante, utilizan MCC 7011. Abastecedores De Servicio Personales"
7299,Otros,"RENTA - DEPARTAMENTOS, EDIFICIO DE DEPARTAMENTOS, (OTROS SERVICIOS PERSONALES - NO CLASIFICADOS),(ADMINISTRADORES - BIENES RAICES, CORREDORES DE BOLSA","Los comerciantes que proporcionan los servicios personales que no bajan debajo de ningun otro MCC. Examples de tales servicios incluyen subir animal, casas del bano, servicios que se sientan de la casa, servicios de la criada, la preparacion animal y perreras, agentes del entrenamiento animal o de propiedades de crianza, inmobiliarias, corredores, y encargados, servicios de la perforacion del cuerpo y del tratamiento tattooing, de aguas, taxidermists, y capillas de la boda. Para los agentes de propiedades inmobiliarias, los corredores y los encargados, y los servicios de alquiler del apartamento, utilizan MCC 6513. Abastecedores De Servicio Personales"
7311,Otros,SERVICIOS - PUBLICITARIOS,"Comerciantes que preparan la publicidad (copywriting, las ilustraciones, los graficos, y el otro trabajo creativo) y ponen la publicidad en periodicos, periodicos, radio, la television, u otros medios de publicidad para los clientes sobre una base del contrato o del honorario. Otros tipos de publicidad tales como publicidad aerea, distribucion de la cupon, distribucion de muestras, y skywriting tambien se incluyen. Servicios De Negocio"
7321,Otros,"BUROS DE CREDITO, (BURO DE CREDITO AL CONSUMIDOR),","Comerciantes que proporcionan la credito-divulgacion de servicios tales como investigacion de credito, camaras de compensacion del credito, y otros servicios relacionados. Este MCC no incluye las agencias de coleccion. Servicios De Negocio"
7333,Otros,"FOTOGRAFIA, ARTE Y ANUNCIOS - COMERCIALES,(ARTES Y ANUNCIOS COMERCIALES),(ANUNCIOS FOTOGRAFICOS COMERCIALES, ARTE Y GRAFICA),(ANUNCIOS - COMERCIALES)","Comerciantes que proporcionan arte comercial o los servicios de diseno del grafico para las agencias de publicidad, los editores, y otros negocios. Tales servicios pueden incluir diseno de la pantalla de seda, la produccion de la pelicula del alambique y de la diapositiva, el diseno de la carta y del grafico, y el arte comercial y la ilustracion. Para los comerciantes que todavia proporcionan, el video, y la fotografia para el publico en general, uso MCC 7221 del retrato. Servicios De Negocio"
7338,Otros,"SERVICIO DE FOTOCOPIADO, REPRODUCCIONES Y ANTEPROYECTOS","Comerciantes que reproducen el texto, dibujos, planes, mapas, y los materiales similares blueprinting, fotocopiando, o usando otros metodos de la reproduccion. Tales comerciantes pueden tambien proporcionar servicios de compaginacion y que atan. Servicios De Negocio"
7339,Otros,SERVICIOS SECRETARIALES Y ESTENOGRAFICOS,"Comerciantes que proporcionan taquigrafico, de secretaria, y otros servicios administrativos tales como procesamiento de textos, mecanografiando, corrigiendo, escritura de la letra, el corregir, escritura del curriculum vitae, y corte que divulga servicios. Para las agencias de colocacion que intentan sobre todo llenar posiciones de la ayuda de secretaria, uso MCC 7361. Servicios De Negocio"
7342,Otros,"SERVICIOS - FUMIGACION, (SERVICIOS - EXTERMINIO DE PLAGAS),","Comerciantes que proporcionan el control de parasito, exterminacion, desinfectando, y servicios de la fumigacion, incluyendo la eliminacion de termitas, insectos, y roedores. Servicios De Negocio"
7349,Otros,"SERVICIOS DE CONSERJERIA, LIMPIEZA Y MANTENIMIENTO","Los comerciantes que proporcionan la limpieza del edificio, mantenimiento, y los servicios porteriles, tales como limpieza de la ventana, suelan encerar, servicios del guardian de la escuela, la limpieza de la oficina, y la economia domestica sobre una base del contrato o del honorario. Servicios De Negocio"
7361,Otros,"AGENCIAS DE EMPLEOS, (SERVICIOS - EVENTOS ESPECIALES),",Comerciantes que proporcionan los servicios del empleo para los patrones o esos empleo el buscar de posiciones permanentes o temporales. Servicios De Negocio
7372,Otros,"SERVICIO DE PROCESAMIENTO DE DATOS, (PROGRAMACION, DISEÑO INTEGRAL DE SISTEMAS, SERVICIOS DE PROCESAMIENTO DE DATOS),","Los comerciantes que proporcionan servicios de programacion de la computadora, sistemas disenan, y los servicios de proceso de datos sobre una base del contrato o del honorario. Tales servicios pueden incluir modificaciones del diseno de software y del analisis, del software o de los sistemas, la entrada de datos o de proceso de datos, y entrenamiento en el uso del software de encargo. Servicios De Negocio"
7375,Otros,SERVICIOS DE CONSULTA/ENCUESTAS DE INFORMACION,Abastecedores al por mayor de en linea y recuperacion de datos de la base de datos y servicios de busqueda sobre una base del contrato o del honorario. Distribuidores y fabricantes al por mayor
7379,Otros,"MANTENIMIENTO, REPARACION DE COMPUTADORAS - SERVICIOS NO CLASIFICADOS","Comerciantes que proporcionan servicios computer-related. Tales servicios pueden incluir consultar sobre una base del contrato o del honorario, el desarrollo de la base de datos, el mantenimiento y la reparacion de la computadora, servicios de la conversion de la cinta y del diskette, y analisis de requisitos de la computadora. Para las distribuidores al por mayor del hardware, el software, y el equipo relacionado, utilizan MCC 5045. Distribuidores y fabricantes al por mayor"
7392,Otros,"SERVICIOS - RELACIONES PUBLICAS, (SERVICIOS - CONSULTORIA Y ADMINISTRACION),(SERVICIOS – CONSULTORIAS),","Comerciantes que proporcionan consejos y ayuda a la gerencia de organizaciones privadas, no lucrativas, y publicas en una base del contrato o del honorario. Los servicios proporcionados pueden incluir el planeamiento financiero del planeamiento estrategico y de organizacion y el presupuesto, el desarrollo de los objetivos de la comercializacion, los sistemas de informacion que planean, el desarrollo de las politicas del recurso humano, los procedimientos que planean, y los servicios de las relaciones publicas. Servicios De Negocio"
7393,Otros,"GUARDIAS DE SEGURIDAD, (AGENCIAS – DETECTIVES PRIVADOS Y GUARDIAS DE SEGURIDAD),(PERROS GUARDIANES),(VEHICULOS BLINDADOS)","Los servicios incluyendo los vehiculos blindados, protector persiguen a comerciantes que proporcionan los dispositivos y los servicios de seguridad. Los ejemplos de tales dispositivos y servicios incluyen los vehiculos blindados, los sistemas de la seguridad (instalacion, supervision, y mantenimiento), los investigadores, los perros del protector, y la deteccion privados de la mentira. Servicios De Negocio"
7394,Ventas al detalle (Retail),"RENTA - MUEBLES, (RENTA - DE HERRAMIENTAS, EQUIPO Y MUEBLES),(RENTAS DE EQUIPO),(RENTA Y ARRENDAMIENTO DE EQUIPOS)","Comerciantes que equipo del alquiler y de la renta, herramientas, muebles, aplicaciones, y mobiliario de oficinas (excepto maquinas de escribir). Para los alquileres de la maquina de escribir, utilice MCC 5978. Servicios De Negocio"
7395,Otros,LABORATORIOS FOTOGRAFICOS- REVELADO Y RETOQUE,"Los comerciantes que desarrollan la pelicula y hacen impresiones y ampliaciones fotograficas, y pueden tambien proporcionar servicios especializados, tales como agrandamiento y retocar de encargo de la foto. Los servicios populares del desarrollo de la foto del onehour se incluyen aqui. Estos comerciantes tambien pueden vender una seleccion limitada de fuentes tales como pelicula, tripodes, albumes de foto, libros del desecho, filtros de la camara fotografica, y marcos. Si el comerciante vende sobre todo el equipo y fuentes fotograficos, utilice MCC 5946. Servicios De Negocio"
7399,Otros,OTROS SERVICIOS EMPRESARIALES - NO CLASIFICADOS,"Comerciantes que proporcionan los servicios del negocio y del comercio que tipicamente no se consideran las profesiones. Este MCC debe ser utilizado solamente si otro MCC mas especifico no describe el negocio del comerciante. Los ejemplos de tales servicios de negocio incluyen las companias que publican, las companias de gerencia de la conferencia, los planificadores de reunion, las companias del seminario, los cerrajeros, los servicios del correo y del embalaje, los servicios del mensaje y de la paginacion, y los servicios de la gestion de desechos. Servicios De Negocio"
7511,Otros,TRANSACCIONES - EN TRANSITO CARRETERO,"Cualquier transaccion, con excepcion de una transaccion de la atmosfera, que ocurre en el escritorio del combustible de una parada del carro, pesa la estacion, la escala publica, o el puerto de la entrada. Cualquier honorario cargado e incluido en la cantidad total de la transaccion se debe divulgar claramente al titular de tarjeta antes de terminar la transaccion, de acuerdo con la seccion 9,12,2,1 de la Mastercard Bylaws y reglas. Las transacciones de la parada del carro deben ser cara a cara conducido. Servicios De Negocio"
7512,Renta de Autos,ARRENDADORAS DE AUTOS - NO CLASIFICADAS,Solamente esas agencias del alquiler de coches para las cuales un MCC unico no se ha senalado. Alquileres De Automobile/Vehicle
7513,Otros,"RENTA - CAMIONES, (RENTA – ACCESORIOS PARA REMOLQUES),(RENTA - CAMIONES Y REMOLQUES),(RENTA - REMOLQUES)","Comerciantes que proporcionan el alquiler o alquiler con opcion a compra de largo plazo de carros, de las furgonetas a corto plazo, o de los acoplados para uso general. Tales vehiculos se utilizan para moverse o acarrear, y se alquilan sobre una base del hagalo usted mismo. Alquileres De Automobile/Vehicle"
7519,Entretenimiento,"RENTA - CASAS RODANTES, (RENTA – VEHICULOS RECREATIVOS, EXCURSIONES),","Comerciantes que alquilan hogares de motor, RVs, los campistas pop-up, los acoplados de la tienda, y otros vehiculos recreacionales en un diario, a corto plazo, o base del extendido-termino. Para el avion, la bicicleta, la motocicleta, y los alquileres del ir-carro, utilizan MCC 7999. Para los alquileres recreacionales del barco, utilice MCC 4457. Alquileres De Automobile/Vehicle"
7523,Estacionamientos,ESTACIONAMIENTOS/PENSIONES,"Los comerciantes que proporcionan estacionamiento temporal mantienen para los automoviles, generalmente en un cada hora, un diario, o una base mensual del contrato o del honorario. Servicios De Negocio"
7531,Otros,TALLERES - HOJALATERIA,"Comerciantes que realizan el trabajo de la reparacion del cuerpo automotor. Tales comerciantes tambien pueden o pueden no pintar los automoviles conjuntamente con el trabajo de la reparacion del cuerpo. Para los comerciantes que pintan sobre todo los automoviles, uso MCC 7535. Para los comerciantes que realizan el trabajo automotor de la reparacion con excepcion de la reparacion del cuerpo, uso MCC 7538. Servicios De Reparacion"
7534,Ventas al detalle (Retail),TALLERES - VULCANIZADORAS,"Este MCC identifica a comerciantes que venden, instala, repara, o retrocede los viejos neumaticos. Para los comerciantes que proporcionan otros tipos de servicios de reparacion automotores, uso MCC 7538. Para los comerciantes que venden sobre todo los neumaticos automotores nuevos, uso MCC 5532. Servicios De Reparacion"
7535,Otros,"TALLERES - PINTURA DE AUTOS, (SERVICIO - PINTADO DE AUTOMOVILES),","Comerciantes que pintan y reacaban los automoviles exclusivamente, incluyendo esos especializandose en la restauracion antigua del automovil y el diseno de encargo y pintar. Servicios De Reparacion"
7538,Ventas al detalle (Retail),TALLERES - MECANICOS,"Comerciantes que conducen reparaciones automotoras y mantenimiento general. Tal servicio puede incluir los motores, los frenos, los sistemas de aire acondicionado, los silenciadores, los extremos y los marcos delanteros, los sistemas de carburante, los carburadores, los radiadores, los parabrisas y las ventanas, y los sistemas electricos. Este mcc incluir popular rapido aceite cambio comerciante y lubricante comerciante. Las tiendas del servicio tambien pueden o pueden no realizar la alineacion de la rueda, balancear, y servicios de reparacion. Para los especialistas automotores del servicio, utilice el MCC que describe lo mas mejor posible el servicio proporcionado, por ejemplo, para las reparaciones del neumatico y retrocede, uso MCC 7534; para la pintura automotora, utilice MCC 7535; y para el trabajo de la reparacion del cuerpo automotor, uso MCC 7531. Servicios De Reparacion"
7542,Otros,SERVICIO - LAVADO DE AUTOS,"Los comercios que se lavan, enceran, y pulen los automoviles,automaticos o manuales. Si el comerciante tambien vende gasolina automotora, utilice MCC 5541. Servicios De Reparacion"
7549,Otros,SERVICIO - GRUAS Y TRASLADOS,"Los comerciantes que proporcionan remolque del vehiculo mantienen. Para los comerciantes que proporcionan sobre todo servicios del arruinamiento y del salvamento, uso MCC 5935. Servicios De Reparacion"
7622,Ventas al detalle (Retail),TALLER DE REPARACION - APARATOS ELECTRONICOS,"Comerciantes que reparan electronica (excepto aplicaciones) por ejemplo radios, televisiones, las cubiertas de cinta, CDs, receptores, estereofonias, y computadoras. Para los comerciantes que reparan aplicaciones pequenas tales como microondas, hornos de la tostadora, y tostadoras, uso MCC"
7623,Ventas al detalle (Retail),"TALLER DE REPARACION - AIRE ACONDICIONADO, (TALLER DE REPARACION - REFRIGERACION/REFRIGERADORES),","Comerciantes que casa del servicio y de la reparacion y aire acondicionado comercial, y sistemas de refrigeracion. Para los comerciantes que los aparatos electrodomesticos pequenos del servicio y de la reparacion, utilizan MCC 7629. Para los comerciantes que los aparatos electrodomesticos grandes del servicio y de la reparacion, utilizan MCC 7699. Servicios De Reparacion"
7629,Ventas al detalle (Retail),"TALLERES DE REPARACION - ELECTRICOS Y EQUIPOS PEQUEÑOS, (TALLER DE REPARACION - APARATOS ELECTRODOMESTICOS), (TALLER DE REPARACION - APARATOS ELECTRIC","Comerciantes que casa del servicio y de la reparacion y componentes electricos comerciales y aplicaciones pequenas tales como microondas, hornos de la tostadora, y tostadoras, asi como los comerciantes que maquinas de oficina electricas del servicio y de la reparacion, excepto maquinas de escribir. Para los comerciantes que se especializan en reparaciones de la maquina de escribir, uso MCC 5978. Para los especialistas en reparaciones de la electronica, utilice MCC 7622. Para los comerciantes que reparan aparatos electrodomesticos grandes, uso MCC 7699. Servicios De Reparacion"
7631,Ventas al detalle (Retail),"TALLER DE REPARACION - RELOJES DE PULSO, (TALLER DE REPARACION - JOYAS), (TALLER DE REPARACION - RELOJES)","Comerciantes que limpian y reparan todos los tipos de relojes, de relojes, y de joyeria fina. Para los comerciantes que venden sobre todo los relojes, los relojes, y joyeria fina, uso MCC 5944. Servicios De Reparacion"
7641,Ventas al detalle (Retail),"RETAPIZADOS, (TALLER DE REPARACION - MUEBLES Y ACABADOS),","Los comerciantes que reupholster, reparacion, y reacaban muebles, incluyendo los restauradores de los muebles antiguos. Para los comerciantes que venden muebles, uso MCC 5712. Servicios De Reparacion"
7692,Ventas al detalle (Retail),TALLER - SOLDADURA ELECTRICA Y AUTOGENA,"Comerciantes que realizan la reparacion de la soldadura. Para los comerciantes que realizan la soldadura de la construccion, uso MCC 1799. Servicios De Reparacion"
7699,Ventas al detalle (Retail),TALLERES DE REPARACION MISCELANEOS - NO CLASIFICADOS,"Los comerciantes que proporcionan exclusivamente servicio y reparan el trabajo, pero que no se puede clasificar debajo de comerciantes mas especificos de MCC. Such del trabajo de la reparacion incluyen los que reparen aparatos electrodomesticos grandes (por ejemplo, los hornos, las arandelas, los secadores, los lavaplatos, y los calentadores de agua), las bicicletas y el equipo que se divierte, protesis de oido, los dispositivos ortopedicos y prosteticos, los instrumentos musicales, las tiendas y los toldos, la camara fotografica y otro equipo fotografico, cortacespedeses, equipaje, y mercancias de cuero. Tambien incluye a las tiendas y a comerciantes de maquina que limpian y mantienen los hornos y las chimeneas. Servicios De Reparacion"
7829,Otros,PRODUCCION Y DISTRIBUCION DE PELICULAS Y VIDEOS,"Productores y distribuidores al por mayor de peliculas y de videos educativos e industriales para la exposicion y la venta, incluyendo las peliculas de los anuncios de la TV y de entrenamiento. Para los minoristas a que el alquiler graba a los consumidores, utilice MCC 7841. Venda al por mayor a las distribuidores y a fabricantes"
7832,Entretenimiento,"CINES, TEATROS","Comerciantes cines, incluyendo teatros. Tales comerciantes venden boletos y los refrigerios, y pueden o pueden no ofrecer las reservaciones anticipadas del boleto via el telefono. Utilice un TCC de T si el boleto se paga por adelantado via orden del telefono,"
7841,Entretenimiento,"RENTA DE VIDEOS, (VIDEOS),","Los comerciantes a que el alquiler graba, los discos laser, DVDs, y los juegos video para el consumidor utilizan en el pais. Tales comerciantes pueden o pueden no vender una seleccion limitada de videos usados, de bebidas, del caramelo, de bocados, y de cintas en blanco. Diversion y hospitalidad"
7911,Colegios y Universidades,BAILE - SALONES Y ESCUELAS DE BAILE,"Comerciantes que funcionan estudios de la danza, escuelas de la danza, y pasillos o salones de baile publicos de la danza, y carga para los honorarios de la admision, las lecciones, y los refrigerios. Tales comerciantes pueden ensenar muchos tipos de danza o especializarse en golpecito y ballet clasico, salon de baile, la instruccion de la danza del cuadrado, u otros tipos de danza. Diversion y hospitalidad"
7922,Entretenimiento,TEATROS Y CINES,"Comerciante que funciona el teatro en vivo, companias y grupos de teatro de verano. Servicio asociaciones de produccion de teatro y conciertos, agencia, reservacion , paisaje, iluminacion, y otro equipo servicio, agencias de boleto de teatro. Utilizar uno TCC t para la venta de boleto venta queson por correo orden, telefono orden, o otro no-cara-a-cara metodo. Para pelicula teatro, utilizar mcc 7832. Diversion y hospitalidad"
7929,Otros,"BANDAS, ORQUESTAS, GRUPOS,DIVERSIONES - NO CLASIFICADOS","Los comerciantes que proporcionan la hospitalidad con excepcion de producciones de teatro, e incluyen a musicos, a vendas, a las orquestas, a los comicos, y a magos. Incluyen a los comerciantes que se especializan en el abastecimiento de musica (las vendas o los jinetes vivos del disco DJs ) para las bodas o los acontecimientos especiales tambien. Diversion y hospitalidad"
7932,Entretenimiento,BILLARRES,"Comerciantes que funcionan los establecimientos que alquilan las tablas de la piscina o del billiard para la hospitalidad. Tales comerciantes pueden ofrecer las tablas de fichas de la piscina, o pueden alquilar las tablas de la piscina por el juego o rapidamente por hora. Shuffleboard, los dardos, y otros juegos y refrigerios pueden tambien estar disponibles. Diversion y hospitalidad"
7933,Entretenimiento,BOLICHES,"Los comerciantes que funcionan las mesas de boliche, y pueden aceptar las tarjetas de la Mastercard para los honorarios de alquiler, las favorables compras de la tienda, los refrigerios, o los honorarios del uso. Los comerciantes situados dentro del lugar que se manejan por separado deben ser clasificados con el MCC apropiado para ese tipo de negocio. Por ejemplo, un restaurante situado dentro de un lugar del boliche debe utilizar MCC 5812; una barra debe utilizar MCC 5813. Diversion y hospitalidad"
7941,Entretenimiento,"CLUBES DEPORTIVOS PROFESIONALES,(HIPODROMOS, AUTODROMOS, GALGODROMOS),(ESTADIOS DEPORTIVOS),(CAMPOS DE ATLETISMO),(DEPORTES - PROMOTORES Y PROFESIONAL","Los comerciantes que funcionan y promueven a semiprofessional y a clubs atleticos profesionales (tales como beisbol, baloncesto, balompie, hockey, y futbol), promueven el aficionado y acontecimientos atleticos profesionales, y manejan a atletas individuales. Las arenas y los estadios de los deportes tambien se incluyen. Utilice un TCC de T para las ventas atleticas del boleto del acontecimiento que ocurren por correo la orden, la orden del telefono, o el otro metodo de la no-cara-a-cara. Diversion y hospitalidad"
7991,Otros,EXHIBICIONES Y ATRACCIONES TURISTICAS,"Comerciantes que funcionan atracciones y los objetos expuestos turisticos para la hospitalidad, tal como exposiciones, los jardines botanicos, las demostraciones del arte, los museos, y los lagares. Para el arte los objetos expuestos sostuvieron en las galerias de arte, utilizan MCC 5971. Diversion y hospitalidad"
7992,Entretenimiento,CAMPOS DE GOLF - PUBLICO,"Los comerciantes que funcionan golf publico cursan. Los servicios ofrecidos pueden de incluir honorarios de los verdes y los alquileres del carro o de equipo del golf. Para los restaurantes y los cafes situados en el golf curse, utilice MCC 5812. Para las favorables tiendas que venden las fuentes y equipo, el uso golfing MCC 5941. Para 7997 los clubs del pais y los cursos privados del golf, utilice MCC. Diversion y hospitalidad"
7993,Ventas al detalle (Retail),"VENTA DE VIDEO JUEGOS, ACCESORIOS","Comerciantes que venden las maquinas, el equipo, y fuentes de fichas de la diversion. Los productos para la venta pueden incluir las maquinas video del juego, las cajas del juke, las maquinas del billar automatico, las maquinas de ranura, los juegos mecanicos, y las cabinas inmediatas de la fotografia. Para los comerciantes que funcionan arcadas del video y del juego, uso MCC 7994. Diversion y hospitalidad"
7994,Entretenimiento,VIDEO JUEGOS - ESTABLECIMIENTOS,"Comerciantes que funcionan juegos interactivos y los juegos del maquina de la diversion, por ejemplo jukeboxes, video, las maquinas del billar automatico, el paintball, y juegos de la etiqueta del laser, juegos mecanicos, y cabinas inmediatas de la fotografia. los juegos Internet-basados (con excepcion del juego) tambien son incluidos y se deben identificar con un TCC de T. For que los comerciantes que venden el equipo de la diversion, utilizan MCC 7993. Para los comerciantes que funcionan los juegos que implican wagering, uso MCC 7995. Diversion y hospitalidad"
7995,Ventas al detalle (Retail),"CASINOS, CASAS DE JUEGO, (APUESTAS, INCLUYE BILLETES DE LOTERIA),(LOTERIAS, JUEGOS DE AZAR),(APUESTAS - CARRERAS DE CABALLOS),","Cualquier transaccion, con excepcion de una transaccion de la atmosfera, implicando la colocacion de un wager, la compra de un boleto de la loteria, el juego de aviones del comercio, o la compra de virutas o de otra valor usable para jugar conjuntamente con actividades del juego proporciono wagering o apostando los establecimientos tales como casinos, pistas de la raza, frontons del alai del jai, salas de la tarjeta, lineas aereas, y similares. Cualquier honorario cargo e incluyo en la cantidad total de la transaccion se debe divulgar claramente al titular de tarjeta antes de terminar la transaccion, de acuerdo con la seccion 9,12,2,1 de la Mastercard Bylaws y reglas. Tal cobro no se puede cargar para las transacciones de aviones del juego del comercio. Los adquirentes deben identificar todas las transacciones del juego con MCC 7995 de modo que los emisores esten completamente enterados de la naturaleza de estas transacciones. Los adquirentes deben procesar transacciones cara a cara del juego de acuerdo con ""terminar la transaccion unica en un terminal de POI"" en el cap¡tulo 4 del manual de referencia de GCMS. Los adquirentes deben procesar transacciones alejadas del juego de acuerdo con el ""proceso de los procedimientos para las transacciones no cara a cara"" y la ""aplicabilidad de reglas"" en el cap¡tulo 4 del manual de referencia de GCMS. Para otros tipos de compras se asocio al establecimiento, tal como alimento, alojamiento, o el paso, utiliza el MCC que describe lo mas mejor posible esa transaccion. Diversion y hospitalidad"
7996,Entretenimiento,"ADIVINOS, LECTURA DE CARTAS, (CIRCOS),(PARQUES DE DIVERSION),(FERIAS)","Comerciantes que funcionan los parques de atracciones y los carnavales que ofrecen paseos mecanicos, bocados y soportes del alimento, juegos, los objetos expuestos animales, y la hospitalidad. Incluyen los circos, las cajas de la fortuna, los astrologers, a los lectores de tarjetas del tarot, y a los misticos tambi‚n. Diversion y hospitalidad"
7997,Entretenimiento,"CLUBS DEPORTIVOS - MEMBRESIAS,(CURSOS PRIVADOS DE GOLF),(CLUBS DE TENIS - MEMBRESIAS),(CLUBS - MEMBRESIAS (ATLETICOS, DEPORTIVOS, DIVERSION)),(CAMPO D","Comerciantes que funcionan deportes y las instalaciones de la reconstruccion que requieren calidad de miembro. Los ejemplos de tales instalaciones incluyen a ejercicio, a los clubs atleticos, y de la salud, a los clubs del pais, a los cursos privados del golf, a los clubs del yate del canotaje, a los clubs de natacion, a los clubs del tenis, a las ligas de deportes con balones, a los clubs de equitacion, a los clubs de tiro y del arma, y a clubs del racquetball. Tales comerciantes pueden o no pueden proporcionar servicios del masaje y servicios del balneario tales como facials, asesoramiento del control del peso, banos aromatherapy, de vapor, y torbellinos. Para los comerciantes que proporcionan sobre todo masajes, uso MCC 7297; para los comerciantes que funcionan sobre todo un balneario y sus servicios relacionados, uso MCC 7298. Diversion y hospitalidad"
7998,Entretenimiento,"ACUARIOS, ESPECTACULOS MARINOS","Comerciantes que funcionan parques y los parques zoologicos de la vida del mar para la hospitalidad y la educacion del publico en general. Otros servicios situados en las premisas, tales como restaurantes o tiendas de regalos, se deben clasificar con el MCC que describe lo mas mejor posible ese tipo de negocio. Diversion y hospitalidad"
7999,Entretenimiento,"JARDINES BOTANICOS,(CAMPOS DE SKI),(INSTRUCTORES DE DEPORTES),(ZOOLOGICOS),(GOLFITO Y GO-KARS),(SERVICIOS DE ENTRETENIMIENTO Y DE DIVERSION),(INSTRUCT","Los comerciantes que proporcionan una variedad amplia de servicios de la reconstruccion y de la hospitalidad que no sean descritos por otros, un MCC. mas especifico Typically, estos comerciantes proporcionan los servicios que requieren la participacion fisica activa tal como natacion, jugando golf miniatura, el esqui de la nieve, competir con de coche miniatura, patinaje en hielo, escalar, montar caballo. Como regla general, estos comerciantes no son clubs y no requieren calidad de miembro. Para los deportes privados y los clubs de la reconstruccion que requieren calidad de miembro, utilice MCC 7997. Para los alquileres del barco, utilice MCC 4457, y para los cursos publicos del golf, uso MCC 7992. Diversion y hospitalidad"
8011,Médicos y dentistas,"MEDICOS Y CIRUJANOS GENERALES O DE ESPECIALIDADES, DERMATOLOGIA, PSIQUIATRIA, RADIOLOGIA, ORTOPEDIA, PEDIATRIA, NEUROLOGIA, GINECOLOGIA, OBSTETRICIA U OTROS. CONSULTORIOS MEDICOS QUE NO SEAN CLINICAS NI HOSPITALES.","Los medicos dedicados a una practica de general o la medicina y la cirugia especializadas que no es identificada mas exactamente por otros giros mas especificos de MCC. se incluyen a cirujanos, a dermatologists, a siquiatras, a radiologos, a ortopedistas, a pediatras, a neurologos, a obstetricos, y a ginecologos plasticos y cosmeticos. Servicios profesionales y organizaciones de la calidad de miembro"
8031,Médicos y dentistas,MEDICOS OSTEOPATAS. CONSULTORIOS MEDICOS QUE NO SEAN CLINICAS NI HOSPITALES.,"Medicos licenciados que proporcionan la terapia que implica la manipulacion no-quirurgica y el ajuste de las estructuras del hueso. Para los ortopedistas que proporcionan tratamientos quirurgicos, uso MCC 8011. Servicios profesionales y organizaciones de la calidad de miembro profesionales medicos de 8041quiropracticos que proporcionan la terapia en la cual se manipulan y se ajustan la columna y los miembros espinales. Servicios profesionales y organizaciones de la calidad de miembro"
8041,Médicos y dentistas,QUIROPRACTICOS. CONSULTORIOS MEDICOS QUE NO SEAN CLINICAS NI HOSPITALES.,QUIROPRACTICOS
8042,Médicos y dentistas,"OFTALMOLOGOS Y OPTOMETRISTAS, CONSULTORIOS MEDICOS QUE NO SEAN CLINICAS NI HOSPITALES, PARA OPTICAS USAR GIRO 8043.","Los optometras son los profesionales medicos que examinan y tratan defectos del ojo con las lentes correctivas o los ejercicios. Los oftalmologos son los medicos licenciados que se especializan en las estructuras, las funciones, y las enfermedades del ojo, y pueden realizar cirugia. Ellos pueden o no pueden llenar prescripciones de lente o de lentes de contacto, o venta de armazones de los lentes. Servicios profesionales y organizaciones de la calidad de miembro"
8043,Otros,"OPTICAS, LENTES Y ANTEOJOS","Comerciantes que leen las prescripciones para la correccion visual, piden las lentes, hacen y venden anteojos y las lentes de contacto, y pueden realizar examinaciones del ojo. Opticians puede tambien vender una variedad de mercancias opticas tales como gafas de seguridad, gafas de sol (prescripcion y regular), casos que llevan, y soluciones de la lente de la lente y de contacto. los comerciantes de los ""eyeglasses de una hora"" situados generalmente en alamedas de compras son incluidos. Para los comerciantes que examinan ojos y tratan defectos del ojo con los procedimientos que pueden implicar cirugia o tecnicas quirurgicas, uso MCC 8042. Servicios profesionales y organizaciones de la calidad de miembro"
8049,Médicos y dentistas,"PEDICURISTAS, QUIROPEDISTAS. CONSULTORIOS MEDICOS QUE NO SEAN CLINICAS NI HOSPITALES.",Medicos que se especializan en la diagnosis y el tratamiento de las dolencias del pie. Servicios profesionales y organizaciones de la calidad de miembro
8050,Otros,"SERVICIOS DE RECUPERACION, (SERVICIOS DE ENFERMERAS Y CUIDADO DE PERSONAS)","Comerciantes que proporcionan el oficio de enfermera el hospitalizado y servicios personales relativos a la salud del cuidado. Debido a su condicion mental o fisica, los pacientes en estas instalaciones pueden requerir la administracion de medicaciones y de tratamientos o la supervision de medicaciones administradas de acuerdo con las recetas de un medico. Este MCC incluye clinicas de reposo, instalaciones del hospicio, y las instalaciones del repozo que proporcionan cuidado a largo plazo y no realizan generalmente cirugia. Servicios profesionales y organizaciones de la calidad de miembro"
8062,Hospitales,HOSPITALES Y CLINICAS,"Los hospitales que proporcionan servicios de diagnostico, el tratamiento medico extenso incluyendo cirugia, y otros servicios del hospital, tan bien como los servicios continuos del oficio de enfermera para el enfermo y danaron. Incluye hospitales mentales y psiquiatricos, los hospitales de los ninos, y los hospitales de maternidad. Para las clinicas del animal domestico o los hospitales del animal domestico, utilice MCC 0742. Servicios profesionales y organizaciones de la calidad de miembro"
8071,Otros,"LABORATORIOS DENTALES, (LABORATORIOS MEDICOS)","Comerciantes que proporcionan servicios a los profesionales medicos y dentales y a los pacientes referidos por los medicos o los dentistas. Incluye los laboratorios medicos que realizan analisis biologico, analisis de la sangre, urinalysis, la radiografia, el analisis bacteriologico, y el analisis de diagnostico, y los laboratorios dentales que hacen las dentaduras, los dientes artificiales, las coronas y los puentes, y las aplicaciones ortodonticas modificadas para requisitos particulares. Servicios profesionales y organizaciones de la calidad de miembro"
8099,Otros,SERVICIOS MEDICOS Y PARAMEDICOS - NO CLASIFICADOS,"Los profesionales medicos que no son descritos por otros, un MCC. mas especifico ejemplo incluyen a therapists fisicos, a therapists ocupacionales, a psicologos, y a otros medicos de la salud tales como bancos de la sangre, clinicas previstas de la paternidad, clinicas de la fertilidad, centros quimicos de la dependencia, servicios de prueba el oir, therapists licenciados del masaje, clinicas quirurgicas del reemplazo del pelo, y se divierten clinicas de la medicina. Servicios profesionales y organizaciones de la calidad de miembro"
8111,Otros,"SERVICIOS LEGALES, (ABOGADOS)","Personas que son funcionados por los miembros de la barra y proporcionan asesoramiento juridico y servicios. ellos pueden especializarse en una area del pleito tal como divorcio o bancarrota, o proporcione un espectro completo de servicios juridicos. Servicios profesionales y organizaciones de la calidad de miembro"
8211,Educación Básica,"ESCUELAS Y COLEGIOS, NIVELES PREESCOLAR O KINDER, PRIMARIA Y SECUNDARIA, PREPARATORIAS CUANDO NO CUENTEN CON GRADO UNIVERSITARIO.","Escuelas elementales y secundarias que proporcionan la instruccion academica del jardin de la infancia a traves del duodecimo grado, incluyendo publico, privado, parroquial, y colegios de internos. Para los pre-entrenamientos, utilice MCC 8351. Servicios profesionales y organizaciones de la calidad de miembro"
8220,Colegios y Universidades,"UNIVERSIDADES, (COLEGIOS Y PREPARATORIAS), (ESCUELAS PROFESIONALES), POSGRADO","Comunidad y universidades de primero y segundo ano, universidades, seminaries theological, y escuelas profesionales (dental incluyendo, ley, ingenieria, y medico) que proporcionan cursos academicos y conceden grados academicos. El requisito para la admision debe ser por lo menos un diploma de la High School secundaria o su equivalente. Para el negocio y las escuelas de secretaria, utilice MCC 8244, y para las escuelas vocacionales y comerciales, uso MCC 8249. Servicios profesionales y organizaciones de la calidad de miembro"
8241,Educación Básica,ACADEMIAS Y ESCUELAS DE CURSOS POR CORRESPONDENCIA.,Escuelas por correspondencia que ofrecen la instruccion educativa a traves del correo enviando lecciones y examinaciones al estudiante. Servicios profesionales y organizaciones de la calidad de miembro
8244,Colegios y Universidades,"ESCUELAS - ADMINISTRACION, (ESCUELAS - COMERCIALES Y SECRETARIALES), (ESCUELAS SECRETARIALES),","Negocio y escuelas de secretaria que ofrecen el entrenamiento general del negocio tal como operacion de maquina de negocio, procedimientos de la oficina, procesamiento de textos, taquigraficas, y otras habilidades administrativas. Tal oferta de las escuelas un certificado del entrenamiento pero no ofrece grados academicos. Para las escuelas vocacionales y comerciales, utilice MCC 8249. Servicios profesionales y organizaciones de la calidad de miembro"
8249,Colegios y Universidades,"ESCUELAS - PROFESIONALES, (PROFESIONAL), (ESCUELAS - DIPLOMADOS)","Escuelas comerciales y vocacionales que ofrecen el entrenamiento y la instruccion en profesiones especializadas tales como soldadura, mecanicos, carpinteria, propiedades inmobiliarias, y conducir del carro. Tal oferta de las escuelas un certificado del entrenamiento pero no ofrece grados academicos. Servicios profesionales y organizaciones de la calidad de miembro"
8299,Educación Básica,"ACADEMIAS Y ESCUELAS SIN GRADO ACADÉMICO, INSTRUCCIÓN O CURSOS DE MUSICA, ARTE, COCINA, MODELAJE, KARATE, MANEJO U OTROS.","Las escuelas que ofrecen los cursos y los servicios educativos que no son descritos por otros giros mas especificos de MCC. Se incluyen las escuelas que ensenan la musica, drama, arte, el cocinar, el modelar, escuelas del karate, instruccion para conductores, seguridad de trafico, escuelas de aviacion. Para las escuelas de la danza, utilice MCC 7911. Para las escuelas que conceden los grados academicos para los cursos del estudio en musica, drama, y arte, aplicaciones MCC 8220. Servicios profesionales y organizaciones de la calidad de miembro"
8351,Misceláneos,"GUARDERIAS, PUERICULTURA, ESTANCIAS INFANTILES.","Las empresas que proporcionan cuidado de nino incluyendo nannies, estancias infantiles, y centros del cuidado del dia. Estos cuidan tipicamente para los infantes y los ninos preescolares, pero pueden tambien cuidar para mas ninos mas grandes, y pueden o no pueden proporcionar programas educativos."
8398,Beneficencia,"ORGANIZACIONES DE SERVICIO SOCIAL, (ORGANIZACIONES DE BENEFICENCIA)","Organizaciones (non-political) caritativas que solicitan las contribuciones, las organizaciones de servicio social que proporcionan servicios de la asistencia social, grupos de la defensa, organizaciones de la comunidad, y las agencias de la salud. Utilice un TCC de T para donaciones realizadas con metodos no cara a cara tales como ordenes del telefono. Servicios profesionales y organizaciones de la calidad de miembro"
8641,Otros,"ASOCIACIONES - CIVICAS Y FRATERNIDADES, (ASOCIACIONES SOCIALES),(ASOCIACIONES - DE BENEFICIENCIA Y SERVICIO SOCIAL)","Las asociaciones dedicadas a actividades civicas, sociales, o fraternales. Tales asociaciones incluyen asociaciones de los alumnos y los clubs, los clubs del aumentador de presion, los clubs de los businesspersons, los clubs de la calidad de miembro de la comunidad, las casas de campo fraternales, las fraternidades , los clubs sociales, las organizaciones de los veteranos, y las asociaciones de la juventud. Las actividades de estos grupos pueden incluir movilizacion de fondos politica; sin embargo, si este es el proposito primario de la organizacion, uso MCC 8651. Servicios profesionales y organizaciones de la calidad de miembro"
8651,Otros,ORGANIZACIONES - POLITICAS,"Intereses de un nacional, de un estado, o de un partido o de un candidato politico local, incluyendo los grupos politicos organizados especificamente para levantar los fondos para un partido politico o un candidato individual. Servicios profesionales y organizaciones de la calidad de miembro"
8661,Otros,ORGANIZACIONES - RELIGIOSAS,"Organizaciones religiosas que proporcionan servicios de la adoracion, el entrenamiento religioso o el estudio, y actividades religiosas. Los ejemplos son iglesias, conventos, monasterios, mosques, shrines, synagogues, y templos. Servicios profesionales y organizaciones de la calidad de miembro"
8675,Otros,ASOCIACIONES - AUTOMOVILISTICAS,"Asociaciones y clubs del automovil. Tales comerciantes proveen de miembros servicios especiales tales como informacion de la condicion del recorrido y de camino, mapas y guias, y tarifas de los specials en los restaurantes, los hoteles, y las agencias del alquiler de coches. Estos comerciantes cargan a menudo un honorario anual de la calidad de miembro. Servicios profesionales y organizaciones de la calidad de miembro"
8699,Otros,"SINDICATOS, (ASOCIACIONES- NO CLASIFICADAS), (ASOCIACIONES PROFESIONALES)","Las organizaciones o las asociaciones que no son descritas por otras, un MCC. mas especifico Examples incluyen los clubs historicos, los sindicatos, los clubs de la poesia, los consejos del arte, y las asociaciones del arrendatario o del condominio. Para la calidad de miembro a la salud y a los clubs atleticos, utilice MCC 7997. Servicios profesionales y organizaciones de la calidad de miembro"
8734,Otros,LABORATORIOS DE PRUEBAS (NO MEDICOS),"Los comerciantes que proporcionan la prueba no-medica mantienen a otros negocios. Los ejemplos de tales servicios incluyen el automovil que prueba, calibracion, y certificacion, alimento que prueba, prueba forense, producto y contaminacion que prueba, y los servicios industriales de la inspeccion de la radiografia. Para los laboratorios de prueba medicos, utilice MCC 8071. Servicios profesionales y organizaciones de la calidad de miembro"
8911,Otros,"PROYECTOS INGENIERILES Y DE ARQUITECTURA, (PROYECTOS - INVESTIGACIO DE MERCADOS, ENCUESTAS),(PROYECTOS - ARQUITECTONICOS Y DE INGENIERIA)","Comerciantes que proporcionan arquitectonico profesional, dirigiendo, y tierra, agua, y servicios que examinan aereos. Incluidos son los disenadores caseros y del edificio, la nave, el barco, y los ingenieros y los disenadores de la maquina, y los ingenieros arquitectonicos. Servicios profesionales y organizaciones de la calidad de miembro"
8931,Otros,"SERVICIOS - CONTABILIDAD, (SERVICIOS - CONTABLES),(SERVICIOS - AUDITORIAS)","Los comerciantes que proporcionan la contabilidad, facturacion, nomina de pago y otro relacionaron la revision de servicios, incluyendo los contables publicos certificados (CPAs). Tales comerciantes pueden tambien proporcionar servicios de la preparacion del impuesto sobre la renta ademas de servicios de contabilidad y de revision. Para los comerciantes que proporcionan la preparacion del impuesto sobre la renta mantiene sin tambien el abastecimiento de contabilidad, de la revision, y de los servicios de la contabilidad, uso MCC 7276. Servicios profesionales y organizaciones de la calidad de miembro"
8999,Otros,SERVICIOS PROFESIONALES - NO CLASIFICADOS,"Los comerciantes contratados a ""profesiones tradicionales"" los servicios altamente especializados de esa oferta, y requieren a menudo a empleados obtener la educacion o el entrenamiento avanzada o especializada para proporcionar los servicios. Este MCC se debe utilizar solamente si el negocio del comerciante no es descrito por otro, un MCC. mas especifico Ejemplo comerciantes incluye corredores de hipoteca, las firmas de la investigacion, los planificadores financieros, los disenadores graficos, los conferencistas, los taquigrafos de la corte, los tasadores de las propiedades inmobiliarias, las firmas de la investigacion, y las casas de subasta. Servicios profesionales y organizaciones de la calidad de miembro"
9211,Gobierno,"PENSIONES ALIMENTICIAS,(COSTOS DE JUICIOS)","Local, estado, y cortes de la ley federales que administran y procesan honorarios de corte (tales como honorarios de proceso de los costos y del pleito de la administracion del caso), los alimentos, y los pagos de la ayuda del nino. Para los comerciantes a que las multas o las penas de proceso asociaron al sistema judicial, utilice MCC 9222. Servicios De Gobierno"
9222,Gobierno,MULTAS,"Entidades del gobierno que administran y procesan local, estado, y multas y penas federales, violaciones del vehiculo de motor, y comunidad o multas determinadas caracteristica. Servicios De Gobierno"
9223,Otros,PAGOS Y DEPOSITOS DE FIANZAS,Comerciantes que la fianza del poste al sistema judicial como seguridad para el aspecto del arraigo a un individuo. Servicios De Gobierno
9311,Gobierno,PAGOS DE IMPUESTOS,"Local, estado, y entidades federales que se dedican a la administracion y a impuestos financieros, incluyendo la coleccion de impuestos y de penas y de la custodia y del desembolso de fondos. Tales comerciantes incluyen a las oficinas de los asesores de la contribucion territorial y sus oficinas , y a comisiones del impuesto de estado. Servicios De Gobierno"
9399,Gobierno,"OTROS PAGOS DE SERVICIOS - NO CLASIFICADOS, (BOMBEROS),(PAGOS DE SERVICIOS - DEPARTAMENTO DISTRITO FEDERAL), (PAGOS DE SERVICIOS - TESORERIA),","Otros no describen a los comerciantes que proporcionan servicios de ayuda generales al gobierno tal como personal, analistas, consecucion, y los servicios de la gerencia de edificio, y, un MCC. mas especifico Ejemplo incluyen los derechas civiles y las comisiones de la funcion publica, las oficinas de la contabilidad del gobierno general, las oficinas de los servicios del general, las agencias de fuente del gobierno, policia, el fuego, y departamentos del vehiculo de motor, y nacional, el estado, y parques de la ciudad. Para las transferencias del intra-gobierno (IGOTS) programe las transacciones, uso MCC 9405. Para las universidades y las universidades de estado, utilice MCC 8220. Los comerciantes implicados en la venta de mercancias o de servicios al gobierno deben utilizar el MCC que describa lo mejor posible el negocio. Servicios De Gobierno"
9402,Gobierno,SERVICIOS POSTALES - SOLO GOBIERNO,"Las oficinas postales del gobierno, incluyendo correos local ramifican. Los servicios proporcionados incluyen aceptar y el proceso de los paquetes y del correo para la entrega, vendiendo sellos, y servicios el enviar expreso. Para los almacenes de empaquetado del correo que proporcionan servicios de empaquetado y venden estampillas, tarjetas de saludo, y envolverse, y que pueden tambien proporcionar los servicios para la UPS, federal exprese, y otros servicios de correo expreso, uso MCC 7399. Servicios De Gobierno"
9950,Gobierno,COMPRAS INTERGUBERNAMENTALES,COMPRAS INTERGUBERNAMENTALES
