place_id,nombre,plaza,direccion,telefono,sitio_web,mcc,familia,payment_signal,signal_evidence,intent_score,eligible,disqualifier,outreach_message,rationale,resenas_totales,calificacion,trace_id,schema_version
ChIJXWVKsl4BzoURwtKCG44M45Q,Taquería El Güero,Ciudad de México,"Av. Guadalupe I. Ramírez 25, San Antonio, Xochimilco, 16000 Ciudad de México, CDMX, Mexico",56 3292 6198,,5812,Restaurantes,confirmed_no_card,campo de Google: solo efectivo,98,True,,"Hola, veo que Taquería El Güero se llena todos los días por sus tacos al pastor pero solo manejan efectivo. Con la terminal Konfío cobras rapidísimo con tarjeta a tus comensales y no dejas ir ventas en la noche. ¿Te envío información?",Taquería con más de 800 reseñas y confirmada como negocio de solo efectivo.,865,4.6,trc_01M1DFHV0XAZFFD2N2HRYT68Z3,1.0
ChIJo6Zhj0L_0YURRFnw4GR8dew,La Esquina Del Chilaquil,Monterrey,"Alfonso Reyes 139, Hipódromo, Cuauhtémoc, 06100 Ciudad de México, CDMX, Mexico",55 7544 4723,https://la-esquina-del-chilaquil.shop/,5814,Comida Rápida,confirmed_no_card,campo de Google: solo efectivo,98,True,,"Hola, con las largas filas diarias en La Esquina Del Chilaquil y al operar solo con efectivo, una terminal Konfío les permitirá cobrar rapidísimo con tarjeta y contactless sin demorar la fila. ¿Te comparto opciones de terminales hoy?",Comercio icónico de comida con tráfico masivo que no acepta tarjetas según Google.,11233,4.4,trc_01M1DHHXTHDDBWSFK9FJN1PV33,1.0
ChIJiRZXXCoDzoURpnMH4AzIsy8,Distribuidora de carne Tlaltenco,Ciudad de México,"Entre Calle Carlos A. Vidal y Centenario, Morelos, San Francisco Tlaltenco, Tláhuac, 13400 Ciudad de México, CDMX, Mexico",55 2594 4828,,5422,Misceláneos,confirmed_no_card,campo de Google: solo efectivo,95,True,,"Hola, veo que Distribuidora de carne Tlaltenco tiene gran afluencia de clientes y actualmente solo manejan efectivo. Con la terminal Konfío puedes agilizar el cobro con tarjeta, evitar filas y aumentar las compras promedio de carne. ¿Te gustaría probarla?",Distribuidora de carne de alto flujo con confirmación de cobro exclusivo en efectivo.,185,4.7,trc_01M1DFHV0XAZFFD2N2HRYT68Z3,1.0
ChIJeUVlhCv80YURQXIE2alO3Bo,Tacos Charly,Ciudad de México,"Ote 108 2019, Bramadero Ramos Millán, Iztacalco, 08000 Ciudad de México, CDMX, Mexico",55 5650 9346,https://www.facebook.com/Tacoscharlydesde1990?mibextid=ZbWKwL,5814,Comida Rápida,confirmed_no_card,campo de Google: solo efectivo,95,True,,"Hola, veo el gran éxito de Tacos Charly con miles de comensales, pero aún operan solo con efectivo. Con la terminal Konfío puedes cobrar rapidísimo con tarjeta, reducir filas y aumentar el ticket promedio de tus clientes. ¿Te gustaría probarla?",Taquería con altísimo volumen de clientes y confirmación de cobro exclusivo en efectivo.,2948,4.3,trc_01M1DFHV0XAZFFD2N2HRYT68Z3,1.0
ChIJldwQ9b_10YUR7Lb2Ko7Q9uQ,Tacos El Cuñado,Ciudad de México,"Blvd. Tultitlan Ote. 91, San Juan, 54900 Tultitlán de Mariano Escobedo, Méx., Mexico",55 7051 2547,,5814,Comida Rápida,confirmed_no_card,campo de Google: solo efectivo,95,True,,"Hola, vi que Tacos El Cunado tiene un gran flujo de clientes y solo aceptan efectivo. Al integrar una terminal Konfio podras cobrar rapido con tarjeta, evitar el manejo de efectivo y brindar un servicio mas comodo e higienico.",Taquería de alto flujo con confirmación de solo efectivo según datos estructurados.,3146,4.3,trc_01M1DFHV0XAZFFD2N2HRYT68Z3,1.0
ChIJp1ma7H60KIQRQENIp9CXEwA,Tacos El Tío,Guadalajara,"Cto. Loma Nte., Loma Dorada Delegación B, 45402 Tonalá, Jal., Mexico",33 2536 6067,,5814,Comida Rápida,confirmed_no_card,campo de Google: solo efectivo,95,True,,"Hola, vi que Tacos El Tio cuenta con gran popularidad en Tonala y maneja pagos solo en efectivo. Con la terminal Konfio puedes cobrar de inmediato con tarjeta, reducir filas y aumentar el consumo promedio por mesa.",Taquería con altísimo número de reseñas que solo opera en efectivo.,1918,4.4,trc_01M1DFHV0XAZFFD2N2HRYT68Z3,1.0
ChIJDZpx4-L90YUR6X0ek9Jx1Zg,TACOTITLA,Ciudad de México,"Manzana 11 Lote 23, esq. Tlaxcanes, Puentetitla, Amp Ricardo Flores Magón, Iztapalapa, 09828 Ciudad de México, CDMX, Mexico",55 7693 3383,,5814,Comida Rápida,confirmed_no_card,campo de Google: solo efectivo,95,True,,"Hola, en Tacotitla tienen un flujo enorme con sus tacos de suadero, pero actualmente solo reciben efectivo. Cobrar con tarjeta acelerará el servicio en horas pico y evitará perder consumos de clientes sin efectivo. ¿Te gustaría probar una terminal rápida para alto volumen?",Taquería con enorme volumen de reseñas que opera únicamente en efectivo.,1498,4.3,trc_01M1DFHV0XAZFFD2N2HRYT68Z3,1.0
ChIJ8fRRART50YURCJuqSnbg47Q,Consultorio Dental Morell (Dentista 24hrs),Ciudad de México,"Gustavo E. Campa 10, Vallejo, Gustavo A. Madero, 07870 Ciudad de México, CDMX, Mexico",55 5517 4288,https://www.facebook.com/profile.php?id=100083375077528,8011,Médicos y dentistas,confirmed_no_card,campo de Google: solo efectivo,95,True,,"Hola Dr. Morell, veo la alta demanda en tus urgencias dentales 24 hrs en Vallejo. Al aceptar solo efectivo, muchos pacientes con imprevistos médicos necesitan pagar con tarjeta. Con la terminal Konfío cobras de inmediato y sin trabas. ¿Platicamos?",Consultorio dental 24 horas con alto volumen de reseñas y confirmado de solo efectivo.,300,4.8,trc_01M1DFHV0XAZFFD2N2HRYT68Z3,1.0
ChIJSymizID-0YURNNF6RAJVCig,"Tacos ""El Güero""",Ciudad de México,"08770, C. 4 MZ13 LT19, Los Picos de Iztacalco II A, Iztacalco, 08760 Ciudad de México, CDMX, Mexico",55 2748 8945,,5814,Comida Rápida,confirmed_no_card,campo de Google: solo efectivo,95,True,,"Hola, felicidades por las más de 500 opiniones de Tacos El Güero. Noté que solo reciben efectivo; con una terminal Konfío puedes aceptar tarjetas y atender más rápido en horas pico sin hacer filas para dar cambio. ¿Te interesa probarla?",Taquería con alto flujo de clientes y confirmación estructurada de solo cobro en efectivo.,537,4.6,trc_01M1DFHV0XAZFFD2N2HRYT68Z3,1.0
ChIJs0KnqQL70YURDEfpA1kVERU,Rosticería Rivera,Ciudad de México,"Hda. Torrecillas 187-Loc 1, Impulsora Popular Avicola, 57130 Cdad. Nezahualcóyotl, Méx., Mexico",55 3842 2014,,5814,Comida Rápida,confirmed_no_card,campo de Google: solo efectivo,95,True,,"Hola, veo que Rosticería Rivera tiene muchísima preferencia con casi 400 opiniones, pero solo aceptan efectivo. Al integrar una terminal Konfío facilitas la compra de paquetes familiares con tarjeta y cobras al instante. ¿Te gustaría platicar sobre una terminal?",Rosticería de alto volumen comercial con registro de solo aceptar efectivo.,389,4.3,trc_01M1DFHV0XAZFFD2N2HRYT68Z3,1.0
ChIJ5_BTqs8ezoURF_ToyIHfAdM,Cocina Familiar Diana,Ciudad de México,"C. Reforma 62, Ejidal, 56604 Chalco de Díaz Covarrubias, Méx., Mexico",55 5975 0222,,5812,Restaurantes,confirmed_no_card,campo de Google: solo efectivo,95,True,,"Hola, veo que Cocina Familiar Diana tiene casi mil reseñas y gran éxito, pero solo aceptan efectivo. Con la terminal Konfío agilizas el cobro de cuentas grandes de barbacoa y evitas perder comensales.",Restaurante con altísimo volumen de reseñas que confirma operar únicamente con efectivo.,950,4.4,trc_01M1DFHV0XAZFFD2N2HRYT68Z3,1.0
ChIJ6_A3ZGcDzoURdsFQCdvgeaw,Taquería Los Pequeños Charly's,Ciudad de México,"Antiguo Camino Xochimilco-tulyehualco 3, San Luis Tlaxialtemalco, Xochimilco, 16610 Ciudad de México, CDMX, Mexico",55 3949 0716,,5812,Restaurantes,confirmed_no_card,campo de Google: solo efectivo,95,True,,"Hola, vi el enorme volumen de comensales que visitan Taqueria Los Pequenos Charlys y que solo aceptan efectivo. Con una terminal Konfio tus clientes podran pagar facilmente con tarjeta, acelerando la atencion en mesa y caja.",Taqueria con mas de 700 resenas y alto trafico que opera solo con efectivo.,703,4.4,trc_01M1DFHV0XAZFFD2N2HRYT68Z3,1.0
ChIJ_Qa1IRTw0YURWJwzXg42UA4,TAQUERIA EL TAPATIO,Ciudad de México,"55100, Vía Adolfo López Mateos 32, Rio de Luz, 55100 Ecatepec de Morelos, Méx., Mexico",56 1581 6156,,5814,Comida Rápida,confirmed_no_card,campo de Google: solo efectivo,95,True,,"Hola, noté que en Taquería El Tapatío reciben a cientos de clientes y solo aceptan efectivo. Con la terminal Konfío puedes empezar a cobrar con tarjeta rápidamente, agilizando el servicio y aumentando el consumo de tus mesas. ¿Te comparto información para activarla hoy?",Taquería con más de mil reseñas y señal confirmada de solo efectivo.,1373,4.3,trc_01M1DFHV0XAZFFD2N2HRYT68Z3,1.0
ChIJCZnpzVFRL4QRllCohjKQ0Ks,Pollo REY,Guadalajara,"Cto. Metropolitano Sur, Vicente Fernández Gómez 3-c, 45640 Tlajomulco de Zúñiga, Jal., Mexico",33 3958 8814,,5814,Comida Rápida,confirmed_no_card,campo de Google: solo efectivo,95,True,,"Hola, veo que en Pollo REY tienen gran afluencia de clientes comiendo pollito asado y carnitas, pero solo reciben efectivo. Con una terminal puedes cobrar con tarjeta rapidamente y no limitar el consumo. ¿Te gustaria conocerla?",Restaurante de comida rápida de alto volumen que solo cobra en efectivo.,285,4.2,trc_01M1DFHV0XAZFFD2N2HRYT68Z3,1.0
ChIJO-YRbh_AYoYRe483TQEfrC4,Panadería Danessa,Monterrey,"Golondrina, Exposición, 67155 Guadalupe, N.L., Mexico",81 2709 6168,,5462,Ventas al detalle (Retail),confirmed_no_card,campo de Google: solo efectivo,95,True,,"Hola, felicidades por la gran preferencia en Panadería Danessa con más de 400 opiniones. Vi que solo aceptas efectivo; con una terminal Konfío puedes cobrar con tarjeta al instante, reducir filas y evitar perder ventas de clientes sin efectivo. ¿Revisamos opciones?",Panadería de alto volumen con confirmación de cobro exclusivo en efectivo.,438,4.7,trc_01M1DFHV0XAZFFD2N2HRYT68Z3,1.0
ChIJHVOLFDLj0YUR2UTXZhl6rn4,"Taqueria ""El Saran""",Ciudad de México,"Cielito Lindo, El Vergelito &, Benito Juárez, 57000 Cdad. Nezahualcóyotl, Méx., Mexico",55 2920 7513,,5814,Comida Rápida,confirmed_no_card,campo de Google: solo efectivo,95,True,,"Hola, vi que en Taquería El Saran tienen cientos de clientes disfrutando sus tacos pero solo aceptan efectivo. Con la terminal Konfío puedes agilizar el cobro con tarjeta, evitar el manejo de efectivo y aumentar tu ticket promedio.",Taquería de altísimo volumen con confirmación de operar solo en efectivo.,709,4.5,trc_01M1DFHV0XAZFFD2N2HRYT68Z3,1.0
ChIJJ3QxGPJVL4QRETUoTsSPj44,Fonda Doña Nico,Guadalajara,"San Isidro Mazatepec, 45640 Tlajomulco de Zúñiga, Jalisco, Mexico",33 1428 5185,,5812,Restaurantes,confirmed_no_card,campo de Google: solo efectivo,95,True,,"Hola, veo el gran exito y afluencia en Fonda Dona Nico con mas de mil resenas, pero actualmente solo aceptas efectivo. Con una terminal Konfio puedes cobrar con tarjeta facilmente y elevar el consumo promedio de tus comensales. ¿Te gustaria probarla?",Fonda con altísimo volumen de clientes y reseñas que cobra exclusivamente en efectivo.,1012,4.5,trc_01M1DFHV0XAZFFD2N2HRYT68Z3,1.0
ChIJGTHq-BsDzoURRQEXIEBtD6E,Panadería San Antonio,Ciudad de México,"Av Guillermo Prieto, Miguel Hidalgo, Tláhuac, 13200 Cd. de México, CDMX, Mexico",55 1312 8233,,5462,Ventas al detalle (Retail),confirmed_no_card,campo de Google: solo efectivo,95,True,,"Hola, veo que Panadería San Antonio tiene gran tradición y clientes frecuentes, pero solo reciben efectivo. Aceptar cobros con tarjeta les permitirá agilizar la atención en caja y aumentar sus ventas diarias. Con la terminal Konfío es muy fácil. ¿Te comparto más detalles?",Panadería de alto flujo con confirmación estructurada de solo efectivo.,324,4.3,trc_01M1DFHV0XAZFFD2N2HRYT68Z3,1.0
ChIJey9kCyjj0YURzNVH_1DCEEI,La jefa cocina económica,Ciudad de México,"Mercado 5 de febrero 162, Vicente Villada, 57718 Cdad. Nezahualcóyotl, Méx., Mexico",55 5441 2672,,5812,Restaurantes,confirmed_no_card,campo de Google: solo efectivo,95,True,,"Hola, noté que en La jefa cocina económica tienen un gran flujo diario pero solo manejan efectivo. Con la terminal Konfío puedes cobrar con tarjeta al instante, acelerar el cobro de tus mesas y vender más. ¿Te gustaría probarla?",Cocina económica de alto volumen con casi 400 reseñas y cobro limitado a efectivo.,398,4.1,trc_01M1DFHV0XAZFFD2N2HRYT68Z3,1.0
ChIJWe6zZ8wezoURExX2dE25Dfg,Mr. Taco,Ciudad de México,"56600, Manzana 031, Chalco Centro, 56600 Chalco de Díaz Covarrubias, Méx., Mexico",55 5975 3334,,5814,Comida Rápida,confirmed_no_card,campo de Google: solo efectivo,95,True,,"Hola, vi que en Mr. Taco tienen un enorme flujo de clientes comiendo tacos y pozole, pero solo reciben efectivo. Con una terminal Konfío evitas perder cuentas grandes por falta de efectivo y agilizas el cobro. ¿Te comparto opciones?",Taquería con más de 1200 reseñas que opera exclusivamente en efectivo.,1288,4.0,trc_01M1DFHV0XAZFFD2N2HRYT68Z3,1.0
ChIJr7jZNADAYoYRpr11XSDzip8,Antojitos La Casita,Monterrey,"C/ Hidalgo 201, Centro, 67100 Guadalupe, N.L., Mexico",81 8355 9711,,5812,Restaurantes,confirmed_no_card,campo de Google: solo efectivo,95,True,,"Hola, noté que Antojitos La Casita tiene más de mil reseñas y gran clientela, pero solo manejan efectivo. Con la terminal Konfío puedes aceptar cobros con tarjeta en mesas, agilizando el servicio y elevando el consumo de tus clientes.",Restaurante con volumen masivo de clientes y operación limitada únicamente a efectivo.,1240,4.1,trc_01M1DFHV0XAZFFD2N2HRYT68Z3,1.0
ChIJn9WA86mTYoYRLKCfZ4sndno,Taqueria Los Arcos,Monterrey,"Av. de las Fuentes 632, Fuentes de Escobedo 1er Sector, 66057 Cdad. Gral. Escobedo, N.L., Mexico",81 1896 5434,,5812,Restaurantes,confirmed_no_card,campo de Google: solo efectivo,95,True,,"Hola, veo que Taquería Los Arcos recibe a cientos de comensales por sus tacos pero solo aceptan efectivo. Con una terminal Konfío cobras directo en mesa o caja con tarjeta, evitando filas y acumulando historial por cada cobro. ¿Hacemos una llamada breve?",Taquería de alto volumen (701 reseñas) que cobra únicamente en efectivo según la ficha de Google.,701,4.5,trc_01M1DFHV0XAZFFD2N2HRYT68Z3,1.0
ChIJQQqvCeb90YURs7iE-cdZxX0,La Tapatia Taqueria,Ciudad de México,"Aldama 76, San Pablo, Iztapalapa, 09000 Ciudad de México, CDMX, Mexico",55 3973 8771,,5814,Comida Rápida,confirmed_no_card,campo de Google: solo efectivo,95,True,,"Hola, vi que La Tapatia Taqueria tiene casi dos mil opiniones y excelente birria, pero solo aceptan efectivo. Con la terminal Konfío puedes cobrar con tarjeta rápido y evitar perder ventas de comensales sin efectivo.",Taquería con altísimo volumen de reseñas (1931) y señal confirmada de solo efectivo.,1931,4.1,trc_01M1DFHV0XAZFFD2N2HRYT68Z3,1.0
ChIJx4Ux6FAdzoURo4zhsZksDjg,Pozoleria La Méxicana,Ciudad de México,"Calle Norte 13 Avenida Cuauhtémoc esquina, Manzana 007, Concepción, 56615 Valle de Chalco Solidaridad, Méx., Mexico",55 3664 2887,,5812,Restaurantes,confirmed_no_card,campo de Google: solo efectivo,95,True,,"Hola, vi que Pozolería La Mexicana tiene más de 750 opiniones en Google y figura como solo efectivo. Con tanto comensal, cobrar con terminal te evitará perder mesas grandes y construirá tu historial comercial. ¿Hablamos?",Pozolería de alto volumen (759 reseñas) con señal confirmada de solo efectivo.,759,4.0,trc_01M1DFHV0XAZFFD2N2HRYT68Z3,1.0
ChIJWfmB4JbMKIQRC3gZ_zeyuT8,Pan La Salteña,Guadalajara,"López Rayon 79, Santuario, 45430 Zapotlanejo, Jal., Mexico",373 734 9465,,5462,Ventas al detalle (Retail),confirmed_no_card,campo de Google: solo efectivo,95,True,,"Hola, Pan La Salteña tiene un flujo enorme con más de 1400 reseñas. Al aceptar solo efectivo muchos clientes se limitan. Con la terminal Konfío cobras con tarjeta rapidísimo. ¿Te gustaría probarla?","Panadería muy popular con más de 1,400 opiniones que opera exclusivamente en efectivo.",1409,4.7,trc_01M1DFHV0XAZFFD2N2HRYT68Z3,1.0
ChIJA40yJvlTL4QRb1bxLfn-uq8,Tacos El Volcán,Guadalajara,"Calle Degollado Pte. 37 A, Centro, 45640 Tlajomulco de Zúñiga, Jal., Mexico",33 1422 2399,,5814,Comida Rápida,confirmed_no_card,campo de Google: solo efectivo,95,True,,"Hola, veo que Tacos El Volcán tiene más de 500 opiniones elogiando sus tacos y salsas, pero registran que solo aceptan efectivo. Con la terminal Konfío puedes cobrar con tarjeta rápido y evitar perder clientes en horas pico. ¿Te gustaría probarla?",Taquería de alto flujo con confirmación estructurada de cobro exclusivo en efectivo.,512,4.2,trc_01M1DFHV0XAZFFD2N2HRYT68Z3,1.0
ChIJNYAwqpGTYoYROwC5_TNTI4g,Tacos La Palmas,Monterrey,"C. Villas de España 205, Roble Nuevo, 66055 Cdad. Gral. Escobedo, N.L., Mexico",81 8202 8155,,5812,Restaurantes,confirmed_no_card,campo de Google: solo efectivo,95,True,,"Hola, noté que en Tacos La Palmas manejan un gran flujo de clientes y solo aceptan efectivo. Con la terminal de Konfío puedes recibir pagos con tarjeta al instante, evitar problemas con cambio y asegurar todas tus ventas. ¿Te platico más?",Taquería con alto volumen de reseñas y confirmación oficial de que solo acepta efectivo.,891,4.4,trc_01M1DFHV0XAZFFD2N2HRYT68Z3,1.0
ChIJB1lG_JLpYoYRwjAV0y55sAw,Panadería Las Margaritas,Monterrey,"Jacarandas 601, Las Margaritas 4to. Sector, 66647 Cdad. Apodaca, N.L., Mexico",81 1800 9935,,5462,Ventas al detalle (Retail),confirmed_no_card,campo de Google: solo efectivo,95,True,,"Hola, Panadería Las Margaritas tiene más de 300 reseñas y gran clientela por sus donas. Como solo manejas efectivo, aceptar tarjeta con la terminal Konfío te permitirá atender más clientes en horas pico sin filas lentas. ¿Te mando información?",Panadería con alto volumen de reseñas (323) y confirmación estructurada de solo efectivo.,323,4.4,trc_01M1DHHXTHDDBWSFK9FJN1PV33,1.0
ChIJlctXFof50YURIBw4h_V-6xc,PANADERÍA CARRERA,Ciudad de México,"Gral. Martin Carrera Esquina Valentin Canalizo, Martín Carrera, Gustavo A. Madero, 07070 Ciudad de México, CDMX, Mexico",55 3738 0571,,5462,Ventas al detalle (Retail),confirmed_no_card,campo de Google: solo efectivo,95,True,,"Hola, veo que PANADERÍA CARRERA tiene más de 320 reseñas y buen flujo de venta de pan. Al cobrar únicamente con efectivo pierdes clientes de paso. Con la terminal Konfío aceptas tarjeta rápido y cobras al instante. ¿Te interesa recibir detalles?",Panadería con alto volumen de tráfico y confirmación de que solo acepta efectivo.,324,4.2,trc_01M1DHHXTHDDBWSFK9FJN1PV33,1.0
ChIJy-ZH6skczoURB4dy4INZk6A,El Puente,Ciudad de México,"Av. Tlahuac 4285, La Asunción, Tláhuac, 13010 Ciudad de México, CDMX, Mexico",55 5842 7096,,5812,Restaurantes,confirmed_no_card,campo de Google: solo efectivo,95,True,,"Hola, El Puente es muy concurrido para desayunos con más de 500 reseñas. Al no recibir tarjetas de crédito ni débito puedes limitar el consumo promedio. Con la terminal Konfío cobras con tarjeta fácil y rápido. ¿Te gustaría revisarlo hoy?",Restaurante con casi 600 reseñas cuyos metadatos confirman explícitamente que no aceptan tarjetas.,588,4.3,trc_01M1DHHXTHDDBWSFK9FJN1PV33,1.0
ChIJwV58wiz80YURje0lQW3H95U,Pan y Pasteles PHL,Ciudad de México,"Ote. 112 2905, Bramadero Ramos Millán, Iztacalco, 08000 Ciudad de México, CDMX, Mexico",55 4346 2607,https://www.facebook.com/PanYPastelesPhl,5441,Ventas al detalle (Retail),confirmed_no_card,campo de Google: solo efectivo,95,True,,"Hola, noté que en Pan y Pasteles PHL varios clientes batallan con el cambio en efectivo al comprar. Con la terminal Konfío aceptas pagos con tarjeta al instante y no pierdes ventas.",Pastelería con reseñas recurrentes de clientes frustrados por falta de cambio y confirmación de solo efectivo.,94,4.5,trc_01M1DHHXTHDDBWSFK9FJN1PV33,1.0
ChIJI22Pgsr80YURLITCWy2ym_w,Tacos El Guero Chuy,Ciudad de México,"Av. Dr. Gustavo Baz Manzana 017, Benito Juárez, 57000 Cdad. Nezahualcóyotl, Méx., Mexico",55 9143 9099,,5814,Comida Rápida,confirmed_no_card,campo de Google: solo efectivo,95,True,,"Hola, veo la gran afluencia de Tacos El Guero Chuy con más de 800 opiniones, pero operan solo en efectivo. Con una terminal Konfío agilizas el cobro y aceptas tarjeta sin demoras.",Taquería con alto volumen de reseñas y confirmación técnica de operar solo en efectivo.,826,4.5,trc_01M1DHHXTHDDBWSFK9FJN1PV33,1.0
ChIJTRALWVGTYoYRHnqpE6TnLpU,Tacos La Papita 1,Monterrey,"Poder Popular 501, Paseo de Las Palmas ÌII, 66635 Cdad. Apodaca, N.L., Mexico",81 8464 4158,https://www.facebook.com/pages/Tacos-La-Papita/192668554126876,5814,Comida Rápida,confirmed_no_card,campo de Google: no acepta tarjetas de crédito,95,True,,"Hola, veo que en Tacos La Papita 1 tienen un éxito total con más de 2,400 opiniones pero no aceptan tarjetas. Con la terminal Konfío puedes cobrar con tarjeta rápido y no perder ventas. ¿Te interesa probarla?","Taquería de alto volumen (2,400+ reseñas) sin aceptación de tarjeta.",2427,4.3,trc_01M1DHHXTHDDBWSFK9FJN1PV33,1.0
ChIJwRvipMsezoURWS71GVyGB34,"Restaurante ""FU YUAN""",Ciudad de México,"Calle Hidalgo 15, Colonia centro, 56600 Chalco de Díaz Covarrubias, Méx., Mexico",55 5975 6619,,5812,Restaurantes,confirmed_no_card,campo de Google: solo efectivo,95,True,,"Hola, veo que tu buffet en Restaurante FU YUAN recibe muchísimos comensales pero solo aceptas efectivo. Con una terminal Konfío puedes cobrar rápido con tarjeta y agilizar la cuenta en cada mesa.","Restaurante buffet con alto volumen de reseñas (>500) operando únicamente en efectivo, prospecto de altísima prioridad.",515,4.0,trc_01M1DHHXTHDDBWSFK9FJN1PV33,1.0
ChIJp78VOnSdYoYR0CH7R6kPhJA,Tacos ANITA,Monterrey,"C. Elote 148, Los Nogales, 66006 García, N.L., Mexico",81 8192 7460,,5814,Comida Rápida,confirmed_no_card,campo de Google: solo efectivo,95,True,,"Hola, veo el gran movimiento en Tacos ANITA con más de 500 reseñas, pero figura que solo aceptas efectivo. Con la terminal Konfío puedes cobrar rápido con tarjeta, agilizar tus cuentas en horas pico y consolidar tu volumen de cobros fácilmente.",Taquería de alto flujo confirmada solo efectivo.,518,4.1,trc_01M1DHHXTHDDBWSFK9FJN1PV33,1.0
ChIJl6aXgNP90YURfeNd-bcXwmc,Roles Pan,Ciudad de México,"Av. Canal de Tezontle 820, Gabriel Ramos Millán, Iztacalco, 08020 Ciudad de México, CDMX, Mexico",55 5657 9330,,5462,Ventas al detalle (Retail),confirmed_no_card,campo de Google: solo efectivo,95,True,,"Hola, veo que Roles Pan tiene más de 600 reseñas y cafetería llena, pero aparece marcado solo efectivo. Con una terminal Konfío podrás cobrar pasteles y desayunos con tarjeta al instante, acelerando tu fila en caja y registrando todo tu volumen.",Panadería y cafetería con alto volumen confirmada solo efectivo.,632,4.2,trc_01M1DHHXTHDDBWSFK9FJN1PV33,1.0
ChIJDyvxIP0DzoURV735XOfKliQ,La Choza de María Candelaria,Ciudad de México,"Salir del Embarcadero de Belem hacia la Laguna de Xaltocan, Xaltocan, Xochimilco, 16090 Xochimlco, CDMX, Mexico",15546454313,,5812,Restaurantes,confirmed_no_card,campo de Google: solo efectivo,95,True,,"Hola, noté el gran flujo de clientes en La Choza de María Candelaria y que solo recibes efectivo. Con la terminal Konfío puedes aceptar tarjetas y cobros sin contacto, agilizando las cuentas y aumentando el consumo promedio. ¿Te interesa recibir información sobre nuestras tasas?",Restaurante con alto volumen de reseñas y cobro exclusivamente en efectivo.,396,4.0,trc_01M1DHHXTHDDBWSFK9FJN1PV33,1.0
ChIJv9Qom14BzoURf8FvPVrZ0mA,Tacos Don Goyo 2,Ciudad de México,"16000 San Juan, Prol. Josefa Ortiz de Dominguez 16, San Juan, Xochimilco, 16000 Ciudad de México, CDMX, Mexico",55 5675 2577,,5814,Comida Rápida,confirmed_no_card,campo de Google: solo efectivo,95,True,,"Hola, vi que Tacos Don Goyo 2 tiene muchisimos clientes en Xochimilco y solo reciben efectivo. Con la terminal Konfio puedes cobrar rapidisimo con tarjeta y agilizar tu fila. Te muestro las comisiones?",Taqueria con alto volumen de resenas (273) y confirmada solo efectivo.,273,4.5,trc_01M1DHHXTHDDBWSFK9FJN1PV33,1.0
ChIJReDer0yyKIQR19Ky5OYXdyg,Croissants Alfredo,Guadalajara,"C. Juárez 120, Centro, 45500 San Pedro Tlaquepaque, Jal., Mexico",33 3838 5289,http://croissantsalfredo.com/,5462,Ventas al detalle (Retail),confirmed_no_card,campo de Google: solo efectivo,95,True,,"Hola, felicidades por el éxito de Croissants Alfredo. Vi que solo manejan efectivo; con el alto flujo de clientes locales y turistas que tienen, aceptar tarjeta con la terminal Konfío agilizará sus filas y ventas. ¿Platicamos para enviarte una?",Panadería de altísimo volumen y afluencia turística confirmada solo en efectivo.,1209,4.5,trc_01M1DHHXTHDDBWSFK9FJN1PV33,1.0
ChIJG7gqku360YURoovBRNENmsY,Taqueria Los Güeros,Ciudad de México,"Valle Perdido 53, Valle de Aragon 3ra Secc, 55280 Ecatepec de Morelos, Méx., Mexico",55 5196 2381,,5812,Restaurantes,confirmed_no_card,campo de Google: solo efectivo,95,True,,"Hola, veo que Taqueria Los Güeros tiene más de mil opiniones y sólo aceptan efectivo. Con una terminal Konfío podrás cobrar rápido con tarjeta en horas pico, aumentando tus ventas y consolidando un historial sólido con tu gran volumen. ¿Te comparto opciones de contratación?",Taquería de alto tráfico con más de mil reseñas que opera únicamente en efectivo.,1180,4.3,trc_01M1DHHXTHDDBWSFK9FJN1PV33,1.0
ChIJmdxxCZX10YURiNo5YhVLGdE,Super Tortas la Michoacana,Ciudad de México,"Calle Amado Nervo 1C, Belem, 54900 Tultitlán de Mariano Escobedo, Méx., Mexico",55 5888 5112,,5814,Comida Rápida,confirmed_no_card,campo de Google: solo efectivo,95,True,,"Hola, en Super Tortas la Michoacana tienes cientos de comensales pero actualmente solo aceptas efectivo. Con una terminal Konfio puedes aceptar todas las tarjetas, reducir tiempos de cobro y respaldar tu gran volumen de ventas.",Negocio de comida rápida con altísimo volumen (466 reseñas) operando únicamente en efectivo.,466,4.2,trc_01M1DHHXTHDDBWSFK9FJN1PV33,1.0
ChIJz4NRJpzAz4URTp-LmufxSMk,Tlaquepaque,Guadalajara,"Diagonal, C. Rio Papagayo 5537, Jardines de San Manuel, 72570 Heroica Puebla de Zaragoza, Pue., Mexico",222 139 2608,https://www.facebook.com/Taquer%C3%ADas-Tlaquepaque-101195201627883/,5814,Comida Rápida,confirmed_no_card,campo de Google: solo efectivo,95,True,,"Hola, veo que en Tlaquepaque reciben a miles de clientes pero solo aceptan efectivo. Con una terminal Konfío puedes cobrar tarjetas rápidamente en mesas o pedidos para llevar y elevar tu ticket promedio. ¿Platicamos para enviarte una terminal?",Taquería con enorme afluencia y miles de reseñas operando exclusivamente con efectivo.,4305,4.4,trc_01M1DHHXTHDDBWSFK9FJN1PV33,1.0
ChIJUSdB6JH90YUR_k5HccQg624,Taqueria El Campeón,Ciudad de México,"San Felipe de Jesús 1-Loc 3, PRI, Iztapalapa, 09310 Ciudad de México, CDMX, Mexico",55 7053 8711,,5814,Comida Rápida,confirmed_no_card,campo de Google: solo efectivo,95,True,,"Hola, en Taqueria El Campeón tienen un flujo increíble de gente pero tus comensales señalan que no aceptan tarjeta ni transferencia. Con la terminal Konfío cobras de inmediato con plástico y evitas perder pedidos grandes. ¿Te gustaría activarla?",Taquería de gran afluencia con quejas explícitas por no aceptar tarjeta y confirmación en datos estructurados.,330,4.3,trc_01M1DHHXTHDDBWSFK9FJN1PV33,1.0
ChIJO8XCQ5P10YUR3AnRRIr7WDc,La Moreliana,Ciudad de México,"Av San Antonio 35, Belem, 54900 Tultitlán de Mariano Escobedo, Méx., Mexico",55 5888 1174,,5812,Restaurantes,confirmed_no_card,campo de Google: solo efectivo,95,True,,"Hola, vi el gran flujo de clientes que tiene La Moreliana y que solo aceptan efectivo en el local. Con una terminal Konfío puedes agilizar el cobro con tarjeta, evitar perder pedidos y registrar todo tu volumen de venta. ¿Platicamos para enviarte una?",Restaurante de alto volumen con más de 500 reseñas y confirmación de operar solo con efectivo.,536,3.9,trc_01M1DHHXTHDDBWSFK9FJN1PV33,1.0
ChIJKf6Cei3j0YURX6LPjHKK_AY,Taqueria Hns. Ochoa,Ciudad de México,"Av. Chimalhuacán Manzana 033, Benito Juárez, 57000 Cdad. Nezahualcóyotl, Méx., Mexico",55 1270 2769,,5812,Restaurantes,confirmed_no_card,campo de Google: solo efectivo,95,True,,"Hola, vi la gran afluencia de Taqueria Hns. Ochoa y que solo aceptan efectivo. Con la terminal Konfío cobras con tarjeta rapidísimo, atiendes mejor a tus clientes nocturnos y creas historial con tus cobros. ¿Hablamos hoy?","Taquería con más de 600 reseñas que opera solo en efectivo, ideal para cobro con TPV.",610,4.3,trc_01M1DHHXTHDDBWSFK9FJN1PV33,1.0
ChIJib3S_jYdzoURKjTV5mS03Qo,Tachidito,Ciudad de México,"Av Tezozomoc 41, San Miguel Xico, 56613 Valle de Chalco Solidaridad, Méx., Mexico",55 4197 0317,,5812,Restaurantes,confirmed_no_card,campo de Google: solo efectivo,95,True,,"Hola, veo que Tachidito tiene excelente afluencia y cientos de recomendaciones, pero operas solo con efectivo. Con la terminal Konfío puedes cobrar cuentas familiares con tarjeta al instante y elevar el consumo por mesa. ¿Platicamos para enviarte una terminal?",Restaurante con altísimo volumen de comensales (cerca de 600 reseñas) que opera únicamente en efectivo.,596,4.3,trc_01M1DHHXTHDDBWSFK9FJN1PV33,1.0
ChIJA58oDxf60YURP7TxIh1KnJU,Fonda La Oaxaqueña,Ciudad de México,"Av. Alta Villa 114, Altavilla, 55390 Ecatepec de Morelos, Méx., Mexico",55 5715 8836,,5812,Restaurantes,confirmed_no_card,campo de Google: solo efectivo,93,True,,"Hola, vi que en Fonda La Oaxaqueña atienden a muchos comensales pero cobran solo en efectivo. Con una terminal Konfío puedes aceptar tarjeta en mesa o pedidos para llevar y respaldar tu negocio con tu facturación. ¿Te gustaría conocerla?",Restaurante con alta demanda y cobro exclusivamente en efectivo.,295,4.1,trc_01M1DFHV0XAZFFD2N2HRYT68Z3,1.0
ChIJ19OmNqPx0YUR3KiYH1IgPvA,Fonda San Cristóbal,Ciudad de México,"Vicente Villada 4, San Cristóbal Centro, 55000 Ecatepec de Morelos, Méx., Mexico",55 4582 1615,,5812,Restaurantes,confirmed_no_card,campo de Google: solo efectivo,92,True,,"Hola, veo que Fonda San Cristóbal atiende a cientos de comensales diarios pero solo acepta efectivo. Con la terminal Konfío tus clientes podrán pagar sus comidas y cuentas grandes con tarjeta sin demoras. ¿Te gustaría conocer nuestra solución de cobro?",Restaurante con alto volumen de comensales que opera exclusivamente en efectivo.,1441,4.1,trc_01M1DFHV0XAZFFD2N2HRYT68Z3,1.0
ChIJab9pSRb_0YURCqEXrGJvNJs,Cocina Económica Don Camay,Guadalajara,"Tonalá 315, Roma Sur, Cuauhtémoc, 06760 Ciudad de México, CDMX, Mexico",55 5574 1722,,5812,Restaurantes,confirmed_no_card,campo de Google: solo efectivo,92,True,,"Hola, Don Camay tiene una gran tradición y clientela frecuente, pero veo que solo cobran en efectivo. Con una terminal Konfío tus comensales pueden pagar fácilmente con tarjeta, aumentando el ticket promedio y agilizando las cuentas. ¿Te interesa evaluarlo hoy?",Restaurante de comida corrida con alto volumen de reseñas y confirmado como solo efectivo.,95,4.4,trc_01M1DFHV0XAZFFD2N2HRYT68Z3,1.0
ChIJtd9NYVT80YURaGNbgZ9w4nc,Panadería Los Pueblos,Ciudad de México,"Sur 16 259, Agrícola Oriental, Iztacalco, 08500 Ciudad de México, CDMX, Mexico",55 5115 9923,,5462,Ventas al detalle (Retail),confirmed_no_card,campo de Google: solo efectivo,92,True,,"Hola, veo que en Panadería Los Pueblos tienen gran preferencia pero solo aceptan efectivo. Con una terminal Konfío tus clientes pueden pagar con tarjeta o celular al instante, agilizando la fila de cobro. ¿Te gustaría probarla?",Panadería establecida con casi 300 reseñas y señal confirmada de solo efectivo.,299,4.2,trc_01M1DFHV0XAZFFD2N2HRYT68Z3,1.0
ChIJN34iW73x0YURHgOtniZUgwE,EL OBRADORCITO,Ciudad de México,"Esquina 5 de Mayo, C. Miguel Hidalgo Manzana 010, San Cristóbal Centro, 55000 Ecatepec de Morelos, Méx., Mexico",55 5116 0609,,5422,Misceláneos,confirmed_no_card,campo de Google: solo efectivo,92,True,,"Hola, noté que en EL OBRADORCITO cobras solo en efectivo a pesar del gran flujo de clientes. Con una terminal Konfío puedes agilizar tus cobros con tarjeta, reducir filas y construir historial comercial con cada venta. ¿Te comparto información?",Carnicería con alto volumen de reseñas y confirmación de cobro exclusivo en efectivo.,231,4.4,trc_01M1DFHV0XAZFFD2N2HRYT68Z3,1.0
ChIJA4o4X7z90YURz29VeGpC_JM,Panadería HOMA,Ciudad de México,"Juan Aldama, Guadalupe del Moral, Iztapalapa, 09300 Ciudad de México, CDMX, Mexico",55 5694 6220,,5462,Ventas al detalle (Retail),confirmed_no_card,campo de Google: solo efectivo,92,True,,"Hola, vi el enorme volumen de clientes en Panadería HOMA y que solo cobran en efectivo. Con la terminal Konfío puedes cobrar con tarjeta de inmediato, agilizando el mostrador y evitando perder ventas con clientes sin efectivo. ¿Te comparto una propuesta?",Panadería de alto volumen con casi 300 reseñas operando con cobro exclusivo en efectivo.,295,4.2,trc_01M1DHHXTHDDBWSFK9FJN1PV33,1.0
ChIJw9Dfiyb90YURkIDrkTdIxd4,Tacos Pepe,Ciudad de México,"Av. Texcoco Manzana 011, Metropolitana 2da Secc, 57740 Cdad. Nezahualcóyotl, Méx., Mexico",55 8304 6611,https://m.facebook.com/profile.php?d=1601143536807453&ref=content_filter,5814,Comida Rápida,confirmed_no_card,campo de Google: solo efectivo,92,True,,"Hola, vi el enorme éxito y la clientela que tienen en Tacos Pepe en Neza. Noté que hoy solo cobran en efectivo; con una terminal Konfío puedes aceptar pagos con tarjeta rápido y sin frenar el servicio. ¿Te gustaría conocer nuestras opciones?",Taquería de alto volumen que solo acepta efectivo según datos estructurados.,1026,4.5,trc_01M1DHHXTHDDBWSFK9FJN1PV33,1.0
ChIJJ8b1krqdYoYRUNlS2T52JS0,Taco Ton,Monterrey,"Sierra Real 327, 66004 García, N.L., Mexico",81 8028 5888,,5814,Comida Rápida,confirmed_no_card,campo de Google: solo efectivo,92,True,,"Hola, vi que en Taco Ton solo aceptan efectivo y a veces batallan con el cambio. Con la terminal Konfio cobras con tarjeta al instante, aceleras el servicio y dejas de preocuparte por el efectivo.",Taquería con más de 100 reseñas y quejas operativas por falta de cambio ligadas al uso de solo efectivo.,110,3.9,trc_01M1DHHXTHDDBWSFK9FJN1PV33,1.0
ChIJZzISoJvqYoYRfxTbVlSPTM8,Panadería Don Pepe,Monterrey,"Tixtla, Vicente Guerrero, 67160 Guadalupe, N.L., Mexico",81 8367 8913,,5462,Ventas al detalle (Retail),confirmed_no_card,campo de Google: solo efectivo,92,True,,"Hola, veo que Panadería Don Pepe tiene cientos de excelentes opiniones pero solo reciben efectivo. Al sumar la terminal Konfío para cobrar pedidos grandes con tarjeta evitas perder ventas y fortaleces tu negocio. ¿Te interesa recibir información?",Panadería de alto flujo y excelentes reseñas que solo opera con efectivo.,341,4.7,trc_01M1DHHXTHDDBWSFK9FJN1PV33,1.0
ChIJJ3VkSR8DzoUR5xc_iIortOE,Taqueria el tigre,Ciudad de México,"Agustín Díaz 6A, Santiago Sur, Tláhuac, 13300 Ciudad de México, CDMX, Mexico",55 4009 3774,,5814,Comida Rápida,confirmed_no_card,campo de Google: solo efectivo,92,True,,"Hola, vi que en Taqueria el tigre tienes un flujo enorme de clientes pero solo aceptas efectivo. Con la terminal Konfío puedes cobrar con tarjeta al instante, acelerar las cuentas y crear historial de facturación. ¿Te gustaría conocerla?",Taquería de muy alto volumen de clientes que aún opera solo en efectivo.,370,4.5,trc_01M1DHHXTHDDBWSFK9FJN1PV33,1.0
ChIJdTHTuOiRYoYRBprgA_-9xS8,Taqueria El Pastorsito,Monterrey,"Pelicano 200, Villas de San Francisco, 66062 Cdad. Gral. Escobedo, N.L., Mexico",81 1501 0906,,5814,Comida Rápida,confirmed_no_card,campo de Google: solo efectivo,92,True,,"Hola, vi que Taqueria El Pastorsito tiene gran afluencia pero solo recibe efectivo. Con la terminal Konfio podras cobrar con tarjeta rapidamente, atender mas mesas sin demoras y elevar el consumo por pedido.",Alto volumen de reseñas y tráfico comercial operando únicamente en efectivo.,171,4.3,trc_01M1DHHXTHDDBWSFK9FJN1PV33,1.0
ChIJN-Mndlj90YURGGZMOIJMHyA,TAQUERÍA SOLÍS,Ciudad de México,"Voca 7 Sobre Av. Palmitas, Ermita Iztapalapa, Reforma Política, Iztapalapa, 09570 Ciudad de México, CDMX, Mexico",55 1656 2922,,5812,Restaurantes,confirmed_no_card,campo de Google: solo efectivo,92,True,,"Hola, vi que Taquería Solís tiene una gran afluencia de clientes y opera solo con efectivo. Al aceptar tarjetas con una terminal Konfío puedes acelerar el cobro y asegurar cada consumo sin demoras. ¿Te gustaría recibir información de nuestras terminales?",Taquería con 200 reseñas que opera exclusivamente con efectivo.,200,4.3,trc_01M1DHHXTHDDBWSFK9FJN1PV33,1.0
ChIJtRE-tssezoURMOCnmsAUEBY,Obrador Chalco,Ciudad de México,"C. Mariano Matamoros 6, San Antonio, 56600 Chalco de Díaz Covarrubias, Méx., Mexico",55 8805 8843,,5422,Misceláneos,confirmed_no_card,campo de Google: solo efectivo,90,True,,"Hola, vi el enorme flujo de clientes y ventas por mayoreo en Obrador Chalco. Al aceptar solo efectivo pierdes ventas grandes; con la terminal Konfío puedes cobrar compras de miles de pesos con tarjeta al instante.",Carnicería/obrador con más de 400 reseñas y señal confirmada de solo efectivo.,466,4.3,trc_01M1DFHV0XAZFFD2N2HRYT68Z3,1.0
ChIJD0BU2a2zKIQR77dvQUlDm0E,AB Chicken,Guadalajara,"Esquina Calle República De Guatemala, C. Glendale, Centro, 45500 San Pedro Tlaquepaque, Jal., Mexico",33 1057 3873,,5814,Comida Rápida,confirmed_no_card,campo de Google: solo efectivo,90,True,,"Hola, veo que AB Chicken tiene excelente clientela para llevar y solo cobra en efectivo. Con una terminal Konfio podras cobrar rapido con tarjeta a tus clientes, agilizando el servicio y elevando tus ventas diarias.",Restaurante de comida rápida con alta afluencia y confirmación estructurada de solo efectivo.,442,4.5,trc_01M1DFHV0XAZFFD2N2HRYT68Z3,1.0
ChIJnYWjX0xLL4QRNEgM3RD-Pe4,Tacos Los Nicos El Barrio,Guadalajara,"Leona Vicario 1251a, Centro, 45680 El Salto, Jal., Mexico",33 3732 4695,,5812,Restaurantes,confirmed_no_card,campo de Google: solo efectivo,90,True,,"Hola, vi la gran popularidad de Tacos Los Nicos con más de 200 opiniones y que sólo aceptas efectivo. Con una terminal Konfío tus comensales pueden pagar sus tacos y lonches con tarjeta sin complicaciones.",Restaurante de tacos con alto flujo (215 reseñas) y confirmado solo efectivo.,215,4.3,trc_01M1DFHV0XAZFFD2N2HRYT68Z3,1.0
ChIJJ_-s4YkDzoURuxUKm8gaDjI,Estética Zaul,Ciudad de México,"Avenida México, Carr. Xochimilco-tulyehualco 61, Santa Cruz Acalpixca, Xochimilco, 16500 Ciudad de México, CDMX, Mexico",55 2156 9250,,7230,Salones de belleza,confirmed_no_card,campo de Google: solo efectivo,90,True,,"Hola Zaul, con más de 170 opiniones favorables en Santa Cruz Acalpixca tienes un gran flujo en la estética. Como actualmente manejas solo efectivo, aceptar tarjeta con la terminal Konfío te ayudará a ofrecer servicios completos sin frenar cobros. ¿Revisamos opciones?",Estética con alto tráfico de clientes y confirmación explícita de solo efectivo.,174,4.7,trc_01M1DFHV0XAZFFD2N2HRYT68Z3,1.0
ChIJU7W9TUEczoURbxd7kB-Nq0g,Pastelería angel,Ciudad de México,"Av Cuauhtémoc 14, Niños Heroes, 56610 Valle de Chalco Solidaridad, Méx., Mexico",55 6411 3731,,5441,Ventas al detalle (Retail),confirmed_no_card,campo de Google: solo efectivo,90,True,,"Hola, vi que en Pastelería angel tienes excelentes comentarios por tu pan. Noté que solo aceptas efectivo; con una terminal Konfío puedes cobrar con tarjeta a tus clientes, elevar tus ventas diarias y crear historial para tu negocio sin complicaciones.",Pastelería con alto volumen de opiniones y confirmación de cobro exclusivo en efectivo.,197,4.2,trc_01M1DFHV0XAZFFD2N2HRYT68Z3,1.0
ChIJ2ebW1nWTYoYRSNOiDtU8kxg,Tacos Los Rieles,Monterrey,"Pino Suárez 102, Los Elizondo, 66058 Cdad. Gral. Escobedo, N.L., Mexico",81 3252 2292,,5814,Comida Rápida,confirmed_no_card,campo de Google: solo efectivo,90,True,,"Hola, vi que Tacos Los Rieles tiene excelente preferencia en Escobedo. Noté que hoy solo aceptas efectivo; con una terminal Konfío puedes aceptar pagos con tarjeta de crédito o débito al instante, aumentando el ticket promedio de tus clientes sin complicaciones.",Taquería con alto volumen de reseñas y confirmación explícita de solo efectivo.,438,4.4,trc_01M1DFHV0XAZFFD2N2HRYT68Z3,1.0
ChIJEarZjWydYoYRjO3wi1PE3tw,Panadería Sanmiguel,Monterrey,"Prolongación Hidalgo 166, Cabecera Municipal, 66000 García, N.L., Mexico",81 8283 0636,https://m.facebook.com/panaderiasanmiguel1910/?ref=content_filter,5462,Ventas al detalle (Retail),confirmed_no_card,campo de Google: solo efectivo,90,True,,"Hola, vi que a tus clientes les encanta tu pan artesanal y roles de canela, pero solo aceptas efectivo. Con una terminal Konfío podrás aceptar pagos con tarjeta y aumentar tu ticket promedio. ¿Te interesa saber más?",Panadería popular con alto volumen de reseñas confirmada con solo cobro en efectivo.,242,4.7,trc_01M1DFHV0XAZFFD2N2HRYT68Z3,1.0
ChIJya800FkBzoURbeZ7NVh_7uQ,OBRADOR PINEDA,Ciudad de México,"Av Cuauhtémoc 90, San Pedro, Xochimilco, 16090 Ciudad de México, CDMX, Mexico",55 6420 9913,,5422,Misceláneos,confirmed_no_card,campo de Google: solo efectivo,90,True,,"Hola, vi la gran afluencia y calidad de Obrador Pineda, donde hoy solo se cobra en efectivo. Aceptar tarjetas con la terminal Konfio agilizara tus cobros de mostrador y evitara que pierdas ventas de clientes sin efectivo.",Carniceria y obrador con alto volumen de resenas que opera unicamente con efectivo.,126,4.2,trc_01M1DFHV0XAZFFD2N2HRYT68Z3,1.0
ChIJXzpvkG1KL4QRMyGUaDS1nw4,Lonchería El Rábano,Guadalajara,"Ricardo Flores Magón 74, Potrero Nuevo, 45680 El Salto, Jal., Mexico",33 3732 1700,,5814,Comida Rápida,confirmed_no_card,campo de Google: solo efectivo,90,True,,"Hola, veo la gran afluencia de clientes que tienen en Lonchería El Rábano por sus lonches de pierna. Noté que solo aceptan efectivo; con la terminal Konfío puedes aceptar tarjetas y agilizar tus cobros. ¿Te gustaría recibir más información?",Lonchería con más de 130 reseñas y confirmación estructurada de solo aceptar efectivo.,135,4.1,trc_01M1DFHV0XAZFFD2N2HRYT68Z3,1.0
ChIJEbu4JgydYoYR7TFqsmCF7uU,La Gardenia (Fraile I),Monterrey,"Escobedo 120 esquina con, Dr. Jesús Fernández col, El Fraile I, 66005 García, N.L., Mexico",81 8283 0346,,5651,Ventas al detalle (Retail),confirmed_no_card,campo de Google: no acepta tarjetas de crédito,90,True,,"Hola, vi que en La Gardenia venden vestidos de fiesta, calzado y trajes de bautizo, pero no aceptan tarjeta. Con una terminal Konfío tus clientes pueden pagar compras de mayor monto fácilmente. ¿Te gustaría activarla para no perder ventas en tu tienda?",Tienda de ropa y calzado con 148 reseñas que no acepta tarjetas de crédito.,148,4.4,trc_01M1DFHV0XAZFFD2N2HRYT68Z3,1.0
ChIJR8v4yJv70YURpAUcWYwDIm4,"Cocina Económica ""Conchita""",Ciudad de México,"C. 633 128, San Juan de Aragón IV Secc, Gustavo A. Madero, 07979 Ciudad de México, CDMX, Mexico",55 5796 7837,,5812,Restaurantes,confirmed_no_card,campo de Google: solo efectivo,90,True,,"Hola, vi que en Cocina Económica Conchita atienden a muchísimos clientes y solo reciben efectivo. Con una terminal Konfío podrías aceptar tarjetas en tus comidas y cenas especiales, evitando filas y sumando más ventas.",Restaurante con alto volumen de reseñas y confirmación explícita de cobro exclusivo en efectivo.,316,4.1,trc_01M1DFHV0XAZFFD2N2HRYT68Z3,1.0
ChIJDfvgb33-0YURXsA6qXOm8Qs,papeleria KARLA,Ciudad de México,"Península 12, INFONAVIT Iztacalco, Iztacalco, 08900 Ciudad de México, CDMX, Mexico",55 5657 7912,,5943,Ventas al detalle (Retail),confirmed_no_card,campo de Google: solo efectivo,90,True,,"Hola, vi la gran cantidad de clientes que visitan Papelería Karla buscando útiles y copias, pero registras solo efectivo. Con la terminal Konfío no perderás ventas escolares y podrás cobrar con cualquier tarjeta.",Papelería con alto tráfico de clientes y confirmación estructurada de solo efectivo.,99,4.3,trc_01M1DFHV0XAZFFD2N2HRYT68Z3,1.0
ChIJ5Z5Dy5AdzoURcSP4c_8INqA,Panadería y Pastelería Suprema,Ciudad de México,"Poniente 10, Av Soto y Gama esq, Alfredo del Mazo, 56619 Valle de Chalco Solidaridad, Méx., Mexico",56 1486 6284,,5462,Ventas al detalle (Retail),confirmed_no_card,campo de Google: solo efectivo,90,True,,"Hola, vi que en Panadería Suprema tus clientes aman tus bolillos y pan recién horneado, pero registras solo cobro en efectivo. Con una terminal Konfío puedes aceptar tarjetas y subir el ticket promedio sin perder ventas. ¿Te gustaría probarla?",Panadería consolidada con 93 reseñas y registro confirmado de cobrar únicamente en efectivo.,93,4.3,trc_01M1DFHV0XAZFFD2N2HRYT68Z3,1.0
ChIJBVTKd7OzKIQR7KjMgszfpEw,European Bakery Organica,Guadalajara,"Calle Emilio Carranza 34b, Calle Emilio Carranza 34 b, Centro, 45500 San Pedro Tlaquepaque, Jal., Mexico",13315953899,http://paneurop9.wixsite.com/organica,5462,Ventas al detalle (Retail),confirmed_no_card,campo de Google: solo efectivo,90,True,,"Hola, vi la gran cantidad de clientes que visitan European Bakery Organica por sus panes y rollos de pizza. Como solo reciben efectivo, una terminal les permitiría agilizar la caja y no perder ventas con quienes prefieren tarjeta. ¿Platicamos?",Panadería muy concurrida con más de 130 reseñas y confirmación de que solo acepta efectivo.,135,4.5,trc_01M1DFHV0XAZFFD2N2HRYT68Z3,1.0
ChIJ99KzCwqdYoYRQu4ozULvm7o,Scissors Lau Mtz,Monterrey,"Río Pablillo 529, Colinas del Río, 66006 García, N.L., Mexico",81 8095 4547,https://m.facebook.com/profile.php?id=100008044841472&ref=content_filter,7230,Salones de belleza,confirmed_no_card,campo de Google: solo efectivo,90,True,,"Hola Lau, vi que en tu estética tienes clientes muy satisfechos con tu trabajo. Noté que solo manejas efectivo; con la terminal Konfío puedes aceptar tarjetas y ofrecer facilidades de pago en servicios de mayor valor. ¿Te gustaría saber cómo adquirirla?",Salón de belleza con 40 reseñas y registro confirmado de solo aceptar efectivo.,40,4.4,trc_01M1DFHV0XAZFFD2N2HRYT68Z3,1.0
ChIJuYMdDiH40YURhCwuEjhMVSU,Cocina Económica Doña Blanca,Ciudad de México,"Progreso Nacional 315, Ampliación Progreso Nacional, Gustavo A. Madero, 07600 Ciudad de México, CDMX, Mexico",55 5367 5027,,5812,Restaurantes,confirmed_no_card,campo de Google: solo efectivo,90,True,,"Hola, vi que en Cocina Económica Doña Blanca tienen gran afluencia pero solo aceptan efectivo. Muchos comensales prefieren pagar sus comidas con tarjeta. Con la terminal Konfío cobras rápido y sin complicaciones. ¿Te gustaría probarla para no perder ventas diarias?",Restaurante con alto volumen de reseñas y confirmación estructurada de solo efectivo.,178,4.3,trc_01M1DFHV0XAZFFD2N2HRYT68Z3,1.0
ChIJZSDAS2gBzoUR8zUdM4mhLPI,Recaudería La Guerita,Ciudad de México,"Ahuejotes 157, Amp San Marcos Nte, Xochimilco, 16038 Ciudad de México, CDMX, Mexico",55 5641 2392,,5422,Misceláneos,confirmed_no_card,campo de Google: solo efectivo,90,True,,"Hola, vi las excelentes reseñas sobre la fruta y atención en Recaudería La Guerita, pero veo que solo aceptas efectivo. Con una terminal Konfío puedes cobrar con tarjeta fácilmente y facilitar las compras de tus clientes frecuentes. ¿Hablamos hoy?",Recaudería / verdulería de alto flujo confirmada con solo cobro en efectivo.,68,4.1,trc_01M1DFHV0XAZFFD2N2HRYT68Z3,1.0
ChIJ-RsxnGsBzoURojTnugL0et0,"Fonda ""El Sazón de Mi Corazón""",Ciudad de México,"Av. de La Noria 5, Paseos del Sur, Xochimilco, 16010 Ciudad de México, CDMX, Mexico",55 3047 1571,,5812,Restaurantes,confirmed_no_card,campo de Google: solo efectivo,90,True,,"Hola, vi las excelentes reseñas sobre la comida casera en Fonda El Sazón de Mi Corazón y noté que manejas solo efectivo. Con la terminal Konfío permites a tus comensales pagar con tarjeta fácilmente sin perder ninguna cuenta. ¿Platicamos?",Restaurante/fonda con alta afluencia y registro estructurado de solo efectivo.,70,4.4,trc_01M1DFHV0XAZFFD2N2HRYT68Z3,1.0
ChIJT-XcLI7-0YURdnYRgQDoEAM,"FONDA ""TERE""",Ciudad de México,"Av. Pdte. Plutarco Elías Calles 376, Santa Anita, Iztacalco, 08300 Ciudad de México, CDMX, Mexico",55 1527 3126,,5812,Restaurantes,confirmed_no_card,campo de Google: solo efectivo,90,True,,"Hola, noto que en Fonda Tere reciben mucha gente y manejan solo efectivo. Al cobrar con tarjeta usando la terminal Konfío atiendes más rápido a tus comensales en horas pico y nunca pierdes una cuenta. ¿Te muestro cómo funciona?",Fonda concurrida con casi 200 reseñas que opera exclusivamente con efectivo.,191,3.9,trc_01M1DFHV0XAZFFD2N2HRYT68Z3,1.0
ChIJoRwOo1WtKIQRITctlz0siE8,Fonda de Doña Cuca,Guadalajara,"Jesús Ramírez 15A, Lopez Cotilla, 45615 San Pedro Tlaquepaque, Jal., Mexico",33 3601 0774,,5812,Restaurantes,confirmed_no_card,campo de Google: solo efectivo,90,True,,"Hola, vi las más de 200 opiniones recomendando el pozole de Fonda de Doña Cuca. Noté que solo cobras en efectivo; con la terminal Konfío permites a tus comensales pagar con tarjeta y aumentas tu ticket promedio.",Restaurante muy concurrido con confirmación de cobro exclusivo en efectivo.,247,4.5,trc_01M1DFHV0XAZFFD2N2HRYT68Z3,1.0
ChIJ9cAxJ_5TL4QRwfApUf51o_E,Pollos Daniel's,Guadalajara,"C. Juárez Eje Sur 51, Centro, 45640 Tlajomulco de Zúñiga, Jal., Mexico",08080808,,5814,Comida Rápida,confirmed_no_card,campo de Google: solo efectivo,90,True,,"Hola, veo que Pollos Daniel's tiene gran afluencia de comensales pero actualmente solo manejas efectivo. Con una terminal Konfío puedes cobrar cuentas familiares con tarjeta fácilmente y agilizar los pedidos para llevar sin frenar tus mesas.",Restaurante de comida rápida con alto volumen de reseñas y operación en solo efectivo.,231,4.4,trc_01M1DFHV0XAZFFD2N2HRYT68Z3,1.0
ChIJK75UUZdRL4QRtsIDKvGvtaQ,Tacos y Cenaduría Arandas,Guadalajara,"Cam. Antiguo #30, Hacienda de Los Eucaliptos, 45640 Tlajomulco de Zúñiga, Jal., Mexico",33 2701 1540,,5812,Restaurantes,confirmed_no_card,campo de Google: solo efectivo,90,True,,"Hola, vi que Tacos y Cenaduría Arandas recibe muchos comensales por sus tacos y pozole, pero solo aceptas efectivo. Con una terminal Konfío podrás cobrar rápido con tarjeta, reducir filas y aumentar el consumo promedio por mesa.",Restaurante con alta concurrencia y cobro exclusivo en efectivo.,214,4.4,trc_01M1DFHV0XAZFFD2N2HRYT68Z3,1.0
ChIJkdqD3gudYoYRQGZyhYY7FSg,Panadería Mayra,Monterrey,"Avance Popular 222, Nuevo Amanecer, 66005 García, N.L., Mexico",81 8283 4387,,5462,Ventas al detalle (Retail),confirmed_no_card,campo de Google: solo efectivo,90,True,,"Hola, vi que tus clientes adoran el pan de Panadería Mayra y que actualmente solo aceptas efectivo. Con una terminal Konfío puedes cobrar con tarjeta, evitar que se vayan sin comprar y hacer crecer tus ingresos.",Panadería con 80 reseñas y confirmación directa de cobro solo en efectivo.,80,4.0,trc_01M1DFHV0XAZFFD2N2HRYT68Z3,1.0
ChIJ5VZtX0IBzoURFL4_jx2qFPE,COCINA ECONÓMICA GONZÁLO,Ciudad de México,"Ahuejotes, Amp San Marcos Nte, Xochimilco, 16038 Ciudad de México, CDMX, Mexico",55 1509 1602,,5812,Restaurantes,confirmed_no_card,campo de Google: solo efectivo,90,True,,"Hola, vi la gran afluencia de comensales en COCINA ECONÓMICA GONZÁLO por sus milanesas. Noté que solo aceptan efectivo; con una terminal Konfío puedes cobrar con tarjeta fácilmente y atender a más clientes sin complicaciones. ¿Te platico más?",Restaurante con alto volumen de reseñas y confirmación estructurada de cobro exclusivo en efectivo.,204,4.4,trc_01M1DFHV0XAZFFD2N2HRYT68Z3,1.0
ChIJO6tzITTj0YURmzmgPeolIqk,Cocina Familiar Lupita,Ciudad de México,"C. El Quelite 293, Benito Juárez, 57000 Cdad. Nezahualcóyotl, Méx., Mexico",55 5730 0253,,5812,Restaurantes,confirmed_no_card,campo de Google: solo efectivo,90,True,,"Hola, vi que Cocina Familiar Lupita tiene gran afluencia con cuentas de buen monto. Dado que actualmente solo recibes efectivo, con la terminal Konfío puedes aceptar pagos con tarjeta de crédito y débito, mejorando el servicio para tus clientes.",Restaurante con más de 500 reseñas y tickets relevantes que opera solo en efectivo.,518,4.1,trc_01M1DFHV0XAZFFD2N2HRYT68Z3,1.0
ChIJSRP4LL1KL4QR6Ku08OZH1us,Rosticería El Gran Pollo,Guadalajara,"Guadalajara- El Salto 804, 45687 San José del Castillo, Jal., Mexico",13313411704,,5814,Comida Rápida,confirmed_no_card,campo de Google: solo efectivo,90,True,,"Hola, vi el éxito de Rosticería El Gran Pollo con más de 300 opiniones. Al manejar solo efectivo pierdes ventas; con la terminal Konfío cobras con tarjeta al instante. ¿Platicamos?",Rosticería con alto tráfico y confirmación de que solo opera en efectivo.,329,4.3,trc_01M1DFHV0XAZFFD2N2HRYT68Z3,1.0
ChIJ_-_unAnsYoYRA63aJ_5s69Y,Panadería Las Almendras,Monterrey,"Ignacio Allende 323, Cabecera Municipal (Apodaca), Apodaca Centro, 66600 Cdad. Apodaca, N.L., Mexico",81 8386 2316,,5462,Ventas al detalle (Retail),confirmed_no_card,campo de Google: solo efectivo,90,True,,"Hola, noté el gran volumen de clientes que visitan Panadería Las Almendras por su pan dulce. Cobra con tarjeta para agilizar la fila de cobro, evitar perder ventas por falta de efectivo y fortalecer el crecimiento de tu negocio.",Panadería de alto flujo con más de 300 reseñas confirmada con solo efectivo.,302,4.4,trc_01M1DFHV0XAZFFD2N2HRYT68Z3,1.0
ChIJQTUwMG_50YURMfEGnrnU058,Panadería Superior,Ciudad de México,"Nte 58 & Ángel Albino Corzo, Tablas de San Agustín, Gustavo A. Madero, 07860 Ciudad de México, CDMX, Mexico",55 7580 4203,,5462,Ventas al detalle (Retail),confirmed_no_card,campo de Google: solo efectivo,90,True,,"Hola, en Panadería Superior tienen clientes encantados con su pan artesanal, pero según Google solo aceptan efectivo. No dejes ir ventas de clientes que no traen cambio y cobra con tarjeta fácilmente. ¿Te gustaría conocer nuestra terminal?",Panadería clasificada en el MCC 5462 que opera solo en efectivo según datos estructurados.,169,4.2,trc_01M1DFHV0XAZFFD2N2HRYT68Z3,1.0
ChIJN4QOoV_qYoYRt18kevC4gEY,Panadería Don Pepe,Monterrey,"De La Pilastra 623, Villa de San Miguel, 67110 Guadalupe, N.L., Mexico",81 8327 7360,,5462,Ventas al detalle (Retail),confirmed_no_card,campo de Google: solo efectivo,90,True,,"Hola, noté el alto flujo de clientes en Panadería Don Pepe y que actualmente operan solo en efectivo. Con una terminal Konfío puedes empezar a cobrar con tarjeta y construir historial con tus ventas. ¿Te interesa recibir información?",Panadería con 161 reseñas que registra solo cobro en efectivo.,161,4.5,trc_01M1DHHXTHDDBWSFK9FJN1PV33,1.0
ChIJa1RXxsvz0YUR3KueqyyKxKA,Pasteleria santa elena,Ciudad de México,"Avenida recursos hidraulicos, Esquina avenida de, Las Torres Manzana 1 Lote 2, Potrero del Rey, Luis Donaldo Colosio, 55010 Ecatepec de Morelos, Méx., Mexico",56 8889 6661,,5441,Ventas al detalle (Retail),confirmed_no_card,campo de Google: solo efectivo,90,True,,"Hola, vemos el gran flujo de clientes que visitan Pasteleria santa elena. Como actualmente solo reciben efectivo, una terminal Konfio les permitiria agilizar cobros en caja, evitar filas y aceptar tarjeta sin friccion. ¿Te gustaria conocer como funciona?",Pasteleria con alto volumen de ventas y clientes que confirman cobro unicamente en efectivo.,510,4.0,trc_01M1DHHXTHDDBWSFK9FJN1PV33,1.0
ChIJIRLhru2TYoYRsZ_o-yiUImA,Tacos Charly,Monterrey,"Piero de La Fancesa, Renacimiento 2do Sector, 66072 Cdad. Gral. Escobedo, N.L., Mexico",81 8260 9435,,5814,Comida Rápida,confirmed_no_card,campo de Google: solo efectivo,90,True,,"Hola, veo que Tacos Charly tiene alta afluencia y excelentes comentarios por su sabor. Al operar solo con efectivo dejas ir clientes sin cambio. Con la terminal Konfío cobras con tarjeta de forma sencilla y segura. ¿Te gustaría probarla en tu negocio?",Taquería con más de 160 reseñas y registro estructurado de aceptar únicamente efectivo.,165,4.7,trc_01M1DHHXTHDDBWSFK9FJN1PV33,1.0
ChIJMWN58ETBYoYRKc7Q7eVPgLU,Taqueria Los Campeones,Monterrey,"Santa María Sector A, 67198 Guadalupe, N.L., Mexico",81 8360 9557,,5812,Restaurantes,confirmed_no_card,campo de Google: solo efectivo,90,True,,"Hola, noté el gran flujo de clientes en Taqueria Los Campeones y que actualmente solo cobras en efectivo. Con una terminal Konfío puedes aceptar todas las tarjetas, agilizar el cobro y hacer crecer tus ventas diarias. ¿Te platico cómo obtenerla rápido?",Taquería con alto volumen de reseñas y confirmación de cobro exclusivo en efectivo.,392,4.0,trc_01M1DHHXTHDDBWSFK9FJN1PV33,1.0
ChIJWciOKRf20YURUbtS3uOXqzw,Taqueria Cartagena,Ciudad de México,"54958, Blvrd Cd Labor 36, Lomas de Cartagena, 54900 Buenavista, Méx., Mexico",55 3999 7664,http://www.lataqueriaguadalajara.com/,5812,Restaurantes,confirmed_no_card,campo de Google: solo efectivo,90,True,,"Hola, veo que en Taqueria Cartagena tienen un flujo enorme con más de 400 opiniones y solo reciben efectivo. Con la terminal Konfío cobras con tarjeta al instante y agilizas las cuentas de tus comensales. ¿Te muestro cómo?","Taquería con más de 400 reseñas operando con efectivo exclusivo, alto potencial.",409,4.4,trc_01M1DHHXTHDDBWSFK9FJN1PV33,1.0
ChIJU-6RGsr70YURvbxHb0I5bVY,Pastelería y Panadería Lecaroz Fuentes,Ciudad de México,"Valle de Sagitario 5, Jardines de Aragon, 55140 Ecatepec de Morelos, Méx., Mexico",55 5774 2593,http://lecaroz.com/,5462,Ventas al detalle (Retail),confirmed_no_card,campo de Google: solo efectivo,90,True,,"Hola, noté que en Pastelería y Panadería Lecaroz Fuentes atiendes a muchos clientes pero solo recibes efectivo. Con la terminal Konfío puedes aceptar tarjeta rápido en mostrador y evitar filas.","Panadería y pastelería con más de 300 reseñas que opera solo con efectivo, representando una gran oportunidad para cobro digital.",355,3.8,trc_01M1DHHXTHDDBWSFK9FJN1PV33,1.0
ChIJ0yO3p3cdzoURz86MBj01Xec,Taqueria Esmeralda,Ciudad de México,"Av. Ricardo Flores Magón MZ 872 Lt 12, Santiago, 56615 Valle de Chalco Solidaridad, Méx., Mexico",55 3011 9016,,5812,Restaurantes,confirmed_no_card,campo de Google: solo efectivo,90,True,,"Hola, vi que en Taqueria Esmeralda reciben muchos clientes pero solo aceptan efectivo. Con una terminal Konfio puedes cobrar con tarjeta y no perder ventas cuando la gente no trae efectivo, ademas de crear historial con tus ventas. Te interesa probarla?",Taqueria con alto volumen de resenas que opera exclusivamente en efectivo.,243,4.4,trc_01M1DHHXTHDDBWSFK9FJN1PV33,1.0
ChIJ01atagv10YURamiCrZLbc6k,"Hamburguesas al Carbón ""La Güera""",Ciudad de México,"Adolfo Ruiz Cortines 5, San Juan, 54900 Tultitlán de Mariano Escobedo, Méx., Mexico",55 7393 2379,,5814,Comida Rápida,confirmed_no_card,campo de Google: solo efectivo,90,True,,"Hola, note que en Hamburguesas al Carbon La Guera tienen gran afluencia pero solo manejan efectivo. Con la terminal de Konfio puedes aceptar tarjetas de debito y credito al instante y facilitar el cobro a tus comensales mientras registras tu facturacion. Te gustaria conocerla?",Restaurante de comida rapida concurrido que solo acepta efectivo segun datos oficiales.,264,4.5,trc_01M1DHHXTHDDBWSFK9FJN1PV33,1.0
ChIJjdCaaCz80YURdLNr_cSpZXs,Comedor Isabel,Ciudad de México,"Ote 106 3055, Bramadero Ramos Millán, Iztacalco, 08000 Ciudad de México, CDMX, Mexico",55 2621 2585,,5812,Restaurantes,confirmed_no_card,campo de Google: solo efectivo,90,True,,"Hola, veo que en Comedor Isabel tienen excelente afluencia de comida corrida y solo aceptan efectivo. Con la terminal Konfío puedes cobrar con tarjeta rápido para no demorar la rotación de mesas y sumar ventas con historial comercial. ¿Te gustaría revisar cómo adquirirla?",Fonda y restaurante con alto volumen que opera únicamente con efectivo.,248,4.1,trc_01M1DHHXTHDDBWSFK9FJN1PV33,1.0
ChIJe15-69_40YURe7mV0pVF2xM,fonda economica,Ciudad de México,"Manuel Gonzalez 340, Tlatelolco, Cuauhtémoc, 06900 Ciudad de México, CDMX, Mexico",55 6798 8643,,5812,Restaurantes,confirmed_no_card,campo de Google: solo efectivo,90,True,,"Hola, vi que tus clientes en Tlatelolco disfrutan tus desayunos pero mencionan que solo reciben pago en efectivo. Con la terminal de Konfio puedes aceptar cobros con tarjeta facil y rapido sin perder ventas. Te gustaria conocer nuestras comisiones?",Fonda con 115 resenas confirmada en Google y resenas de aceptar solo efectivo.,115,4.3,trc_01M1DHHXTHDDBWSFK9FJN1PV33,1.0
ChIJA0xMOWP-0YURH_AOYnoqP1c,Cocina Paty,Ciudad de México,"Santos Degollado, Campamento 2 de Octubre, Iztacalco, 08930 Ciudad de México, CDMX, Mexico",55 3574 2915,,5812,Restaurantes,confirmed_no_card,campo de Google: solo efectivo,90,True,,"Hola, vi la gran afluencia que tiene Cocina Paty en Iztacalco y que actualmente solo aceptan efectivo. Con la terminal Konfio puedes aceptar tarjeta y brindar un cobro agil a tus comensales. Te interesa conocerla?",Cocina con 176 resenas y pago exclusivo en efectivo.,176,4.5,trc_01M1DHHXTHDDBWSFK9FJN1PV33,1.0
ChIJqTJPUcSTYoYRpTdx1K1qzd4,Taquería La Flamita,Monterrey,"David Alfaro Siqueiros, Paseo Real 1er Sector, 66072 Cdad. Gral. Escobedo, N.L., Mexico",81 2903 8198,,5814,Comida Rápida,confirmed_no_card,campo de Google: solo efectivo,90,True,,"Hola, vi el gran flujo de clientes que tienes en Taquería La Flamita por tus tacos y campechanas, pero solo aceptas efectivo. Con la terminal Konfío puedes aceptar pagos con tarjeta de inmediato y agilizar tus cobros. ¿Te gustaría probarla?",Taquería con alto volumen de reseñas que solo opera en efectivo.,248,4.4,trc_01M1DHHXTHDDBWSFK9FJN1PV33,1.0
ChIJr0LiIsKTYoYRmThlbRbQQtA,El Buen Taco,Monterrey,"Av. Raúl Salinas Lozano LT4-C, Quinto Centenario, 66072 Cdad. Gral. Escobedo, N.L., Mexico",81 3137 2427,,5814,Comida Rápida,confirmed_no_card,campo de Google: solo efectivo,90,True,,"Hola, veo que El Buen Taco tiene muchos clientes que disfrutan sus tacos y campechanas, pero solo recibes efectivo. Con la terminal Konfío puedes cobrar con tarjeta de forma transparente, rápida y sin fricciones. ¿Te gustaría conocerla?",Taquería con más de 400 reseñas marcada exclusivamente con efectivo.,448,4.3,trc_01M1DHHXTHDDBWSFK9FJN1PV33,1.0
ChIJpY6zJKvrYoYR7DUTLRly7BU,PANADERÍA AZTECA,Monterrey,"Unidad habitacional Nva, Av. Hector Caballero, Independencia, 66634 Cdad. Apodaca, N.L., Mexico",81 8098 5523,,5462,Ventas al detalle (Retail),confirmed_no_card,campo de Google: solo efectivo,90,True,,"Hola, veo la gran preferencia de tus clientes en PANADERÍA AZTECA por tu pan dulce y bisquets, aunque solo aceptas efectivo. Con una terminal Konfío puedes recibir pagos con tarjeta sin demoras y aumentar tu ticket promedio. ¿Te interesa conocerla?",Panadería de alto flujo y casi 200 reseñas que opera únicamente en efectivo.,189,4.3,trc_01M1DHHXTHDDBWSFK9FJN1PV33,1.0
ChIJB3iH4sH50YURl_X9oTH2dgY,Panadería Zacatenco,Ciudad de México,"Av. Acueducto 899, San Pedro Zacatenco, Gustavo A. Madero, 07360 Ciudad de México, CDMX, Mexico",55 8134 1166,,5462,Ventas al detalle (Retail),confirmed_no_card,campo de Google: solo efectivo,90,True,,"Hola, vi que en Panadería Zacatenco tienen gran afluencia de clientes pero solo reciben efectivo. Una terminal Konfío te permite cobrar rápido con tarjeta, reducir filas en el mostrador y aprovechar ventas grandes de pedidos. ¿Te interesa ver nuestras comisiones transparentes?",Panadería de alto flujo con filas recurrentes y cobro exclusivo en efectivo.,223,4.6,trc_01M1DHHXTHDDBWSFK9FJN1PV33,1.0
ChIJ8QJ6hwnsYoYR-0k931dxQMQ,TAQUERIA SABROSITA,Monterrey,"José María Morelos y Pavón 221-B, Cabecera Municipal (Apodaca), Apodaca Centro, 66600 Cdad. Apodaca, N.L., Mexico",81 1236 8076,,5812,Restaurantes,confirmed_no_card,campo de Google: solo efectivo,90,True,,"Hola, vi que en Taquería Sabrosita tienen más de 200 opiniones y un gran éxito con sus tacos y papas asadas, pero solo aceptan efectivo. Con la terminal Konfío no dejarán ir ventas de clientes que quieren pagar con tarjeta. ¿Platicamos?",Taquería de alto volumen y más de 200 reseñas que opera únicamente con efectivo.,200,4.3,trc_01M1DHHXTHDDBWSFK9FJN1PV33,1.0
ChIJ542covmcYoYRY533jLIqoWk,Tacos Chuy,Monterrey,"Valle de San Blas, 66003 García, N.L., Mexico",81 2440 2874,,5814,Comida Rápida,confirmed_no_card,campo de Google: solo efectivo,90,True,,"Hola, en Tacos Chuy tienes un excelente volumen de clientes pero hoy solo aceptas efectivo. Al sumar una terminal Konfio podras aceptar tarjetas y agilizar los cobros en horas pico para que nadie se vaya sin consumir.",Taquería con más de 100 reseñas confirmada con cobro únicamente en efectivo.,129,4.3,trc_01M1DHHXTHDDBWSFK9FJN1PV33,1.0
ChIJja575k2yKIQRWV0hfvthjlg,Tacos El Güero,Guadalajara,"Av. Niños Héroes 300, Rancho Blanco, 45560 San Pedro Tlaquepaque, Jal., Mexico",33 1362 2398,,5814,Comida Rápida,confirmed_no_card,campo de Google: solo efectivo,90,True,,"Hola, noté que en Tacos El Güero atienden a cientos de clientes y su ficha indica que solo aceptan efectivo. Con la terminal Konfío pueden cobrar con tarjeta rápidamente y no perder pedidos en horas pico. ¿Te interesa conocerla?",Taquería de alto flujo registrada con solo efectivo en su ficha de Google.,1213,4.6,trc_01M1DHHXTHDDBWSFK9FJN1PV33,1.0
ChIJUcQd9sv90YURdYwHitsBVXk,Taqueria Los Enmascarados,Ciudad de México,"Av. Texcoco 404, Metropolitana 3ra Secc, 57750 Cdad. Nezahualcóyotl, Méx., Mexico",55 4089 2717,,5814,Comida Rápida,confirmed_no_card,campo de Google: solo efectivo,90,True,,"Hola, vi que en Taquería Los Enmascarados tienen muchísima afluencia pero solo manejan efectivo. Con la terminal Konfío puedes aceptar tarjeta en caja o mesa rápidamente y aumentar tus ventas por consumo. ¿Te interesa recibir más detalles hoy?",Taquería de alto tráfico y volumen de reseñas confirmada en solo efectivo.,826,4.2,trc_01M1DHHXTHDDBWSFK9FJN1PV33,1.0
ChIJ15IfPC_80YURkHj4luON7dA,"Tacos ""El Zorro""",Ciudad de México,"Vainilla, Granjas México, Iztacalco, 08400 Ciudad de México, CDMX, Mexico",55 6464 3100,https://www.facebook.com/ROGGERCISNEROSA/,5814,Comida Rápida,confirmed_no_card,campo de Google: solo efectivo,90,True,,"Hola, vi la gran cantidad de clientes que visitan Tacos El Zorro pero solo reciben efectivo. Con la terminal Konfío cobras con tarjeta en segundos, aumentas el consumo por mesa y generas historial comercial. ¿Te interesa una propuesta?",Taquería con más de 200 reseñas operando únicamente con pagos en efectivo.,234,4.4,trc_01M1DHHXTHDDBWSFK9FJN1PV33,1.0
ChIJG7DVZKSzKIQRebWdlYavqzo,Tacos Los Machines,Guadalajara,"45559, Av Francisco Silva Romero 528, Lomas de Tlaquepaque, 45559 San Pedro Tlaquepaque, Jal., Mexico",33 1545 0872,,5814,Comida Rápida,confirmed_no_card,campo de Google: solo efectivo,90,True,,"Hola, vi que en Tacos Los Machines tienen muchísimos clientes pero solo aceptan efectivo. Con una terminal Konfío puedes cobrar con tarjeta de crédito y débito al instante sin perder ventas en tus horas pico y crear historial para tu negocio. ¿Te gustaría conocerla?",Taquería con alto volumen de reseñas y confirmación de cobro exclusivo en efectivo.,820,4.6,trc_01M1DHHXTHDDBWSFK9FJN1PV33,1.0
ChIJWeJB5ij70YURin34YZWzy7Y,"Tacos, alitas y tortas “La Estrella”.",Ciudad de México,"Libra 39, Estrella, 55210 Ecatepec de Morelos, Méx., Mexico",55 4951 4743,,5812,Restaurantes,confirmed_no_card,campo de Google: solo efectivo,90,True,,"Hola, noté que en Tacos, alitas y tortas La Estrella solo cobras con efectivo. Con la terminal Konfío puedes agilizar el cobro de cuentas aceptando tarjeta y construyendo historial de negocio con tu facturación. ¿Te interesa conocerla?",Restaurante con alto volumen de reseñas y confirmación técnica de solo efectivo.,307,4.1,trc_01M1DHHXTHDDBWSFK9FJN1PV33,1.0
ChIJW4IbeJWTYoYRI67X2rkhVGk,Restaurante El Botonazo,Monterrey,"# 3300 Local 13, Av. Raúl Salinas Lozano, Los Girasoles 1er Sector, 66055 Cdad. Gral. Escobedo, N.L., Mexico",81 8058 4198,http://www.facebook.com/restauranteelbotonazo,5812,Restaurantes,confirmed_no_card,campo de Google: solo efectivo,90,True,,"Hola, vi el buen flujo de comensales que tiene Restaurante El Botonazo y que actualmente solo reciben efectivo. Con una terminal Konfío puedes aceptar pagos con tarjeta al instante y agilizar el cobro en tus mesas. ¿Te gustaría conocer nuestras tarifas y terminales?",Restaurante con más de 100 reseñas y cobro limitado a efectivo.,148,3.9,trc_01M1DHHXTHDDBWSFK9FJN1PV33,1.0
ChIJeb43ToX90YURVbgki8e7WeQ,COCINA ECONOMICA ITACATE,Ciudad de México,"Calle Gral. Francisco Andrade 28, Progresista, Iztapalapa, 09240 Ciudad de México, CDMX, Mexico",55 8301 6767,,5812,Restaurantes,confirmed_no_card,campo de Google: solo efectivo,88,True,,"Hola, noté que en Cocina Económica Itacate atienden a muchos clientes pero solo aceptan efectivo. Con la terminal Konfío puedes aceptar pagos con tarjeta al instante, agilizar el cobro de tus comidas corridas y no perder comensales. ¿Te gustaría conocerla?",Restaurante de comida corrida con alto flujo y confirmado solo efectivo.,100,4.5,trc_01M1DFHV0XAZFFD2N2HRYT68Z3,1.0
ChIJ0x-ZDevj0YURz0njVn5ECI0,Papelería y mercería Mary,Ciudad de México,"Calle Compuerta esquina, Cda. Margaritas Número 1, San Pedro, 56334 Chimalhuacán, Méx., Mexico",55 5044 3476,,5943,Ventas al detalle (Retail),confirmed_no_card,campo de Google: solo efectivo,88,True,,"Hola, vi excelentes opiniones de Papelería y mercería Mary sobre su surtido, pero tienen registrado solo efectivo. Con la terminal Konfío cobras con tarjeta y aumentas el ticket promedio de útiles y mercería.",Papelería y mercería concurrida que opera únicamente con pagos en efectivo.,76,4.4,trc_01M1DFHV0XAZFFD2N2HRYT68Z3,1.0
ChIJiwUwYJtLL4QR8NQVXWnG5K8,Brothers Barber Shop,Guadalajara,"254cCentro, 16 de Septiembre, Centro, 45680 El Salto, Jal., Mexico",33 2171 2644,,7230,Salones de belleza,confirmed_no_card,campo de Google: solo efectivo,88,True,,"Hola, veo que Brothers Barber Shop tiene más de 60 recomendaciones pero actualmente manejas solo efectivo. Con una terminal Konfío puedes aceptar tarjetas en cada corte sin perder clientes que no traen efectivo. ¿Te gustaría probarla con comisiones claras?",Barbería con alto volumen de clientes que solo acepta efectivo según datos de Google.,65,4.8,trc_01M1DFHV0XAZFFD2N2HRYT68Z3,1.0
ChIJabU6nxL-0YUR0Z0Es2ieWPw,Hormiguita Merceria,Ciudad de México,"Teniente Fausto Vega Santander 438, Escuadrón 201, Iztapalapa, 09060 Ciudad de México, CDMX, Mexico",55 1257 6938,,5131,Ventas al detalle (Retail),confirmed_no_card,campo de Google: solo efectivo,88,True,,"Hola, vi que tu mercería tiene excelente variedad en costuras y bordados pero solo manejas efectivo. Con una terminal Konfío puedes cobrar con tarjeta a quienes compran por mayoreo o detalle. ¿Te gustaría información?",Mercería concurrida y buenas reseñas que únicamente opera con efectivo.,66,4.8,trc_01M1DFHV0XAZFFD2N2HRYT68Z3,1.0
ChIJK8FFZNkdzoURSUxvsEgcvcE,"Cocina ""La Negrita""",Ciudad de México,"Niños Heroes Manzana 014 entre Norte 33 y Av. Felipe Ángeles, Alfredo del Mazo, 56619 Valle de Chalco Solidaridad, Méx., Mexico",55 3748 2715,,5812,Restaurantes,confirmed_no_card,campo de Google: solo efectivo,88,True,,"Hola, vi que en Cocina La Negrita tienen gran afluencia de comensales pero solo reciben efectivo. Con la terminal de Konfío puedes aceptar tarjetas de débito y crédito al instante, cobrando rápido y aumentando tus ventas diarias. ¿Te gustaría conocer nuestras comisiones?",Restaurante con buen flujo de comensales y registro oficial de cobro exclusivo en efectivo.,67,4.4,trc_01M1DFHV0XAZFFD2N2HRYT68Z3,1.0
ChIJdQpRaB390YURBfF36uV_sQ4,Pollo Fiel Suc. Neza,Ciudad de México,"Av. México 4, Raul Romero, 57630 Cdad. Nezahualcóyotl, Méx., Mexico",56 1261 1234,,5814,Comida Rápida,confirmed_no_card,campo de Google: solo efectivo,88,True,,"Hola, vi que en Pollo Fiel Sucursal Neza solo reciben efectivo. Integrar una terminal Konfío para cobros con tarjeta te ayuda a asegurar ventas de paquetes familiares y cobrar más rápido en mostrador. ¿Te comparto los detalles?",Local de comida rápida con 144 reseñas y confirmación explícita de no aceptar tarjetas.,144,4.0,trc_01M1DFHV0XAZFFD2N2HRYT68Z3,1.0
ChIJYxVG5rb70YURGzOAtCvC_T4,Estética Ana Colorista Profesional,Ciudad de México,"Amistad 58, Solidaridad 90 Martires de Rio Blanco, 55118 Ecatepec de Morelos, Méx., Mexico",55 9307 5481,,7230,Salones de belleza,confirmed_no_card,campo de Google: solo efectivo,88,True,,"Hola Ana, vi que en tu estética realizas trabajos de colorimetría y baby lights pero solo aceptas efectivo. Con una terminal Konfío tus clientas pueden pagar servicios de alto ticket con tarjeta fácilmente. ¿Te envío información sin compromiso?",Estética con servicios especializados de ticket elevado y cobro en solo efectivo.,47,4.8,trc_01M1DFHV0XAZFFD2N2HRYT68Z3,1.0
ChIJnbVH_H790YURlhwXfSfm4_M,Fonda Doña Juanita,Ciudad de México,"Av. 8 229, Ignacio Zaragoza, Venustiano Carranza, 15000 Ciudad de México, CDMX, Mexico",55 2223 7971,,5812,Restaurantes,confirmed_no_card,campo de Google: solo efectivo,88,True,,"Hola, noté el gran éxito de Fonda Doña Juanita con sus pozoles y churros. Como actualmente solo aceptas efectivo, una terminal Konfío te permitirá cobrar con tarjeta al instante y dar un servicio más cómodo a tus comensales.",Restaurante con alto volumen de reseñas que opera únicamente con efectivo.,621,4.5,trc_01M1DFHV0XAZFFD2N2HRYT68Z3,1.0
ChIJmUcx5JHj0YURhkr33FtElZk,Taqueria Union,Ciudad de México,"Cda. de Unión, San Pablo, 56334 Chimalhuacán, Méx., Mexico",55 4589 2611,,5814,Comida Rápida,confirmed_no_card,campo de Google: solo efectivo,88,True,,"Hola, vi que Taquería Unión tiene más de 120 opiniones de clientes felices pero en Google indicas que solo aceptas efectivo. Con una terminal Konfío puedes cobrar rápido con tarjeta y elevar el consumo por mesa. ¿Platicamos?",Taquería concurrida con más de 120 reseñas y cobro exclusivo en efectivo.,121,4.4,trc_01M1DFHV0XAZFFD2N2HRYT68Z3,1.0
ChIJd6Hi0fbCYoYRlw3T-Jq9jD8,Taqueria Jiménez,Monterrey,"Hacienda de Sta. María, Hacienda Santa Lucía 1er. Sector, 67267 Cdad. Benito Juárez, N.L., Mexico",81 1033 5130,,5814,Comida Rápida,confirmed_no_card,campo de Google: solo efectivo,88,True,,"Hola, tus tacos de trompo y bistec en Taqueria Jiménez tienen muchísimos clientes. Empieza a cobrar con tarjeta para que tus clientes pidan más sin limitarse por el efectivo en cartera y agiliza tus cobros.",Taquería con más de 100 reseñas que opera únicamente en efectivo según Google.,111,4.4,trc_01M1DFHV0XAZFFD2N2HRYT68Z3,1.0
ChIJK_SMTuS1KIQRFmnntGffI7c,Tacos al pastor el Trompito,Guadalajara,"Calle Río Sta. María 1503, Coyula, 45410 Coyula, Jal., Mexico",33 1703 9407,,5812,Restaurantes,confirmed_no_card,campo de Google: solo efectivo,88,True,,"Hola, vi que en Tacos al pastor el Trompito tienen excelentes resenas pero unicamente cobran en efectivo. Aceptar pagos con tarjeta mediante una terminal Konfio te ayuda a cobrar mas rapido y aprovechar todo el flujo de comensales. Te platico como activarla?",Taqueria con mas de cien resenas y venta exclusiva en efectivo.,123,4.7,trc_01M1DHHXTHDDBWSFK9FJN1PV33,1.0
ChIJUxxBcVitKIQR4vdRWkcATsQ,Taqueria Arandas,Guadalajara,"C. Independencia 954, Tlaquepaque, Lomas del Cuatro, 45599 San Pedro Tlaquepaque, Jal., Mexico",33 1092 2787,https://www.facebook.com/profile.php?id=100067996411015&mibextid=kFxxJD,5812,Restaurantes,confirmed_no_card,campo de Google: solo efectivo,88,True,,"Hola, vi que en Taqueria Arandas atienden a decenas de personas a diario pero solo reciben efectivo. Integrar una terminal Konfio te permitira aceptar cobros con tarjeta, atender mas rapido en horas pico y registrar tus ventas. Te gustaria evaluarla?",Taqueria popular concurrida que opera unicamente con efectivo.,125,4.4,trc_01M1DHHXTHDDBWSFK9FJN1PV33,1.0
ChIJu38OL7D90YURTlvrmhTz7Dk,Taqueria la Curva,Ciudad de México,"Calle Gral. Francisco Andrade, San Miguel, Iztapalapa, 09240 Ciudad de México, CDMX, Mexico",55 2550 9885,,5814,Comida Rápida,confirmed_no_card,campo de Google: solo efectivo,88,True,,"Hola, veo que en Taquería la Curva ofrecen servicio a domicilio y tienen muy buenas opiniones, pero solo aceptan efectivo. Con una terminal Konfío puedes cobrar con tarjeta tanto en local como contra entrega, facilitando las ventas a tus clientes.",Taquería con servicio a domicilio confirmada solo efectivo.,93,4.1,trc_01M1DHHXTHDDBWSFK9FJN1PV33,1.0
ChIJwyyLsqmzKIQRL5JkyXL2qOo,Tacos El Paisa,Guadalajara,"Capulín 168, Lomas de San Miguel, 45589 San Pedro Tlaquepaque, Jal., Mexico",33 3873 5810,,5814,Comida Rápida,confirmed_no_card,campo de Google: solo efectivo,88,True,,"Hola, vi las cientos de opiniones destacando el sabor en Tacos El Paisa en Tlaquepaque. Noté que solo aceptan efectivo; con una terminal Konfío puedes cobrar con tarjeta de inmediato y nunca perder un comensal por falta de cambio. ¿Te interesa?",Taquería con más de 300 reseñas y cobro limitado a efectivo.,333,4.5,trc_01M1DHHXTHDDBWSFK9FJN1PV33,1.0
ChIJaSBy6LDBYoYRa_n5fWSA_8U,"Molino y Tortillería ""La Villita""",Monterrey,"Checoslovaquia 5601, Villa Olímpica, 67183 Guadalupe, N.L., Mexico",81 8360 2305,,5422,Misceláneos,confirmed_no_card,campo de Google: solo efectivo,88,True,,"Hola, note que en Molino y Tortilleria La Villita solo aceptan efectivo. Al sumar pagos con tarjeta para quienes compran tortillas y complementos, aumentas el ticket promedio y construyes historial de facturacion con Konfio.",Tortillería con alto flujo de clientes y ventas confirmadas solo en efectivo.,53,4.8,trc_01M1DHHXTHDDBWSFK9FJN1PV33,1.0
ChIJkcZgK5CTYoYR-QnvmKXGcP4,TACOS YEYOS,Monterrey,"Raúl Salinas Lozano, Felipe Carrillo Puerto #112, INFONAVIT Felipe Carrillo Puerto, 66055 Cdad. Gral. Escobedo, N.L., Mexico",81 8384 3669,,5814,Comida Rápida,confirmed_no_card,campo de Google: solo efectivo,88,True,,"Hola, veo el gran movimiento que tiene TACOS YEYOS las 24 horas pero figura que solo aceptan efectivo. Con la terminal Konfío cobras rápido con tarjeta en horas pico sin frenar el servicio. ¿Te gustaría conocer la terminal?",Taquería de alto volumen que opera exclusivamente con efectivo según perfil.,281,4.3,trc_01M1DHHXTHDDBWSFK9FJN1PV33,1.0
ChIJwfCW5DwBzoURkgEurzN33wY,Taqueria la curva,Ciudad de México,"C. Cuatro 17, Amp Tepepan, Xochimilco, 16029 Ciudad de México, CDMX, Mexico",55 5465 5690,,5814,Comida Rápida,confirmed_no_card,campo de Google: solo efectivo,88,True,,"Hola, vi que en Taqueria la curva tienen un flujo constante de clientes pero solo cobran en efectivo. Aceptar tarjetas con la terminal Konfío agiliza las cuentas en mesa y permite a tus comensales pedir más sin limitarse. ¿Te gustaría activarla esta semana?",Taquería con más de 300 reseñas que opera únicamente con efectivo.,317,4.2,trc_01M1DHHXTHDDBWSFK9FJN1PV33,1.0
ChIJzzre7LH70YURHknPAvwgOYA,PANADERIA Magdalena,Ciudad de México,"Volcán de Zunil 51, Amp la Providencia, Gustavo A. Madero, 07560 Ciudad de México, CDMX, Mexico",55 6811 9802,,5462,Ventas al detalle (Retail),confirmed_no_card,campo de Google: solo efectivo,88,True,,"Hola, en Panaderia Magdalena tienes gran afluencia de clientes y tus registros indican que solo aceptas efectivo. Con una terminal Konfio tus clientes podran pagar con tarjeta, agilizando las filas en tus horas de mayor venta.",Panadería concurrida con más de 100 opiniones operando exclusivamente en efectivo.,101,4.3,trc_01M1DHHXTHDDBWSFK9FJN1PV33,1.0
ChIJI0qPKKfqYoYRvOe5e7C5puM,Las Comidas de Avenida Azteca,Monterrey,"Av Azteca 328, Azteca, 67150 Guadalupe, N.L., Mexico",81 8367 9828,,5812,Restaurantes,confirmed_no_card,campo de Google: solo efectivo,88,True,,"Hola, noté que en Las Comidas de Avenida Azteca atiendes a muchos comensales pero solo aceptas efectivo. Con la terminal Konfío puedes cobrar con tarjetas rápido en las mesas y registrar todo tu volumen para fortalecer tu negocio. ¿Te interesa probarla?",Restaurante consolidado con alto volumen de opiniones y cobro exclusivo en efectivo.,167,4.4,trc_01M1DHHXTHDDBWSFK9FJN1PV33,1.0
ChIJP9SQvdEczoUR-BZq1nC4mbY,PANIFICADORA LOS VOLCANES,Ciudad de México,"Oceano de las Tempestades Mz76 Lt1, Selene 2da Secc, Tláhuac, 13420 Ciudad de México, CDMX, Mexico",55 2594 4634,,5462,Ventas al detalle (Retail),confirmed_no_card,campo de Google: solo efectivo,88,True,,"Hola, note que en Panificadora Los Volcanes solo manejas efectivo. Con una terminal Konfio facilitas la compra de pan y pollos rostizados cobrando con tarjeta, aumentando las ventas y agilizando la fila de cobro.",Panadería con alto volumen de ventas y clientes que solo recibe efectivo.,65,3.7,trc_01M1DHHXTHDDBWSFK9FJN1PV33,1.0
ChIJP-bfwu7rYoYRJXBfsNgWvtU,Taquería México,Monterrey,"Av México 110-C, La Noria, 66633 Cdad. Apodaca, N.L., Mexico",81 1579 6103,,5812,Restaurantes,confirmed_no_card,campo de Google: solo efectivo,88,True,,"Hola, vi las excelentes opiniones de Taquería México y que solo aceptan efectivo. Con la terminal Konfío podrás cobrar con tarjeta de forma rápida, evitando perder ventas de clientes que no traen efectivo. ¿Te gustaría conocer cómo adquirirla?",Taquería con alto volumen de reseñas y medio de pago confirmado solo en efectivo.,107,4.4,trc_01M1DHHXTHDDBWSFK9FJN1PV33,1.0
ChIJ_4IwsOf10YURe6a7Mm9Ys9Y,"Cocina Económica ""LAS POBLANITAS""",Ciudad de México,"Pino Manzana 034, Los Reyes, 54915 Buenavista, Méx., Mexico",56 2468 8489,,5812,Restaurantes,confirmed_no_card,campo de Google: solo efectivo,86,True,,"Hola, vi que en Cocina Económica Las Poblanitas tienen excelentes reseñas por sus platillos pero solo aceptan efectivo. Con una terminal Konfío puedes cobrar con tarjeta tanto en el local como en entregas, sin perder pedidos. ¿Te platico sobre nuestras tarifas?",Fonda concurrida con confirmación de cobro exclusivo en efectivo.,46,4.5,trc_01M1DFHV0XAZFFD2N2HRYT68Z3,1.0
ChIJewgXTPb-0YURaSqibyKsJ_Y,Tortillería Jiménez,Ciudad de México,"Playa Icacos, Reforma Iztaccihuatl Nte., Iztacalco, 08810 Ciudad de México, CDMX, Mexico",55 7206 2001,,5422,Misceláneos,confirmed_no_card,campo de Google: solo efectivo,85,True,,"Hola, vi que en Tortillería Jiménez solo reciben efectivo y a veces los clientes batallan con el cambio. Con la terminal Konfío puedes aceptar tarjetas de débito y crédito de inmediato, agilizando el cobro y aumentando tus ventas. ¿Te gustaría conocer nuestras comisiones accesibles?",Tortillería con alta afluencia que opera exclusivamente en efectivo según datos estructurados.,93,4.1,trc_01M1DFHV0XAZFFD2N2HRYT68Z3,1.0
ChIJI6t9OIPj0YURg7SzJmkRnVY,Rosticería Erick,Ciudad de México,"Av. Felipe Berriozabal Manzana 035, Hojalateros, 56366 Chimalhuacán, Méx., Mexico",55 3075 7298,https://rosticeriaerick.negocio.site/,5814,Comida Rápida,confirmed_no_card,campo de Google: solo efectivo,85,True,,"Hola, vi que en Rosticería Erick tus clientes adoran tu pollo pero solo aceptas efectivo. Con una terminal Konfío puedes cobrar con tarjeta fácilmente, atender más rápido a tu clientela y hacer crecer tu negocio.",Rosticería clasificada como comida rápida con señal explícita de solo efectivo y alto volumen de reseñas.,221,4.5,trc_01M1DFHV0XAZFFD2N2HRYT68Z3,1.0
ChIJjwUOT4Pj0YURJFp1i8DY1Tw,Cocina Economica Anita,Ciudad de México,"Av. Agrarismo 49, Hojalateros, 56366 Chimalhuacán, Méx., Mexico",55 5853 7385,,5812,Restaurantes,confirmed_no_card,campo de Google: solo efectivo,85,True,,"Hola, vi las excelentes opiniones de Cocina Economica Anita. Noté que solo cobras en efectivo; con la terminal de Konfío puedes aceptar tarjeta sin complicaciones y brindar una opción más cómoda a todos tus comensales frecuentes.",Restaurante con confirmación estructurada de solo efectivo y más de 200 reseñas.,261,4.4,trc_01M1DFHV0XAZFFD2N2HRYT68Z3,1.0
ChIJoy5rVTMZzoURU3AAjMa3G4o,Recaudería Diana,Ciudad de México,"Guadalupe Victoria 37, La Conchita, 56600 Chalco de Díaz Covarrubias, Méx., Mexico",55 3092 0125,,5422,Misceláneos,confirmed_no_card,campo de Google: solo efectivo,85,True,,"Hola, vi la gran variedad de fruta y verdura en Recaudería Diana y sus más de 100 opiniones. Como hoy solo recibes efectivo, con la terminal Konfío podrás aceptar pagos con tarjeta y aumentar el ticket promedio de compra.",Recaudería con campo estructurado de solo efectivo y buen volumen de reseñas.,103,4.3,trc_01M1DFHV0XAZFFD2N2HRYT68Z3,1.0
ChIJYbQ5V3j10YURlyqGXDQijtM,Cocina económica LUPITA,Ciudad de México,"Cuautitlan 8, La Concepción, 54900 Tultitlán de Mariano Escobedo, Méx., Mexico",55 9189 5835,,5812,Restaurantes,confirmed_no_card,campo de Google: solo efectivo,85,True,,"Hola, note que en Cocina economica LUPITA solo aceptan efectivo. Muchos clientes prefieren pagar con tarjeta sus comidas diarias. Con la terminal de Konfio puedes aceptar todas las tarjetas, agilizar tus cobros y hacer crecer tus ventas facilmente.",Restaurante con señal confirmada de solo efectivo mediante datos estructurados de Google.,47,4.6,trc_01M1DFHV0XAZFFD2N2HRYT68Z3,1.0
ChIJZ10SYZX10YURWOfo2ZTFrTI,Estética Unisex Kimbombo,Ciudad de México,"Blvd. Tultitlán Pte. 07, San Juan, 54900 Tultitlán de Mariano Escobedo, Méx., Mexico",55 5888 9270,,7230,Salones de belleza,confirmed_no_card,campo de Google: solo efectivo,85,True,,"Hola, note que en Estetica Unisex Kimbombo solo reciben efectivo para sus servicios de corte y tinte. Con una terminal Konfio puedes ofrecer cobro con tarjeta a tus clientes habituales y permitirles pagar servicios mayores con comodidad.",Estética con alto número de reseñas y confirmación estructurada de solo efectivo.,121,4.7,trc_01M1DFHV0XAZFFD2N2HRYT68Z3,1.0
ChIJq29ORflTL4QR922E-ojTTi8,Tortillería y Molino San Carlos Matriz,Guadalajara,"Calle Juárez Eje Nte 73- B, Centro, 45640 Tlajomulco de Zúñiga, Jal., Mexico",33 1918 5137,https://www.facebook.com/Tortiller%C3%ADa-San-Carlos-106516644107390,5422,Misceláneos,confirmed_no_card,campo de Google: solo efectivo,85,True,,"Hola, vi la gran preferencia de Tortillería y Molino San Carlos en Tlajomulco y que operan solo en efectivo. Con la terminal Konfío puedes aceptar cobros con tarjeta a tus clientes y repartidores de manera rápida y sin complicaciones.",Tortillería consolidada con 57 reseñas y confirmación estructurada de solo efectivo.,57,4.3,trc_01M1DFHV0XAZFFD2N2HRYT68Z3,1.0
ChIJyf1RabmTYoYRJEayUSDUvoc,Taquería Ruiz,Monterrey,"Calle Cto. de la Paz S/N, Monte Real, 66056 Cdad. Gral. Escobedo, N.L., Mexico",81 1897 0392,https://www.facebook.com/Tacos-Ruiz-Monte-Real-564038984069656/,5814,Comida Rápida,confirmed_no_card,campo de Google: solo efectivo,85,True,,"Hola, en Taquería Ruiz tienen gran éxito con los tacos y barbacoa, pero actualmente solo reciben efectivo. Ofrecer cobro con tarjeta agilizará tus pedidos en horas pico y evitará perder ventas de clientes sin cambio. ¿Te interesa conocer nuestra terminal sin rentas mensuales?",Taquería con alto volumen de reseñas que solo opera con efectivo.,380,4.5,trc_01M1DFHV0XAZFFD2N2HRYT68Z3,1.0
ChIJd8afdx_j0YURIWoZnWwYHsE,Cocina Económica Damariz,Ciudad de México,"Imploración 153, Benito Juárez, 57000 Cdad. Nezahualcóyotl, Méx., Mexico",55 2154 5909,,5814,Comida Rápida,confirmed_no_card,campo de Google: solo efectivo,85,True,,"Hola, vi que Cocina Económica Damariz mueve muchos pedidos a domicilio y comida para llevar, pero solo manejan efectivo. Con la terminal Konfío puedes aceptar tarjetas y agilizar tus cobros sin perder clientes por cambio. ¿Te comparto los detalles?",Negocio de comida para llevar con casi 100 reseñas y restricción a solo efectivo.,99,4.3,trc_01M1DFHV0XAZFFD2N2HRYT68Z3,1.0
ChIJS7zzB8D60YUR0xJ7rDiPwlw,Cocina economica isabel,Ciudad de México,"Av. Manuel Ávila Camacho Esq, Calle Melchor Ocampo 29, Melchor Muzquiz, 55240 Ecatepec de Morelos, Méx., Mexico",56 3071 8857,,5812,Restaurantes,confirmed_no_card,campo de Google: solo efectivo,85,True,,"Hola, noté que en Cocina economica isabel solo reciben efectivo. Con una terminal Konfío puedes aceptar tarjeta al instante, evitar que se vayan comensales sin cambio y hacer crecer tu negocio fácilmente con comisiones claras.",Cocina económica con buen flujo de comensales y confirmación de aceptar únicamente efectivo.,72,4.5,trc_01M1DFHV0XAZFFD2N2HRYT68Z3,1.0
ChIJMdi0ifK0KIQRl9W8KcfuBNg,De La Cocina De Mama,Guadalajara,"Moctezuma, C. Río Tíbet &, Tonalá Centro, 45400 Tonalá, Jal., Mexico",33 3027 8509,,5812,Restaurantes,confirmed_no_card,campo de Google: solo efectivo,85,True,,"Hola, vi las excelentes opiniones sobre la comida casera en De La Cocina De Mama. Noté que solo cobras en efectivo; con la terminal Konfío puedes aceptar tarjetas fácilmente, atender mejor a tus comensales y subir tus ventas.",Restaurante concurrido con señal estructurada de cobro exclusivo en efectivo.,75,4.6,trc_01M1DFHV0XAZFFD2N2HRYT68Z3,1.0
ChIJQ3JJpvO0KIQRCqniZvtpkoc,Panaderia De Los caramelos,Guadalajara,"C. Colon 99, Tonalá Centro, 45400 Tonalá, Jal., Mexico",33 3681 4697,,5462,Ventas al detalle (Retail),confirmed_no_card,campo de Google: solo efectivo,85,True,,"Hola, vi la gran tradición de pan artesanal en Panaderia De Los caramelos. Vi que solo recibes efectivo; con la terminal Konfío puedes aceptar pagos con tarjeta rápidamente, evitando perder ventas de clientes que no traen efectivo.",Panadería de alta afluencia que solo opera con efectivo.,74,4.8,trc_01M1DFHV0XAZFFD2N2HRYT68Z3,1.0
ChIJIRn8VA6zKIQRaxU8VJmLI44,Fonda la Familia,Guadalajara,"Unnamed Road, Nueva Central Camionera, 45580 San Pedro Tlaquepaque, Jal., Mexico",33 1337 2088,,5812,Restaurantes,confirmed_no_card,campo de Google: solo efectivo,85,True,,"Hola, vi que en Fonda la Familia reciben a muchos clientes que van de paso por la terminal de autobuses. Como solo aceptas efectivo, una terminal Konfío te permitiría cobrar con tarjeta a viajeros y aumentar tu venta diaria.",Restaurante cercano a central de transporte que opera exclusivamente en efectivo.,42,4.4,trc_01M1DFHV0XAZFFD2N2HRYT68Z3,1.0
ChIJz-97mS6dYoYR3SdBFEPXqwY,Tortillería de León y Molino,Monterrey,"Av. Paseo de los Leones, Hacienda del Sol, 66003 García, N.L., Mexico",81 1630 3479,,5422,Misceláneos,confirmed_no_card,campo de Google: solo efectivo,85,True,,"Hola, vi la gran afluencia de clientes en Tortillería de León y Molino. Noté que solo recibes efectivo; aceptar pagos con tarjeta con la terminal Konfío te permite agilizar filas y aumentar el ticket de compra diario.",Tortillería concurrida con confirmación estructurada de que solo recibe efectivo.,30,4.7,trc_01M1DFHV0XAZFFD2N2HRYT68Z3,1.0
ChIJO50SYkr_0YURdiT1IGVKLjc,Fonda San Juan desde 1980,Monterrey,"Astrónomos 35, Escandón II Secc, Miguel Hidalgo, 11800 Ciudad de México, CDMX, Mexico",55 6903 4433,,5812,Restaurantes,confirmed_no_card,No aceptan tarjetas.,85,True,,"Hola, vi que tus comensales disfrutan mucho el chicharrón pero comentan que no aceptas tarjetas. Con una terminal Konfío puedes cobrarles fácilmente con tarjeta y hacer crecer tus ventas diarias. ¿Te gustaría conocerla?",Fonda tradicional con reseña explícita que confirma que no reciben pagos con tarjeta.,43,4.3,trc_01M1DFHV0XAZFFD2N2HRYT68Z3,1.0
ChIJucxjZG4BzoURDvMrKIGD0yA,"Pollos al carbón ""El Bruce""",Ciudad de México,"Av 16 de Septiembre 215, Santa María Tepepan, Xochimilco, 16020 Ciudad de México, CDMX, Mexico",55 5675 0733,,5814,Comida Rápida,confirmed_no_card,campo de Google: solo efectivo,85,True,,"Hola, vi las buenas resenas sobre el sazon de Pollos al carbon El Bruce y note que solo reciben efectivo. Con una terminal Konfio podras cobrar con tarjeta en mostrador y pedidos, facilitando la compra a tus clientes.",Negocio de comida con 55 resenas y senal confirmada de solo efectivo.,55,4.8,trc_01M1DFHV0XAZFFD2N2HRYT68Z3,1.0
ChIJU3xOmkMBzoURvwOk34Gtd8o,Cocina Económica Fonda Guayameo,Ciudad de México,"Av Mexico 2065, Tierra Nueva, Xochimilco, 16030 Ciudad de México, CDMX, Mexico",15536718094,,5812,Restaurantes,confirmed_no_card,campo de Google: solo efectivo,85,True,,"Hola, vi que Cocina Economica Fonda Guayameo tiene gran afluencia de comensales y opera solo con efectivo. Con la terminal Konfio podras cobrar con tarjeta al instante, agilizando el servicio y mejorando la atencion.",Fonda con 61 resenas y alta afluencia que solo recibe efectivo.,61,4.4,trc_01M1DFHV0XAZFFD2N2HRYT68Z3,1.0
ChIJJ9dSBVn-0YUR0BzsWGh0c8s,Tlapalería Marte,Ciudad de México,"Mercado, Playa Tabachines 4-Loc.130,131, Militar Marte, Iztacalco, 08830 Ciudad de México, CDMX, Mexico",55 5698 5633,,5251,Refacciones y ferretería,confirmed_no_card,campo de Google: solo efectivo,85,True,,"Hola, vi que Tlapalería Marte tiene más de cien opiniones positivas pero actualmente solo acepta efectivo. Con la terminal Konfío puedes cobrar ventas mayores con tarjeta y compras por caja sin fricción para tus clientes. ¿Te platico de nuestras comisiones claras?",Tlapalería con más de 100 reseñas clasificada en MCC 5251 que opera exclusivamente en efectivo.,104,4.3,trc_01M1DFHV0XAZFFD2N2HRYT68Z3,1.0
ChIJ912sTFz60YURKE2X5-ADVrA,Cocina Económica de la Luz,Ciudad de México,"John F. Kennedy Mz 36 Lt 3, Manzana 025, Emiliano Zapata 2da Secc, 55270 Ecatepec de Morelos, Méx., Mexico",55 5830 1368,,5812,Restaurantes,confirmed_no_card,campo de Google: solo efectivo,85,True,,"Hola, vi que en Cocina Económica de la Luz tienen excelentes opiniones por su comida del día pero solo reciben efectivo. Con una terminal Konfío puedes aceptar cobros con tarjeta al instante y facilitar el servicio a tus comensales. ¿Te gustaría conocer cómo solicitarla?",Restaurante económico con señal estructurada de cobro exclusivo en efectivo y alta afluencia.,133,4.3,trc_01M1DFHV0XAZFFD2N2HRYT68Z3,1.0
ChIJR1dozGgczoURop0YR_umMcM,"Tlapaleria y Ferretería ""LA BARATA""",Ciudad de México,"Sur 20 Mz.64-Lt.1, San Miguel Xico, 56613 Valle de Chalco Solidaridad, Méx., Mexico",55 2645 0358,,5251,Refacciones y ferretería,confirmed_no_card,campo de Google: solo efectivo,85,True,,"Hola, noté que en Ferretería La Barata atienden a muchos clientes pero operan solo con efectivo. Aceptar pagos con tarjeta te ayuda a cerrar ventas de mayor monto en herramientas y material. Te ofrezco una terminal Konfío sin complicaciones. ¿Te comparto los detalles?",Ferretería con calificación alta que actualmente opera únicamente con efectivo.,24,4.7,trc_01M1DFHV0XAZFFD2N2HRYT68Z3,1.0
ChIJIQYjrOGzKIQRiYu-AKrh0gg,Tortillería San Miguel,Guadalajara,"Calle Emilio Carranza 672, Alamo Oriente, 45560 San Pedro Tlaquepaque, Jal., Mexico",33 1029 2360,,5422,Misceláneos,confirmed_no_card,campo de Google: solo efectivo,85,True,,"Hola, en Tortillería San Miguel tienes clientes diarios frecuentes. Noté que solo aceptas efectivo; con una terminal Konfío puedes recibir pagos con tarjeta rápidamente y evitar perder ventas. ¿Te gustaría que te comparta más detalles?",Tortillería que opera exclusivamente en efectivo según datos estructurados.,14,4.6,trc_01M1DFHV0XAZFFD2N2HRYT68Z3,1.0
ChIJW4wDj3RKL4QRbCiJIvM_OzM,Tortilleria Moreno,Guadalajara,"Cuauhtémoc 54, Centro, 45680 El Salto, Jal., Mexico",33 3732 0082,,5422,Misceláneos,confirmed_no_card,campo de Google: solo efectivo,85,True,,"Hola, veo que en Tortilleria Moreno tienes excelente calificación. Noté que operas solo en efectivo; aceptar pagos con tarjeta con una terminal Konfío te ayuda a cobrar más rápido y vender más. ¿Te gustaría probarla?",Tortillería que únicamente acepta efectivo según los datos estructurados.,8,5.0,trc_01M1DFHV0XAZFFD2N2HRYT68Z3,1.0
ChIJ9VpA3XlVL4QR--72Drj0UlI,Panadería San Antonio,Guadalajara,"Tlajomulco de Zúñiga, 45645 San Agustin, Jalisco, Mexico",33 3405 6104,,5462,Ventas al detalle (Retail),confirmed_no_card,campo de Google: solo efectivo,85,True,,"Hola, vi que en Panadería San Antonio tienen alta demanda de panes, bolillos y pasteles por encargo, cobrando solo efectivo. Con una terminal podrias cobrar pedidos grandes y entregas con tarjeta. ¿Te gustaria ver como funciona?",Panadería con excelente volumen y calificación que solo acepta efectivo según datos de Google.,40,4.7,trc_01M1DFHV0XAZFFD2N2HRYT68Z3,1.0
ChIJd_fFb-7BYoYRqoyOpdDKIKs,Tortillería Del Consuelo,Monterrey,"Sépalo 902, Tres Caminos Nte. 1a Etapa, 67190 Guadalupe, N.L., Mexico",81 8077 2716,https://www.tortilleriadelconsuelo.com/,5422,Misceláneos,confirmed_no_card,campo de Google: solo efectivo,85,True,,"Hola, vi que en Tortillería Del Consuelo tienen calificacion perfecta pero solo aceptan efectivo. Al recibir pagos con tarjeta y contactless atiendes mas rapido pedidos grandes y acumulas historial de ventas. ¿Te gustaria probarla?",Tortillería con calificación alta y confirmación de operar solo en efectivo.,22,5.0,trc_01M1DFHV0XAZFFD2N2HRYT68Z3,1.0
ChIJ9YPZsceTYoYRAvi-gLSSeFc,"Panadería Y abarrotes ""La Güera""",Monterrey,"José Silvestre Aramberri 317, Jardines de Escobedo II, 66050 Cdad. Gral. Escobedo, N.L., Mexico",81 8459 9765,,5462,Ventas al detalle (Retail),confirmed_no_card,campo de Google: solo efectivo,85,True,,"Hola, vi las excelentes opiniones de Panadería Y abarrotes La Güera sobre su pan recién hecho. Noté que solo cobras en efectivo; con una terminal Konfío puedes aceptar tarjetas y aumentar tus ventas diarias fácilmente. ¿Te comparto cómo adquirirla?",Panadería y abarrotes con buen volumen y confirmación de pago solo en efectivo.,84,4.4,trc_01M1DFHV0XAZFFD2N2HRYT68Z3,1.0
ChIJ217Pi_r-0YURNylAqnx_iyw,RECAUDERÍA JUANA DE ARCO,Monterrey,"Juana de Arco 42, Moderna, Benito Juárez, 03510 Ciudad de México, CDMX, Mexico",663 313 6568,,5422,Misceláneos,confirmed_no_card,campo de Google: solo efectivo,85,True,,"Hola, vi que en RECAUDERIA JUANA DE ARCO actualmente solo cobras en efectivo. Con una terminal Konfio puedes empezar a aceptar tarjetas y evitar perder clientes que no traen cambio. Te gustaria conocer opciones?","Recauderia que opera exclusivamente en efectivo, prospecto de alta intencion.",6,4.2,trc_01M1DFHV0XAZFFD2N2HRYT68Z3,1.0
ChIJnR80YszUz4UR0_Y2ecjSQD8,Miscelánea Juárez,Monterrey,"2a Francisco I Madero 71, 74135 San Lucas el Grande, Pue., Mexico",248 130 6393,,5422,Misceláneos,confirmed_no_card,campo de Google: solo efectivo,85,True,,"Hola, note que en Miscelanea Juarez solo aceptas efectivo. Con la terminal Konfio puedes cobrar con tarjeta de credito y debito al instante para que tus clientes compren mas sin preocuparse por el efectivo. Te interesa saber mas?",Miscelanea con confirmacion de solo efectivo y volumen de opiniones constante.,15,4.3,trc_01M1DFHV0XAZFFD2N2HRYT68Z3,1.0
ChIJ0expFrudYoYRq0-hIWJTLpw,Pollos LETY,Monterrey,"Real de Capellania, 66004 García, N.L., Mexico",81 2526 5812,,5814,Comida Rápida,confirmed_no_card,campo de Google: solo efectivo,85,True,,"Hola, vi que en Pollos LETY tienes un flujo constante de clientes pero solo aceptas efectivo. Con la terminal Konfío puedes empezar a cobrar con tarjeta de inmediato, agilizando la atención y aumentando tu ticket promedio. ¿Te gustaría conocer nuestras opciones?",Restaurante de pollos con alto volumen de opiniones que opera únicamente con efectivo.,83,4.5,trc_01M1DFHV0XAZFFD2N2HRYT68Z3,1.0
ChIJ_SItHZf90YURJECg0dD-HXU,Fonda El Rancho,Ciudad de México,"Sur 21 167, Leyes de Reforma 1ra Secc, Iztapalapa, 09310 Ciudad de México, CDMX, Mexico",55 5405 5132,,5812,Restaurantes,confirmed_no_card,campo de Google: solo efectivo,85,True,,"Hola, en Fonda El Rancho varios clientes disfrutan de sus hamburguesas y comida corrida, pero solo aceptas efectivo. Con la terminal Konfío puedes cobrar con cualquier tarjeta al instante y elevar el consumo por mesa. ¿Te gustaría conocer nuestras terminales?",Fonda y cafetería con reseñas activas que reporta recibir únicamente efectivo.,47,4.2,trc_01M1DFHV0XAZFFD2N2HRYT68Z3,1.0
ChIJMX0JMKUDzoURetnJg9glMv4,Escuela de Belleza Eskareth,Ciudad de México,"Zacatlan y, Av. Tlahuac 4860, San Lorenzo Tezonco, Iztapalapa, 09790 Ciudad de México, CDMX, Mexico",55 1970 7045,,7230,Salones de belleza,confirmed_no_card,campo de Google: solo efectivo,85,True,,"Hola, vi que en Escuela de Belleza Eskareth reciben pagos solo en efectivo. Con la terminal Konfío puedes facilitar el cobro de cursos, colegiaturas y materiales con tarjeta, ofreciendo mayor comodidad a tus alumnos y clientes.",Establecimiento de belleza y corte con alto flujo de pagos y registro de solo efectivo.,64,3.7,trc_01M1DFHV0XAZFFD2N2HRYT68Z3,1.0
ChIJnaJ2oW0BzoUReK6mpMl-TXY,Panadería Pastelería Manolo.,Ciudad de México,"Plan de La Noria 36, San Lorenzo la Cebada, Xochimilco, 16035 Ciudad de México, CDMX, Mexico",55 3662 7807,https://www.instagram.com/panaderia.manolo?igsh=MXVwenJrYmp1cHg5aw==,5462,Ventas al detalle (Retail),confirmed_no_card,campo de Google: solo efectivo,85,True,,"Hola, vi que en Panadería Pastelería Manolo solo reciben efectivo. Con una terminal Konfío puedes aceptar pagos con tarjeta de crédito o débito al instante, facilitando la compra de pan y pasteles a tus clientes sin perder ventas.",Panadería establecida con buen volumen y confirmación de solo aceptar efectivo.,40,4.8,trc_01M1DFHV0XAZFFD2N2HRYT68Z3,1.0
ChIJJy2jnF3x0YURjmdynwJiltE,Mercería Alexis,Ciudad de México,"Av. Revolución 17-A, Centro, 55000 Ecatepec de Morelos, Méx., Mexico",55 4907 6979,,5131,Ventas al detalle (Retail),confirmed_no_card,campo de Google: solo efectivo,85,True,,"Hola, noté que en Mercería Alexis actualmente solo reciben efectivo. Al aceptar tarjetas y pagos sin contacto puedes aumentar tus ventas de mercería y facilitar las compras grandes de tus clientes. Te podemos equipar con una terminal fácil de usar. ¿Te interesa?",Mercería confirmada con cobro exclusivo en efectivo mediante campo estructurado de Google.,18,4.5,trc_01M1DFHV0XAZFFD2N2HRYT68Z3,1.0
ChIJgSt5_7EezoURmiZdfytrOi0,Cocina Económica,Ciudad de México,"Av. Crisantemos Mz51 Lt9, Manzana 021, Jardines de Chalco, 56607 Chalco de Díaz Covarrubias, Méx., Mexico",15523297044,,5812,Restaurantes,confirmed_no_card,campo de Google: solo efectivo,85,True,,"Hola, veo que en tu Cocina Económica actualmente solo aceptas efectivo. Muchos clientes prefieren pagar su comida del día con tarjeta o celular; con una terminal Konfío cobras al instante y aumentas tus ventas diarias. ¿Te gustaría conocer opciones para tu cocina?",Restaurante de cocina económica confirmado con aceptación exclusiva de efectivo en metadatos.,15,3.9,trc_01M1DFHV0XAZFFD2N2HRYT68Z3,1.0
ChIJsSNrm4310YURWcnwHNsau8U,Papelería Dhec,Ciudad de México,"6 24, La Concepción, 54900 Tultitlán de Mariano Escobedo, Méx., Mexico",55 2225 0190,,5943,Ventas al detalle (Retail),confirmed_no_card,campo de Google: solo efectivo,85,True,,"Hola, noté que en Papelería Dhec actualmente solo manejas pagos en efectivo. Con una terminal Konfío puedes aceptar tarjetas y aumentar tus ventas en útiles y copias sin perder clientes por falta de cambio. ¿Te gustaría saber cómo funciona?",Papelería con 21 reseñas que opera exclusivamente con efectivo.,21,4.2,trc_01M1DFHV0XAZFFD2N2HRYT68Z3,1.0
ChIJMa66FhS1KIQRndeTXKO42k4,Tortilleria,Guadalajara,"Pedro Moreno 124A, Tonalá Centro, 45400 Tonalá, Jal., Mexico",33 3443 5512,,5422,Misceláneos,confirmed_no_card,campo de Google: solo efectivo,85,True,,"Hola, vi que en tu tortillería tus clientes señalan el manejo de dinero en efectivo en el mostrador. Con una terminal Konfío cobras con tarjeta de forma más higiénica y rápida, mejorando la experiencia de compra. ¿Te gustaría conocerla?",Tortillería con señal estructurada de solo efectivo y quejas de higiene asociadas al manejo de dinero.,43,4.2,trc_01M1DFHV0XAZFFD2N2HRYT68Z3,1.0
ChIJsXmRbpFRL4QRIvtCiXPAMEw,Tostadas Y Botanas La Güera,Guadalajara,"C. Lerdo de Tejada, Santa Fe, 45640 Tlajomulco de Zúñiga, Jal., Mexico",33 4917 7568,,5441,Ventas al detalle (Retail),confirmed_no_card,campo de Google: solo efectivo,85,True,,"Hola, note que en Tostadas Y Botanas La Guera tus clientes aman tus botanas, pero actualmente solo cobras en efectivo. Con una terminal Konfio puedes aceptar pagos con tarjeta y aumentar tus ventas diarias sin complicaciones. ¿Te comparto los detalles?",Negocio de botanas y semillas con buen volumen de reseñas que opera únicamente en efectivo.,69,4.3,trc_01M1DFHV0XAZFFD2N2HRYT68Z3,1.0
ChIJPzsh1-K_YoYRXbOV4dfoHO4,Tortillería De La Torre,Monterrey,"C. Jiménez 1101-C, Esmeralda, Paraíso, 67140 Guadalupe, N.L., Mexico",83546770,,5422,Misceláneos,confirmed_no_card,campo de Google: solo efectivo,85,True,,"Hola, felicitaciones por los 18 anos de tradicion en Tortilleria De La Torre. Note que hoy solo aceptas efectivo; con una terminal para cobro con tarjeta puedes agilizar las ventas a taquerias y clientes diarios. ¿Te gustaria recibir informacion?",Tortillería tradicional con alto flujo comercial que opera únicamente con efectivo.,128,4.7,trc_01M1DFHV0XAZFFD2N2HRYT68Z3,1.0
ChIJvRIRk1GcYoYR24d7GyORjE8,Tortillería del Sol,Monterrey,"66000, 66003 García, N.L., Mexico",81 3574 0707,,5422,Misceláneos,confirmed_no_card,campo de Google: solo efectivo,85,True,,"Hola, noté que en Tortillería del Sol actualmente solo aceptas efectivo. Con la terminal Konfío puedes empezar a recibir tarjetas de débito y crédito al instante para no perder clientes que ya no cargan efectivo. ¿Te gustaría recibir más información?",Tortillería con confirmación estructurada de que solo acepta efectivo.,12,4.1,trc_01M1DFHV0XAZFFD2N2HRYT68Z3,1.0
ChIJY1JPtrL_0YUR5d7rxNwq5OY,Tortillería La Exacta 100% Nixtamal,Ciudad de México,"C. Concepción Beistegui 315, Col del Valle Centro, Benito Juárez, 03100 Ciudad de México, CDMX, Mexico",55 5523 0680,,5422,Misceláneos,confirmed_no_card,campo de Google: solo efectivo,85,True,,"Hola, noté que en Tortillería La Exacta actualmente solo reciben efectivo. En la colonia Del Valle muchos clientes prefieren pagar con tarjeta; con la terminal Konfío puedes cobrar sin complicaciones y sumar más ventas diarias. ¿Te gustaría conocer nuestra terminal?",Tortillería en Del Valle con indicación explícita de solo efectivo.,13,3.3,trc_01M1DFHV0XAZFFD2N2HRYT68Z3,1.0
ChIJTyfrphsFzoURiu1cZsRYIYw,Tortillería la joya,Ciudad de México,"Camino Real, La Joya 43, Amp. Nativitas la Joya, Xochimilco, 16459 CDMX, Mexico",55 3641 0321,,5422,Misceláneos,confirmed_no_card,campo de Google: solo efectivo,85,True,,"Hola, vi el perfil de Tortillería la joya en Xochimilco y noté que solo aceptas efectivo. Con la terminal Konfío puedes aceptar pagos con tarjeta y cobros sin contacto al instante sin perder clientes sin cambio. ¿Te gustaría probarla?",Tortillería que opera exclusivamente en efectivo según datos estructurados.,21,4.1,trc_01M1DFHV0XAZFFD2N2HRYT68Z3,1.0
ChIJZ6rqtwb10YURDh3oIDMGzFo,"""Cocina económica JF""",Ciudad de México,"Manzana 029, 54948 Tultitlán de Mariano Escobedo, State of Mexico, Mexico",56 2077 3970,,5812,Restaurantes,confirmed_no_card,campo de Google: solo efectivo,85,True,,"Hola, noté que en Cocina económica JF solo aceptas efectivo. Muchos comensales prefieren pagar con tarjeta su consumo diario. Con la terminal de Konfío puedes recibir tarjetas y hacer crecer tus ventas rápidamente.",Restaurante de cocina económica con confirmación estructurada de solo efectivo.,14,4.1,trc_01M1DFHV0XAZFFD2N2HRYT68Z3,1.0
ChIJLy6HjZT10YURmftzXSZ5g9c,GAD Alta Peluquería,Ciudad de México,"Av San Antonio 34, San Bartolo, 54900 Tultitlán de Mariano Escobedo, Méx., Mexico",55 3325 5753,,7230,Salones de belleza,confirmed_no_card,campo de Google: solo efectivo,85,True,,"Hola, vi las excelentes calificaciones de GAD Alta Peluquería y que actualmente solo aceptas efectivo. Con una terminal Konfío puedes cobrar servicios de belleza con tarjeta y facilitar los pagos a tus clientes.",Peluquería con solo efectivo confirmado en campo estructurado.,25,4.8,trc_01M1DFHV0XAZFFD2N2HRYT68Z3,1.0
ChIJA5hTQU2yKIQRg3PEfbTJLKY,Estética Evolution's,Guadalajara,"C. Francisco de Miranda 265 C, De Santa María, 45500 San Pedro Tlaquepaque, Jal., Mexico",33 2066 8786,,7230,Salones de belleza,confirmed_no_card,campo de Google: solo efectivo,85,True,,"Hola Bety, vi las reseñas tan positivas sobre tus cortes y tintes en Estética Evolution's. Noté que solo aceptas efectivo; con la terminal Konfío tus clientas pueden pagar con tarjeta tratamientos de mayor valor.",Salón de belleza con excelentes valoraciones y registro explícito de solo efectivo.,39,4.9,trc_01M1DFHV0XAZFFD2N2HRYT68Z3,1.0
ChIJYbUXk-zrYoYRF0bNVlCzbUc,"Panadería y Pastelería ""Don Pepe""",Monterrey,"Hidalgo 115 Zaragoza y, Licenciado Francisco de Barbadillo, Centro de Guadalupe, 67100 Guadalupe, N.L., Mexico",81 8191 1607,https://www.facebook.com/donpepeoficialmx,5462,Ventas al detalle (Retail),confirmed_no_card,campo de Google: solo efectivo,85,True,,"Hola, vi que tus clientes disfrutan mucho tus conchas y repostería pero solo reciben cobros en efectivo. Con una terminal Konfío puedes aceptar tarjetas de débito y crédito al instante, aumentando tus ventas y sumando historial con cada cobro. ¿Te gustaría conocerla?",Panadería y pastelería con 58 reseñas que solo acepta efectivo según datos de Google y reseñas de clientes.,58,4.6,trc_01M1DFHV0XAZFFD2N2HRYT68Z3,1.0
ChIJD_7Jup6TYoYRnX23-vxS0Gc,Pollos Asados,Monterrey,"Av. Los Pinos # 102, Presidencial Escobedo, 66057 Cdad. Gral. Escobedo, N.L., Mexico",868 125 6008,,5814,Comida Rápida,confirmed_no_card,campo de Google: solo efectivo,85,True,,"Hola, vi que en Pollos Asados tienen gran demanda para llevar pero operan únicamente con efectivo. Con la terminal Konfío puedes cobrar con tarjetas rápido en mostrador y no perder ventas por falta de cambio, creando historial comercial. ¿Te gustaría probarla?",Negocio de comida rápida con más de 100 reseñas que opera exclusivamente con efectivo según datos de Google.,108,4.4,trc_01M1DFHV0XAZFFD2N2HRYT68Z3,1.0
ChIJHUYavmCRYoYRYza6CfKnfuI,Tortillería García,Monterrey,"Av. Cabezada 640, 64100 Monterrey, N.L., Mexico",81 8102 3800,http://www.tortilleriagarcia.com/,5422,Misceláneos,confirmed_no_card,campo de Google: solo efectivo,85,True,,"Hola, vi que en Tortillería García atienden a muchos clientes en Monterrey y solo manejan efectivo. Con una terminal Konfío puedes aceptar pagos con tarjeta de débito y crédito al instante, aumentando tus ventas diarias sin complicaciones.",Tortillería clasificada bajo MCC 5422 con confirmación directa de solo efectivo.,22,4.5,trc_01M1DFHV0XAZFFD2N2HRYT68Z3,1.0
ChIJqWCdonv_0YURrnJupGC0JBY,Tortillería San Pedro de los Pinos,Ciudad de México,"Av. Tres 70-Local B - 91 And 92, San Pedro de los Pinos, Benito Juárez, 03800 Ciudad de México, CDMX, Mexico",231 116 3096,,5422,Misceláneos,confirmed_no_card,campo de Google: solo efectivo,85,True,,"Hola, vi la gran afluencia en Tortillería San Pedro de los Pinos y que manejan solo efectivo. Con una terminal Konfío puedes aceptar tarjetas de forma rápida, agilizando el servicio y sumando clientes que no traen efectivo.",Tortillería clasificada bajo MCC 5422 confirmada como solo efectivo.,20,4.4,trc_01M1DFHV0XAZFFD2N2HRYT68Z3,1.0
ChIJ9QVDCBEDzoURYg3nGolFESM,Pollería Lupita,Ciudad de México,"Planeta 87, Casa Blanca, Iztapalapa, 09860 Ciudad de México, CDMX, Mexico",56 3389 3883,,5422,Misceláneos,confirmed_no_card,campo de Google: solo efectivo,85,True,,"Hola, vi que en Pollería Lupita destacan su amplio surtido de verduras y pollo fresco, pero solo cobran en efectivo. Con una terminal Konfío puedes aceptar tarjetas y aumentar el ticket promedio de compra.",Pollería y verdulería clasificada en MCC 5422 con señal confirmada de solo efectivo.,31,4.7,trc_01M1DFHV0XAZFFD2N2HRYT68Z3,1.0
ChIJl78r7Qf_0YURsDGRHwMestk,Panadería Jazmín,Ciudad de México,"16 de Septiembre 3, La Cruz Coyuya, Iztacalco, 08310 0 Ciudad de México, CDMX, Mexico",55 3695 2815,,5462,Ventas al detalle (Retail),confirmed_no_card,campo de Google: solo efectivo,85,True,,"Hola, felicidades por la preferencia de tus clientes en Panadería Jazmín por su pan de dulce y bolillo. Vi que solo aceptas efectivo; con una terminal Konfío puedes recibir pagos con tarjeta fácilmente y evitar que alguien se quede sin comprar.",Panadería establecida con más de 100 reseñas que opera exclusivamente con efectivo.,103,4.3,trc_01M1DFHV0XAZFFD2N2HRYT68Z3,1.0
ChIJCVsz8f3t0YURIR_eaZcMDE8,"""Taquería Jalisco ""el güero de Arandas",Ciudad de México,"Toribio Fernandez Manzana 015, Sta Maria Chiconautla, 55066 Ecatepec de Morelos, Méx., Mexico",55 1339 7497,https://www.facebook.com/profile.php?id=100079202186275&mibextid=ZbWKwL,5814,Comida Rápida,confirmed_no_card,campo de Google: solo efectivo,85,True,,"Hola, vi que Taquería Jalisco El Güero de Arandas tiene un gran flujo de clientes. Como actualmente solo aceptas efectivo, con la terminal Konfío puedes recibir pagos con tarjeta al instante, agilizando el servicio y asegurando cada venta.",Taquería concurrida de comida rápida que opera solo con efectivo.,281,4.4,trc_01M1DFHV0XAZFFD2N2HRYT68Z3,1.0
ChIJ41WHISwczoURCDoeJrvQF0Q,"Taqueria ""Los 3 Hermanos""",Ciudad de México,"56617, Av. Leona Vicario 1100, Independencia, 56617 Valle de Chalco Solidaridad, Méx., Mexico",55 3280 2560,,5814,Comida Rápida,confirmed_no_card,campo de Google: solo efectivo,85,True,,"Hola, vi que en Taqueria Los 3 Hermanos tienen gran éxito con sus tacos y alambres, pero solo reciben efectivo. Con la terminal Konfío puedes aceptar cobros con tarjeta y hacer crecer tus ventas diarias. Te comparto detalles sin compromiso.",Taquería con alto volumen de reseñas y confirmación explícita de solo efectivo.,317,4.4,trc_01M1DFHV0XAZFFD2N2HRYT68Z3,1.0
ChIJbbxzmDezKIQRlQpVnDzkd3g,Tortilleria y Molino Aura,Guadalajara,"Azucena 532, Las Huertas, 45589 San Pedro Tlaquepaque, Jal., Mexico",33 2587 7780,,5422,Misceláneos,confirmed_no_card,campo de Google: solo efectivo,85,True,,"Hola, vi que en Tortilleria y Molino Aura manejan cobros solo en efectivo. Con una terminal Konfio puedes aceptar tarjetas al instante, evitar perder ventas por falta de cambio y atender mas rapido a tus clientes.",Tortillería y molino clasificada en misceláneas con señal confirmada de solo efectivo.,5,5.0,trc_01M1DFHV0XAZFFD2N2HRYT68Z3,1.0
ChIJI3vhhHRKL4QRbfz_Q4hYUeI,Tacos Los Nicos,Guadalajara,"Pbro. Rafael Gómez Parra 1317, Centro, 45680 El Salto, Jal., Mexico",33 2784 1096,,5814,Comida Rápida,confirmed_no_card,campo de Google: solo efectivo,85,True,,"Hola, en Tacos Los Nicos tienen gran afluencia pero solo aceptan efectivo. Con la terminal Konfío puedes recibir pagos con tarjeta rápidamente y no perder clientes. ¿Te interesa saber más?",Taquería concurrida con confirmación estructurada de que solo cobra en efectivo.,176,4.2,trc_01M1DFHV0XAZFFD2N2HRYT68Z3,1.0
ChIJe2mZi3aRYoYRt0nEGh1Zr_s,Panadería Reyna,Monterrey,"Azufre 1428, Pedregal del Topo Chico, 66061 Cdad. Gral. Escobedo, N.L., Mexico",81 1781 2903,,5462,Ventas al detalle (Retail),confirmed_no_card,campo de Google: solo efectivo,85,True,,"Hola, veo que tus clientes disfrutan mucho el pan recién horneado en Panadería Reyna. Acepta pagos con tarjeta fácilmente en tu mostrador para que nadie se quede sin comprar por traer solo efectivo y genera historial con tus ventas.",Panadería clasificada con MCC 5462 que opera exclusivamente en efectivo según datos de Google.,48,4.8,trc_01M1DFHV0XAZFFD2N2HRYT68Z3,1.0
ChIJOUMG-u3-0YURlT9kfhY8FaM,Los Pueblos,Ciudad de México,"Calz. Sta. Anita 269-Loc 1, Viaducto Piedad, Iztacalco, 08210 Ciudad de México, CDMX, Mexico",55 5590 1957,,5462,Ventas al detalle (Retail),confirmed_no_card,campo de Google: solo efectivo,85,True,,"Hola, vi que en Los Pueblos tus clientes compran seguido pero solo cobras en efectivo. Con la terminal Konfío puedes aceptar pagos con tarjeta de débito y crédito, agilizar tus ventas y evitar problemas con el cambio. ¿Te gustaría recibir más información hoy mismo?",Panadería con alto flujo de reseñas y confirmación en Google de cobro exclusivo en efectivo.,103,4.2,trc_01M1DFHV0XAZFFD2N2HRYT68Z3,1.0
ChIJY6rWaVvw0YURcswme7Ua5Y4,PILY Cocina ECONOMICA,Ciudad de México,"Torres Sur esquina Sinaloa Ote. SN, Tulpetlac, 55140 Ecatepec de Morelos, Méx., Mexico",55 5770 3179,,5812,Restaurantes,confirmed_no_card,campo de Google: solo efectivo,85,True,,"Hola, en PILY Cocina Económica tus comensales disfrutan mucho tu comida, pero actualmente solo cobras en efectivo. Con la terminal Konfío puedes aceptar pagos con tarjeta para que nadie se limite al pedir su cuenta. ¿Te gustaría conocer cómo funciona?",Restaurante de comida económica confirmado en solo efectivo mediante datos estructurados.,52,4.3,trc_01M1DFHV0XAZFFD2N2HRYT68Z3,1.0
ChIJzenjAe3j0YURQ_IiywIWU8Q,Cocina Económica Rubi,Ciudad de México,"Av. del Refugio Mz.10, San Pedro, 56334 Chimalhuacán, Méx., Mexico",55 5853 3292,,5812,Restaurantes,confirmed_no_card,campo de Google: solo efectivo,85,True,,"Hola, vi que en Cocina Económica Rubi tus platillos tienen muy buenas recomendaciones, pero solo aceptas efectivo. Con la terminal Konfío puedes recibir pagos con tarjeta fácilmente y atender a más clientes sin preocuparte por el cambio. ¿Te gustaría conocer las tarifas?",Cocina económica concurrida confirmada en Google como negocio de solo efectivo.,45,4.3,trc_01M1DFHV0XAZFFD2N2HRYT68Z3,1.0
ChIJGUmh47gezoURCCjfulQPZX8,Distribuidora De Pollo Del Valle,Ciudad de México,"301, Edomex, Purépechas Manzana 028, Culturas de Mexico, 56607 Chalco de Díaz Covarrubias, Méx., Mexico",55 5973 0886,http://matypollo.com.mx/,5422,Misceláneos,confirmed_no_card,campo de Google: solo efectivo,85,True,,"Hola, vi que en Distribuidora De Pollo Del Valle surten pedidos al mayoreo y menudeo, operando en efectivo. Con una terminal Konfío puedes cobrar pedidos grandes con tarjeta sin perder ventas ni depender de efectivo exacto. ¿Te gustaría conocer opciones?",Distribuidora de pollo al mayoreo y menudeo con confirmación directa de solo aceptar efectivo.,60,4.5,trc_01M1DFHV0XAZFFD2N2HRYT68Z3,1.0
ChIJt1TE7ggfzoURjcG2C0O3iDs,Consultorio dental Aldo Ortiz,Ciudad de México,"Calle Enseñanza Técnica 12, Salitreria, 56600 Chalco de Díaz Covarrubias, Méx., Mexico",55 7721 7074,,8011,Médicos y dentistas,confirmed_no_card,campo de Google: solo efectivo,85,True,,"Hola Dr. Aldo, noté que en su consultorio dental actualmente solo reciben efectivo. Para tratamientos dentales, aceptar tarjeta facilita que tus pacientes cubran procedimientos completos sin limitar su presupuesto. En Konfío tenemos terminales ideales para tu consultorio. ¿Te comparto detalles?",Consultorio dental de ticket potencialmente alto con confirmación de operar solo en efectivo.,17,5.0,trc_01M1DFHV0XAZFFD2N2HRYT68Z3,1.0
ChIJk31SEJX10YUR5HrlVAhVjJ4,Estética Paty,Ciudad de México,"Calle Amado Nervo 11-Interior 4, Los Reyes, 54900 Tultitlán de Mariano Escobedo, Méx., Mexico",55 5888 0000,,7230,Salones de belleza,confirmed_no_card,campo de Google: solo efectivo,85,True,,"Hola, noté que en Estética Paty actualmente solo cobras en efectivo. Con la terminal Konfío puedes aceptar pagos con tarjeta de débito o crédito al instante sin perder clientas. ¿Te gustaría probarla?",Estética clasificada en MCC 7230 con confirmación estructurada de cobro exclusivo en efectivo.,20,4.8,trc_01M1DFHV0XAZFFD2N2HRYT68Z3,1.0
ChIJAbptOAxKL4QRzAwSp2B9VP0,Rosticeria El Pollo De Oro 2,Guadalajara,"A Juanacatlán 483, La Haciendita, 45680 El Salto, Jal., Mexico",33 3732 4138,,5814,Comida Rápida,confirmed_no_card,campo de Google: solo efectivo,85,True,,"Hola, vi la gran preferencia por sus paquetes en Rosticeria El Pollo De Oro 2. Noté que solo cobran en efectivo; con una terminal Konfío pueden aceptar tarjetas, evitar perder clientes sin cambio y agilizar el cobro en horas pico. ¿Platicamos?",Rosticería con alto volumen de clientes y confirmación de operar solo con efectivo.,84,4.3,trc_01M1DFHV0XAZFFD2N2HRYT68Z3,1.0
ChIJyV0UTf5TL4QRBwy2e_QFUbI,Pastelería La Placita,Guadalajara,"C. Flaviano Ramos Sur 12, Centro, 45640 Tlajomulco de Zúñiga, Jal., Mexico",33 3455 6879,,5441,Ventas al detalle (Retail),confirmed_no_card,campo de Google: solo efectivo,85,True,,"Hola, felicidades por la preferencia que tienen tus pasteles en Pastelería La Placita. Noté que solo cobras en efectivo; con la terminal Konfío puedes aceptar tarjeta para pedidos grandes o eventos especiales y no dejar ir ventas. ¿Te interesa conocer las opciones?",Pastelería con clientela activa confirmada en modo solo efectivo.,69,4.3,trc_01M1DFHV0XAZFFD2N2HRYT68Z3,1.0
ChIJfx5cpUJRL4QRIzsLNFE9xOo,Estética Unisex Goretti,Guadalajara,"Valle de Los Laureles 62, Hacienda de Los Eucaliptos, 45656 Tlajomulco de Zúñiga, Jal., Mexico",33 1267 2674,,7230,Salones de belleza,confirmed_no_card,campo de Google: solo efectivo,85,True,,"Hola, vi las excelentes reseñas sobre tu trabajo en Estética Unisex Goretti para eventos y cortes. Como solo cobras en efectivo, integrar la terminal Konfío te permitirá aceptar tarjetas en servicios de alto valor sin complicaciones. ¿Platicamos para enviarte una?",Estética con buena afluencia que únicamente opera en efectivo según datos oficiales.,64,4.6,trc_01M1DFHV0XAZFFD2N2HRYT68Z3,1.0
ChIJ-2C4mXWUYoYRHrrPGaIBk5A,Panadería Castillo,Monterrey,"Av. Acueducto 700-A, Balcones de Anáhuac, 66056 Cdad. Gral. Escobedo, N.L., Mexico",81 8384 7924,,5462,Ventas al detalle (Retail),confirmed_no_card,campo de Google: solo efectivo,85,True,,"Hola, vi la gran preferencia de Panadería Castillo en Escobedo. Noté que actualmente solo reciben efectivo; con una terminal Konfío puedes aceptar cobros con tarjeta y facilitar la compra a tus clientes habituales. ¿Te gustaría probarla?",Panadería con clientela recurrente que actualmente sólo cobra en efectivo.,54,4.5,trc_01M1DFHV0XAZFFD2N2HRYT68Z3,1.0
ChIJHcj3m_T90YURSgDXscrLQz0,Cocina Económica El Buen Sazon,Ciudad de México,"Cerro de La Estrella 6, El Manto, Iztapalapa, 09830 Ciudad de México, CDMX, Mexico",55 9198 4381,,5812,Restaurantes,confirmed_no_card,campo de Google: solo efectivo,85,True,,"Hola, vi que en Cocina Economica El Buen Sazon tienes muchos clientes pero solo aceptas efectivo. Con una terminal Konfio puedes cobrar comidas con tarjeta y facilitar el pago a tus comensales.",Restaurante con buen flujo de comensales que opera únicamente con efectivo.,63,4.0,trc_01M1DFHV0XAZFFD2N2HRYT68Z3,1.0
ChIJgdasmU740YURzWRG3E99BbA,Cocina Económica Los Licenciados,Ciudad de México,"Nte. 31-A 502-Interior Sn, Nueva Vallejo II Secc, Gustavo A. Madero, 07720 Ciudad de México, CDMX, Mexico",55 5587 4814,,5812,Restaurantes,confirmed_no_card,campo de Google: solo efectivo,85,True,,"Hola, vi que en Cocina Economica Los Licenciados reciben a muchos comensales pero actualmente solo aceptan efectivo. Con la terminal Konfio puedes cobrar con tarjeta facilmente y mejorar la experiencia en tu negocio.",Cocina económica con clientela constante y confirmación de pago exclusivo en efectivo.,48,4.5,trc_01M1DFHV0XAZFFD2N2HRYT68Z3,1.0
ChIJ3_CbGfwCzoUR44W5HKPMYR0,Taquería el Paraíso,Ciudad de México,"Av. Tlahuac, La Nopalera, Tláhuac, 13220 Ciudad de México, CDMX, Mexico",56 1882 7599,,5814,Comida Rápida,confirmed_no_card,campo de Google: solo efectivo,85,True,,"Hola, vi que en Taquería el Paraíso reciben muchos comensales para cenar y manejan solo efectivo según su ficha. Con una terminal Konfío puedes aceptar pagos con tarjeta rápidamente y no perder clientes. Te comparto nuestras opciones.",Taquería con más de 150 reseñas y confirmación explícita de operar únicamente en efectivo.,153,4.1,trc_01M1DFHV0XAZFFD2N2HRYT68Z3,1.0
ChIJ0faKrlpTL4QRhXTvumAmHx8,Panadería la estrella,Guadalajara,"Ocampo 149 Tlajomulco de Zúñiga, 45600 Santa Anita, Jal., Mexico",33 3686 2204,,5462,Ventas al detalle (Retail),confirmed_no_card,campo de Google: solo efectivo,85,True,,"Hola, vi que en Panadería la estrella atienden a muchos clientes solo en efectivo. Con una terminal Konfío puedes aceptar pagos con tarjeta de crédito y débito al instante, evitando perder ventas de quienes no traen efectivo. ¿Te gustaría conocer los beneficios para tu negocio?",Panadería con 120 reseñas que opera exclusivamente con efectivo según sus datos registrados.,120,4.2,trc_01M1DHHXTHDDBWSFK9FJN1PV33,1.0
ChIJOcdwJS8czoURvqaU9xsBRHc,Taqueria El güero,Ciudad de México,"Av.Emilano Zapata Local 3 entre Nte 13 y, Calle Nte 14 Manzana 013, Santa Cruz, 56617 Valle de Chalco Solidaridad, Méx., Mexico",55 6878 3106,,5814,Comida Rápida,confirmed_no_card,campo de Google: solo efectivo,85,True,,"Hola, vi la gran cantidad de clientes en Taqueria El güero y que operan solo en efectivo. Con la terminal Konfío puedes ofrecer cobro con tarjeta en mesa y agilizar la cuenta de los comensales. ¿Te interesa conocer nuestras comisiones?",Taquería con más de 100 reseñas que opera solo en efectivo según datos de Google.,107,4.3,trc_01M1DHHXTHDDBWSFK9FJN1PV33,1.0
ChIJo355DXbDYoYRCWEK871p4UU,Tacos Jiménez,Monterrey,"Cam. a la Paz 312, Fuentes de Juárez 2do. Sector, 67267 Cdad. Benito Juárez, N.L., Mexico",81 8233 3909,,5814,Comida Rápida,confirmed_no_card,campo de Google: solo efectivo,85,True,,"Hola, vi las excelentes recomendaciones de Tacos Jiménez y que solo aceptan efectivo. Con la terminal Konfío puedes recibir pagos con tarjeta tanto en mostrador como en entregas a domicilio, aumentando tus ventas. ¿Te platico cómo funciona?",Negocio de tacos con 100 opiniones registrado solo con cobro en efectivo.,100,4.5,trc_01M1DHHXTHDDBWSFK9FJN1PV33,1.0
ChIJw8c6Fdv80YUR82jFjdxlpAY,"Fonda ""Los Caudillos""",Ciudad de México,"Av. Adolfo López Mateos 330-MZ 018, Evolucion, 57700 Cdad. Nezahualcóyotl, Méx., Mexico",55 4211 7800,,5812,Restaurantes,confirmed_no_card,campo de Google: solo efectivo,85,True,,"Hola, veo que en Fonda Los Caudillos tienen excelente sazon y gran afluencia de comensales. Notamos que solo cobran en efectivo; con una terminal Konfio puedes aceptar tarjeta facilmente, agilizar cuentas y construir historial de facturacion para crecer. ¿Te gustaria conocer las comisiones?",Restaurante establecido con alto volumen de reseñas y confirmacion de solo efectivo.,214,4.5,trc_01M1DHHXTHDDBWSFK9FJN1PV33,1.0
ChIJbVJeqbmzKIQR5Js2ssWT4as,Productora de Pan,Guadalajara,"Del Rosillo 1282, Jardines de la Paz, 45510 San Pedro Tlaquepaque, Jal., Mexico",33 3860 0361,,5462,Ventas al detalle (Retail),confirmed_no_card,campo de Google: solo efectivo,85,True,,"Hola, veo que a los clientes les encanta el pan de Productora de Pan. Al manejar solo efectivo puedes perder ventas de quienes no traen cambio. Con la terminal Konfío aceptas tarjeta al instante y aumentas tu ticket promedio. Te comparto los detalles sin compromiso.",Panadería con 104 reseñas y confirmación en datos de Google de operar únicamente con efectivo.,104,4.5,trc_01M1DHHXTHDDBWSFK9FJN1PV33,1.0
ChIJhxiRv1VRL4QRK60uXjBxj20,Tacos Marilein,Guadalajara,"C. Lerdo de Tejada 9B, 45640 Tlajomulco de Zúñiga, Jal., Mexico",33 1306 7148,,5814,Comida Rápida,confirmed_no_card,campo de Google: solo efectivo,85,True,,"Hola, veo las excelentes reseñas de los tacos de suadero en Tacos Marilein. Como solo aceptas efectivo, facilitar pagos con tarjeta con una terminal Konfío te ayudará a atender más rápido y no perder comensales. ¿Te gustaría conocer la terminal?",Taquería de comida rápida con 89 reseñas y confirmación explícita de solo efectivo.,89,4.6,trc_01M1DHHXTHDDBWSFK9FJN1PV33,1.0
ChIJszVMlm710YUROL1nYcJdsW0,Tacos picos,Ciudad de México,"Blvd. Tultitlan Ote. 46, Santiaguito, 54900 Tultitlán de Mariano Escobedo, Méx., Mexico",55 5888 0666,,5814,Comida Rápida,confirmed_no_card,campo de Google: solo efectivo,85,True,,"Hola, felicidades por la preferencia en Tacos picos. Noté que solo aceptan efectivo; con la terminal Konfío puedes cobrar con tarjeta a tus clientes y acelerar la atención diaria.",Taquería con buena base de reseñas y confirmación de que no cobra con tarjeta.,40,4.7,trc_01M1DHHXTHDDBWSFK9FJN1PV33,1.0
ChIJlUUKEL-zKIQR61wfDgvvoLc,Tacos el guero,Guadalajara,"C. Loma Verde 28, Lomas de La Soledad, 45403 Tonalá, Jal., Mexico",33 3495 2266,,5814,Comida Rápida,confirmed_no_card,campo de Google: solo efectivo,85,True,,"Hola, vi las excelentes opiniones de Tacos el guero y que operan solo en efectivo. Al sumar una terminal Konfío puedes cobrar con tarjeta a quienes consumen en mesa o piden para llevar.",Taquería con alto movimiento en Tonalá que solo recibe efectivo.,39,4.8,trc_01M1DHHXTHDDBWSFK9FJN1PV33,1.0
ChIJoXMuMKuzKIQR5sa1e0PnG98,Fonda Carolina,Guadalajara,"Calle Progreso 657, Alamo Oriente, 45560 San Pedro Tlaquepaque, Jal., Mexico",33595348,,5812,Restaurantes,confirmed_no_card,campo de Google: solo efectivo,85,True,,"Hola, vi el flujo de comensales en Fonda Carolina y que actualmente solo reciben efectivo. Con una terminal Konfío puedes aceptar pagos con tarjeta rápidamente y asegurar cada venta.",Restaurante con flujo constante de clientes y confirmación de cobrar solo en efectivo.,45,4.6,trc_01M1DHHXTHDDBWSFK9FJN1PV33,1.0
ChIJsT-nVqoDzoUR7geWfDG91Cc,Repostería La Fuente de jacob,Ciudad de México,"esquina La Turba Lt 1, C. Gitana 33, Col del Mar, Tláhuac, 13270 Ciudad de México, CDMX, Mexico",55 5850 8737,,5441,Ventas al detalle (Retail),confirmed_no_card,campo de Google: solo efectivo,85,True,,"Hola, leí excelentes comentarios sobre los pasteles y roscas en Repostería La Fuente de jacob, pero vi que solo aceptas efectivo. Con una terminal Konfío puedes cobrar pedidos grandes con tarjeta y hacer crecer tu negocio. ¿Te gustaría activar una?",Pastelería y repostería con buena afluencia que solo opera en efectivo.,46,4.5,trc_01M1DHHXTHDDBWSFK9FJN1PV33,1.0
ChIJaWAFRtL80YURq0D2gQQ7Kjs,Cocina Económica si hay,Ciudad de México,"Av. Sor Juana Inés de La Cruz 601, Benito Juárez, 57000 Cdad. Nezahualcóyotl, Méx., Mexico",55 1558 1067,,5812,Restaurantes,confirmed_no_card,campo de Google: solo efectivo,85,True,,"Hola, vi el alto flujo de comidas en Cocina Económica si hay y que actualmente solo cobras en efectivo. Con una terminal Konfío puedes aceptar tarjetas y vales, agilizando el servicio en horas pico. ¿Te gustaría conocer cómo adquirirla?",Restaurante de comida corrida con alto volumen de reseñas y cobro exclusivo en efectivo.,262,4.0,trc_01M1DHHXTHDDBWSFK9FJN1PV33,1.0
ChIJc1kxXMv80YUR0LIFGKn6-SM,Panadería El Pan Nuestro,Ciudad de México,"C. la Negra 200, Benito Juárez, 57000 Cdad. Nezahualcóyotl, Méx., Mexico",55 3117 5039,,5462,Ventas al detalle (Retail),confirmed_no_card,campo de Google: solo efectivo,85,True,,"Hola, veo que en Panadería El Pan Nuestro tienen gran venta diaria de pan pero solo aceptan efectivo. Con la terminal Konfío puedes cobrar con tarjeta fácil y rápido, evitando filas y captando más clientes. ¿Te interesa probarla?",Panadería con 64 reseñas y registro explícito de solo efectivo.,64,4.4,trc_01M1DHHXTHDDBWSFK9FJN1PV33,1.0
ChIJaUVCxTvDYoYRaWF6QTCmU_s,"Tacos ""Alex""",Monterrey,"67265 Juárez, Nuevo Leon, Mexico",81 2012 1025,,5814,Comida Rápida,confirmed_no_card,campo de Google: solo efectivo,85,True,,"Hola, vi que en Tacos Alex tienen gran demanda de tacos y hamburguesas pero solo cobran en efectivo. Aceptar pagos con tarjeta mediante la terminal Konfío te ayuda a cerrar pedidos más rápido. ¿Te gustaría activarla?",Puesto de comida rápida con casi 100 reseñas y solo efectivo.,96,4.4,trc_01M1DHHXTHDDBWSFK9FJN1PV33,1.0
ChIJNerD3sj70YUR7EGW9cQddY4,Cocina Economica Arcoiris,Ciudad de México,"Cam. San Juan de Aragón N.141-Local B - 91 And 92, El Olivo, Gustavo A. Madero, 07920 Ciudad de México, CDMX, Mexico",55 5753 3977,,5812,Restaurantes,confirmed_no_card,campo de Google: solo efectivo,85,True,,"Hola, noté que en Cocina Economica Arcoiris tienen más de 120 opiniones elogiando sus guisados y solo aceptan efectivo. Con la terminal Konfío puedes cobrar con tarjeta al momento y atender a más comensales. ¿Platicamos?",Cocina económica consolidada con 122 reseñas que opera solo en efectivo.,122,4.0,trc_01M1DHHXTHDDBWSFK9FJN1PV33,1.0
ChIJeTylxlwBzoURxVNEAM0FhdM,Tacos Don Goyo,Ciudad de México,"16038, And. Tabachines 9, Amp San Marcos Nte, Xochimilco, 16038 Ciudad de México, CDMX, Mexico",56 1683 9419,,5814,Comida Rápida,confirmed_no_card,campo de Google: solo efectivo,85,True,,"Hola, veo que Tacos Don Goyo tiene excelentes comentarios por sus tacos al pastor pero solo aceptas efectivo. Con una terminal Konfío puedes cobrar con tarjeta al instante y no perder clientes.","Taquería con alto volumen de opiniones y señal confirmada de solo efectivo, ideal para terminal punto de venta rápida.",126,4.5,trc_01M1DHHXTHDDBWSFK9FJN1PV33,1.0
ChIJRZDhoLAezoURbunJ6Z-sQ7o,La Michoacana Los Tacos Del Chino,Ciudad de México,"Av. Tezcatlipoca, C Mazahuas esquina, Culturas de Mexico, 56607 Chalco de Díaz Covarrubias, Méx., Mexico",55 3192 5291,,5814,Comida Rápida,confirmed_no_card,campo de Google: solo efectivo,85,True,,"Hola, vi que en La Michoacana Los Tacos Del Chino tienes gran afluencia pero solo recibes efectivo. Con la terminal Konfío puedes cobrar con tarjeta al instante y no dejar ir ninguna venta.","Taquería con más de 160 reseñas y cobro limitado a efectivo, clasificada en comida rápida.",164,4.0,trc_01M1DHHXTHDDBWSFK9FJN1PV33,1.0
ChIJM8-_TR3AYoYRoIfCFbacDJI,Tortillería La Regia 2,Monterrey,"5 de Mayo 300, Centro de Guadalupe, 67144 Guadalupe, N.L., Mexico",81 8367 0403,,5422,Misceláneos,confirmed_no_card,campo de Google: solo efectivo,85,True,,"Hola, note que en Tortilleria La Regia 2 surten a muchos negocios y clientes particulares pero solo manejan efectivo. Con la terminal Konfio puedes cobrar pedidos grandes con tarjeta y construir historial comercial con cada venta. Te gustaria conocer nuestras opciones?",Tortilleria mayorista y minorista con alto volumen que solo maneja efectivo.,85,4.6,trc_01M1DHHXTHDDBWSFK9FJN1PV33,1.0
ChIJIawLd53-0YURp_M9OAV5WZw,Cocina Económica Mireya,Ciudad de México,"Goma 128, Granjas México, Iztacalco, 08400 Ciudad de México, CDMX, Mexico",55 5657 2075,,5812,Restaurantes,confirmed_no_card,campo de Google: solo efectivo,85,True,,"Hola, vi las excelentes reseñas sobre la comida en Cocina Económica Mireya, aunque figura que solo recibes efectivo. Con la terminal Konfío puedes cobrar cuentas con tarjeta en mesa o mostrador, agilizando el servicio y respaldando tu facturación.",Cocina económica con excelentes reseñas y solo efectivo.,30,4.8,trc_01M1DHHXTHDDBWSFK9FJN1PV33,1.0
ChIJs88vWoj80YURJJVH3zF7byA,Fonda Doña Rosita,Ciudad de México,"Calle 1 65, Estado de Mexico, 57210 Cdad. Nezahualcóyotl, Méx., Mexico",55 1064 9340,,5812,Restaurantes,confirmed_no_card,campo de Google: solo efectivo,85,True,,"Hola, vi los comentarios elogiando la pancita de Fonda Doña Rosita, pero figura que solo aceptas efectivo. Al incorporar una terminal Konfío puedes cobrar consumos familiares con tarjeta sin complicaciones y fortalecer el historial comercial de tu negocio.",Fonda tradicional con buenas reseñas y confirmada solo efectivo.,56,4.3,trc_01M1DHHXTHDDBWSFK9FJN1PV33,1.0
ChIJYVujw7_10YURxTBZa472sCE,La Única de Tultitlán,Ciudad de México,"Gustavo Díaz Ordaz 16, San Juan, 54900 Tultitlán de Mariano Escobedo, Méx., Mexico",55 5888 5245,,5812,Restaurantes,confirmed_no_card,campo de Google: solo efectivo,85,True,,"Hola, qué gran tradición y sazón tienen en La Única de Tultitlán. Noté que actualmente solo aceptan efectivo; con la terminal Konfío puedes ofrecer cobros con tarjeta y agilizar la cuenta en cada mesa. ¿Te gustaría conocer la propuesta?",Restaurante tradicional con alta afluencia que solo recibe efectivo.,99,4.3,trc_01M1DHHXTHDDBWSFK9FJN1PV33,1.0
ChIJWXHDPTNLL4QRObrC5U4sbxg,Taqueria la 500,Guadalajara,"Mariano Abasolo, Centro, 45680 El Salto, Jal., Mexico",33 1415 6705,https://www.facebook.com/taqueriala500/,5814,Comida Rápida,confirmed_no_card,campo de Google: solo efectivo,85,True,,"Hola, vi que en Taqueria la 500 solo cobran en efectivo. Con la terminal Konfio puedes aceptar tarjetas de debito y credito al instante, agilizando el cobro en tus mesas sin perder clientes que no traen cambio.","Taquería que opera solo con efectivo según datos de Google, ideal para terminal de cobro.",34,4.6,trc_01M1DHHXTHDDBWSFK9FJN1PV33,1.0
ChIJy6SFVGP-0YUR5BPjaTKikaM,PANADERÍA NEVA,Ciudad de México,"Av Canal de Apatlaco 129, Campamento 2 de Octubre, Iztacalco, 08930 Ciudad de México, CDMX, Mexico",55 2787 0171,,5462,Ventas al detalle (Retail),confirmed_no_card,campo de Google: solo efectivo,85,True,,"Hola, vi que en Panadería Neva tus clientes pagan en efectivo y a veces sufren con el cambio de billetes grandes. Con la terminal Konfío aceptas tarjeta directo en mostrador, agilizando el cobro y evitando problemas de cambio. ¿Te comparto los detalles de contratación?",Panadería con cobro confirmado en efectivo y fricciones reportadas con el cambio.,94,4.1,trc_01M1DHHXTHDDBWSFK9FJN1PV33,1.0
ChIJrUHit5nj0YURvmI3teHIXsc,Taqueria (Extremorros),Ciudad de México,"Av. Juarez Barrio Xochitenco LT9, Villa Xochitenco, 56334 Chimalhuacán, Méx., Mexico",55 7147 6619,,5814,Comida Rápida,confirmed_no_card,campo de Google: solo efectivo,85,True,,"Hola, veo que en Taquería Extremorros tienen gran consumo y operan solo con efectivo. Al sumar la terminal Konfío puedes cobrar fácil con tarjeta y cobro sin contacto, agilizando el servicio en horas pico y acumulando historial por facturación. ¿Te platico sobre las comisiones?",Taquería con buen volumen de clientes y cobro exclusivo en efectivo.,119,4.0,trc_01M1DHHXTHDDBWSFK9FJN1PV33,1.0
ChIJWzERYXSRYoYRIK4kpLBgXXU,Panaderia El Gogo,Monterrey,"De Las Magnolias 1776, Jardines de San Martín, 66062 Cdad. Gral. Escobedo, N.L., Mexico",81 1799 9283,https://panaderia-el-gogo.negocio.site/,5462,Ventas al detalle (Retail),confirmed_no_card,campo de Google: solo efectivo,85,True,,"Hola, vi que en Panaderia El Gogo tienen clientes muy leales pero solo manejan efectivo. Con la terminal Konfío puedes aceptar tarjetas de débito y crédito, facilitando las compras grandes de pan. ¿Te comparto los detalles?",Panadería establecida con buenas calificaciones que solo cobra en efectivo.,52,4.8,trc_01M1DHHXTHDDBWSFK9FJN1PV33,1.0
ChIJ24Y8tOTj0YURIHs1yfSyk0w,Panadería Veracruz,Ciudad de México,"Av Arca de Noe 66, Acuitlapilco, 56335 Chimalhuacán, Méx., Mexico",55 5044 2420,,5462,Ventas al detalle (Retail),confirmed_no_card,campo de Google: solo efectivo,85,True,,"Hola, vi que en Panadería Veracruz tus clientes compran mucho tu pan y bolillo calientito, pero solo aceptas efectivo. Con una terminal Konfío puedes cobrar con tarjeta fácil y rápido para no perder ninguna venta. ¿Te gustaría conocer nuestras opciones?",Panadería con 80 reseñas que solo acepta efectivo según su perfil de Google.,80,3.9,trc_01M1DHHXTHDDBWSFK9FJN1PV33,1.0
ChIJq7YhQ4v90YURCN1C7BI-EFo,Cocina La Tía Cata,Ciudad de México,"Circonio, El Manto, Iztapalapa, 09830 Ciudad de México, CDMX, Mexico",55 5612 9527,,5812,Restaurantes,confirmed_no_card,campo de Google: solo efectivo,85,True,,"Hola, vi que en Cocina La Tía Cata atienden a muchos comensales pero solo manejan efectivo. Con una terminal Konfío puedes cobrar con tarjeta de crédito y débito sin complicaciones, agilizando el servicio y aumentando el consumo promedio. ¿Te comparto los detalles para activarla hoy?",Restaurante mexicano con alta afluencia y registro verificado de solo efectivo.,205,4.2,trc_01M1DHHXTHDDBWSFK9FJN1PV33,1.0
ChIJp9KUdJCzKIQR1uSDJEXS-Gk,Tacos Dany's,Guadalajara,"Paseo Sta Rosalía 260, Infonavit La Soledad, 45403 Tonalá, Jal., Mexico",33 2891 8852,,5814,Comida Rápida,confirmed_no_card,campo de Google: solo efectivo,85,True,,"Hola, vi que en Tacos Dany's solo reciben efectivo según su ficha. Con una terminal Konfío puedes aceptar tarjetas de débito y crédito al instante, atendiendo más rápido a tus comensales y aumentando tus ventas diarias. ¿Te gustaría conocer nuestras comisiones?",Taquería con más de 100 reseñas confirmada con cobro exclusivo en efectivo mediante datos estructurados.,105,4.6,trc_01M1DHHXTHDDBWSFK9FJN1PV33,1.0
ChIJ9auKLCv40YUR47YK05kn0N4,"Cocina ""Las Cazuelas""",Ciudad de México,"Blvd. del Temoluco 113, Acueducto de Guadalupe, Gustavo A. Madero, 07270 Ciudad de México, CDMX, Mexico",55 2317 5331,,5812,Restaurantes,confirmed_no_card,campo de Google: solo efectivo,85,True,,"Hola, vi el éxito de Cocina Las Cazuelas con más de 200 opiniones y que sólo aceptan efectivo. Al integrar una terminal Konfío podrás cobrar con tarjeta rápidamente en mesas o para llevar, mejorando la atención y sumando historial con tus ventas. ¿Te interesa probarla?",Restaurante de comida casera con alto flujo de clientes y cobro exclusivo en efectivo.,215,4.0,trc_01M1DHHXTHDDBWSFK9FJN1PV33,1.0
ChIJuQmUgF2cYoYRLNSh8TyHBTA,Tortillería Los Héroes,Monterrey,"Av. Paseo de los Leones 319, Héroes de Capellanía, 66003 García, N.L., Mexico",81 1793 0914,,5422,Misceláneos,confirmed_no_card,campo de Google: solo efectivo,85,True,,"Hola, en Tortilleria Los Heroes manejas un gran flujo de clientes y vemos que solo aceptas efectivo. Con una terminal Konfio puedes aceptar pagos con tarjeta, evitar perder ventas por falta de cambio y generar un historial de cobro solido.",Tortillería con alto flujo de clientes y registro explícito de cobro exclusivo en efectivo.,99,3.7,trc_01M1DHHXTHDDBWSFK9FJN1PV33,1.0
ChIJbUOhhloBzoURcAYFSUyow8Y,Fonda La Gula,Ciudad de México,"Calle Cuitlahuac 4, San Pedro, Xochimilco, 16090 Ciudad de México, CDMX, Mexico",55 5676 3386,,5812,Restaurantes,confirmed_no_card,campo de Google: solo efectivo,85,True,,"Hola, vi que en Fonda La Gula tienen excelentes opiniones pero solo reciben efectivo. Con la terminal Konfío puedes cobrar con tarjeta a comensales y en pedidos para llevar, mejorando la experiencia de tus clientes. ¿Te gustaría conocer más?",Fonda restaurante con buena afluencia que solo recibe efectivo.,38,4.4,trc_01M1DHHXTHDDBWSFK9FJN1PV33,1.0
ChIJ74KBB20BzoURfF7n5ydU1bE,Don Fer,Ciudad de México,"Plan de La Noria 27, San Lorenzo la Cebada, Xochimilco, 16035 Ciudad de México, CDMX, Mexico",55 1082 5899,,5814,Comida Rápida,confirmed_no_card,campo de Google: solo efectivo,85,True,,"Hola, vi que en Don Fer atienden a cientos de comensales pero solo reciben efectivo. Con una terminal Konfío puedes aceptar tarjetas de débito y crédito al instante, agilizando el cobro y aumentando el ticket promedio de tus tacos. ¿Te gustaría conocer nuestras opciones?",Taquería con alto flujo de clientes y confirmación de cobro exclusivo en efectivo.,425,4.2,trc_01M1DHHXTHDDBWSFK9FJN1PV33,1.0
ChIJn0hU-fXi0YUR6Ve7dHKCbto,"""La Pasadita"" :) Cocina Económica y taquería.",Ciudad de México,"Veracruz & Calle Bahias de Huatulco, Manzana 032, Ejidos de San Agustin 2da Secc, 56344 Cdad. Nezahualcóyotl, Méx., Mexico",55 3274 0578,,5812,Restaurantes,confirmed_no_card,campo de Google: solo efectivo,85,True,,"Hola, vi las excelentes recomendaciones de La Pasadita. Noté que hoy solo aceptas efectivo; con la terminal Konfío puedes empezar a cobrar con tarjeta de débito y crédito al instante, evitando perder ventas de comensales frecuentes y haciendo crecer tu negocio.",Cocina económica y taquería con 83 reseñas que solo acepta efectivo según datos estructurados.,83,4.3,trc_01M1DHHXTHDDBWSFK9FJN1PV33,1.0
ChIJ18GDjMmzKIQRFxTK6So-hYU,Pan Don Pedro,Guadalajara,"Av del Chamizal 974, La Paz, 44860 Guadalajara, Jal., Mexico",33 5167 8613,,5462,Ventas al detalle (Retail),confirmed_no_card,campo de Google: solo efectivo,85,True,,"Hola, en Pan Don Pedro reciben a cientos de clientes y hoy solo aceptan efectivo. Con la terminal Konfío puedes ofrecer cobro con tarjeta sin complicaciones y agilizar la atención de tu panadería mientras construyes historial para crecer. ¿Te interesa probarla?",Panadería popular con alto tráfico que únicamente acepta efectivo según sus datos estructurados.,561,4.5,trc_01M1DHHXTHDDBWSFK9FJN1PV33,1.0
ChIJlUwF5IX-0YURm6c7Brr6G3A,El Tacos,Ciudad de México,"Sur 107-A 2279, Juventino Rosas, Iztacalco, 08700 Ciudad de México, CDMX, Mexico",55 8021 3500,http://p3df.mex.tl/,5814,Comida Rápida,confirmed_no_card,campo de Google: solo efectivo,85,True,,"Hola, en El Tacos atienden muchos pedidos y comensales, pero solo aceptan efectivo. Con la terminal Konfío puedes cobrar tarjetas de forma rápida, reducir tiempos de espera y construir historial comercial para tu taquería. ¿Te gustaría que platiquemos?",Taquería con más de 300 reseñas y señal confirmada de cobro en efectivo únicamente.,357,4.4,trc_01M1DHHXTHDDBWSFK9FJN1PV33,1.0
ChIJnT3tEs4ezoURueKLtctj5AI,Cocina Coki,Ciudad de México,"Francisco Javier Mina 7, Centro, 56600 Chalco de Díaz Covarrubias, Méx., Mexico",55 5973 4515,,5812,Restaurantes,confirmed_no_card,campo de Google: solo efectivo,85,True,,"Hola, noté que en Cocina Coki solo reciben efectivo para sus consumos. Con la terminal Konfío puedes aceptar todas las tarjetas de tus comensales y elevar el ticket promedio de consumo en tu restaurante. ¿Te gustaría que te comparta cómo funciona?",Restaurante con buen número de reseñas y señal confirmada de cobro solo en efectivo.,27,4.1,trc_01M1DHHXTHDDBWSFK9FJN1PV33,1.0
ChIJMbeOg85VL4QRzNxHRxHP1Q4,Fonda Doña Rosa,Guadalajara,"C. Vicente Trigo 9A, 45640 Santa Cruz de las Flores, Jal., Mexico",33 3796 0321,,5812,Restaurantes,confirmed_no_card,campo de Google: solo efectivo,85,True,,"Hola, vi la gran tradición y clientela de Fonda Doña Rosa, pero noté que solo reciben efectivo. Integrar una terminal Konfío te permitirá cobrar consumos y servicio a domicilio con tarjeta, facilitando la vida a tus comensales. ¿Te gustaría más información?",Fonda y restaurante con buen volumen y medio de pago confirmado solo efectivo.,86,4.1,trc_01M1DHHXTHDDBWSFK9FJN1PV33,1.0
ChIJ1XnOeGwCzoURmVmbLToy788,Panadería El Sagrado Corazón de Jesús,Ciudad de México,"Apatzingán 70, Cerro de la Estrella, Iztapalapa, 09860 Ciudad de México, CDMX, Mexico",55 5426 6437,,5462,Ventas al detalle (Retail),confirmed_no_card,campo de Google: solo efectivo,85,True,,"Hola, noté que en Panadería El Sagrado Corazón de Jesús solo reciben efectivo. Con una terminal Konfío puedes aceptar tarjetas y evitar perder clientes en horas pico, además de crear historial de facturación. ¿Te platico más?",Panadería con alto volumen de reseñas y confirmación técnica de que solo acepta efectivo.,117,4.2,trc_01M1DHHXTHDDBWSFK9FJN1PV33,1.0
ChIJV4DGaHb50YURjJc8mSYE-4g,iL PANNINO PANADERIA,Ciudad de México,"Nezahualcóyotl 56, Aragón La Villa(Aragón), Gustavo A. Madero, 07000 Ciudad de México, CDMX, Mexico",55 5577 3549,,5462,Ventas al detalle (Retail),confirmed_no_card,campo de Google: solo efectivo,85,True,,"Hola, vi que en iL PANNINO PANADERIA solo manejas efectivo. Con una terminal Konfío puedes cobrar fácilmente con tarjeta a tus clientes diarios y construir historial comercial con cada venta. ¿Te mando información sin compromiso?",Panadería establecida con más de 100 reseñas operando únicamente en efectivo.,138,4.1,trc_01M1DHHXTHDDBWSFK9FJN1PV33,1.0
ChIJ0SbrmBvx0YUR5MOeY-5TODo,Panadería estrella,Ciudad de México,"Av Chiapas S/N, Tulpetlac, 55740 Ecatepec de Morelos, Méx., Mexico",56 4576 6890,,5462,Ventas al detalle (Retail),confirmed_no_card,campo de Google: solo efectivo,85,True,,"Hola, vi que en Panadería estrella solo reciben efectivo. Integrar una terminal Konfío te permite aceptar cobros con tarjeta, agilizar la venta de pan en tus tardes más concurridas y crear historial comercial. ¿Platicamos 5 minutos?",Panadería popular con 90 reseñas y confirmación estructurada de solo efectivo.,90,4.2,trc_01M1DHHXTHDDBWSFK9FJN1PV33,1.0
ChIJRdjj5pGzKIQRllKu773e5fU,Taquería la gringa 2,Guadalajara,"C. Batalla de Celaya 3130, Revolución, 45580 San Pedro Tlaquepaque, Jal., Mexico",33 1785 1244,,5814,Comida Rápida,confirmed_no_card,campo de Google: solo efectivo,85,True,,"Hola, note que en Taqueria la gringa 2 solo cobras en efectivo. Con una terminal Konfio puedes aceptar tarjetas de debito y credito, agilizar el cobro en horas pico y asegurar las cuentas de tus clientes sin fricciones.",Taquería con buen flujo de comensales que solo cobra en efectivo.,49,4.1,trc_01M1DHHXTHDDBWSFK9FJN1PV33,1.0
ChIJaxSHjF6zKIQR7RA6wETeOrE,Taqueria luis el güero,Guadalajara,"Av. San Miguel Arcángel 925, Lomas de San Miguel, 45589 San Pedro Tlaquepaque, Jal., Mexico",33 2614 3007,,5812,Restaurantes,confirmed_no_card,campo de Google: solo efectivo,85,True,,"Hola, vi que en Taquería Luis El Güero atienden a muchísimos clientes pero solo reciben efectivo. Con una terminal Konfío puedes cobrar con tarjetas rápido en las mesas y no dejar ir ninguna venta. ¿Te gustaría recibir más información hoy mismo?",Taquería con alto flujo de clientes y confirmación de operar exclusivamente en efectivo.,81,4.3,trc_01M1DHHXTHDDBWSFK9FJN1PV33,1.0
ChIJz0AJkBkBzoURRA6UsconbNo,Panadería Tepepan,Ciudad de México,"Cjon. Miguel Hidalgo 150, Santa María Tepepan, Xochimilco, 16020 Ciudad de México, CDMX, Mexico",55 4921 6286,,5462,Ventas al detalle (Retail),confirmed_no_card,campo de Google: solo efectivo,85,True,,"Hola, veo que Panadería Tepepan tiene mucha preferencia de clientes pero solo manejas cobro en efectivo. Con una terminal Konfío evitas perder ventas de quienes no traen cambio y agilizas el cobro en caja. ¿Te gustaría recibir una propuesta con comisiones claras?",Panadería con alta afluencia y reseñas que opera exclusivamente con efectivo.,76,4.6,trc_01M1DHHXTHDDBWSFK9FJN1PV33,1.0
ChIJsf-YKer50YURnGtUaA4ZyoQ,Cocina Económica Lupita,Ciudad de México,"Noriente 19 a y Noriente 21, Pte 122, Lindavista Vallejo III Secc, Gustavo A. Madero, 07750 Ciudad de México, CDMX, Mexico",55 8245 8300,,5812,Restaurantes,confirmed_no_card,campo de Google: solo efectivo,84,True,,"Hola, note que en Cocina Economica Lupita solo reciben efectivo. Al cobrar con la terminal Konfio permites pagos con tarjeta en horas pico, agilizas la cuenta de tus comensales y fortaleces tu negocio.","Restaurante de comida corrida con buen volumen y preferencia de clientes, limitado a efectivo.",30,4.7,trc_01M1DHHXTHDDBWSFK9FJN1PV33,1.0
ChIJU15cC-QDzoURGW0Az0B-Wm0,Tortilleria Aurorita,Ciudad de México,"Miguel Negrete y, Jesús Castro S/N, Santa Ana Nte., Tláhuac, 13300 Ciudad de México, CDMX, Mexico",55 4783 7429,,5422,Misceláneos,confirmed_no_card,campo de Google: solo efectivo,83,True,,"Hola, vi que en Tortilleria Aurorita atienden a muchos clientes pero solo aceptan efectivo. Con la terminal Konfío puedes ofrecer cobro con tarjeta al instante y no dejar ir ninguna venta. ¿Te gustaría que revisemos opciones para tu negocio?",Tortillería con buen flujo que solo acepta efectivo.,27,3.9,trc_01M1DHHXTHDDBWSFK9FJN1PV33,1.0
ChIJJdSxoLOzKIQR1f2nlZkUJjU,Taller de Muñecas y Mercería,Guadalajara,"Calle Emilio Carranza 66, Centro, 45500 San Pedro Tlaquepaque, Jal., Mexico",33 3815 8361,https://www.facebook.com/Taller-de-mu%C3%B1ecas-y-Mercer%C3%ADa-969172023173884,5131,Ventas al detalle (Retail),confirmed_no_card,campo de Google: solo efectivo,82,True,,"Hola, vi que en Taller de Muñecas y Mercería actualmente solo recibes efectivo. Con la terminal Konfío puedes empezar a aceptar tarjetas de crédito y débito, asegurando todas tus ventas y construyendo historial comercial. ¿Te gustaría conocer las tarifas?",Mercería que reporta operar únicamente con efectivo en su ficha de negocio.,6,4.7,trc_01M1DFHV0XAZFFD2N2HRYT68Z3,1.0
ChIJf-33JjzAYoYRJVs-aZ2DgAY,La Fonda De Blankita,Monterrey,"Av. Gral. Lázaro Cárdenas, Provivienda Guadalupe, 67176 Guadalupe, N.L., Mexico",81 1252 1567,,5812,Restaurantes,confirmed_no_card,campo de Google: solo efectivo,82,True,,"Hola, noté que en La Fonda De Blankita manejas pagos únicamente en efectivo. Al ofrecer cobro con tarjeta mediante una terminal Konfío, tus comensales pagan más fácil cuentas de más de 100 pesos y tú vendes más. ¿Te gustaría conocer la terminal?",Restaurante de comida corrida con cobro exclusivo en efectivo confirmado.,40,3.7,trc_01M1DFHV0XAZFFD2N2HRYT68Z3,1.0
ChIJkRQg5Ab_0YUR6sRtJSsMDY8,Barber Studio,Ciudad de México,"Ote. 102 2319, Juventino Rosas, Iztacalco, 08700 Ciudad de México, CDMX, Mexico",56 1112 5355,https://www.instagram.com/barber_studio1723?igsh=MWNkY2MzbzE1Z2toMg%3D%3D&utm_source=qr,7230,Salones de belleza,confirmed_no_card,campo de Google: solo efectivo,82,True,,"Hola Salvador, vi las excelentes opiniones de Barber Studio por la atención y cortes de calidad. Noté que solo aceptas efectivo; con la terminal Konfío puedes cobrar con tarjeta a tus clientes y darles una opción de pago más práctica.",Barbería con excelente calificación que solo acepta efectivo según datos estructurados.,65,4.9,trc_01M1DFHV0XAZFFD2N2HRYT68Z3,1.0
ChIJ8TeYCa-yKIQR3MfPCl0ivx8,Cocina Económica Lupita,Guadalajara,"Calle de Los Artesanos 5084, Artesanos, 45590 San Pedro Tlaquepaque, Jal., Mexico",33 3334 3282,,5812,Restaurantes,confirmed_no_card,campo de Google: solo efectivo,82,True,,"Hola, vi que en Cocina Economica Lupita preparan gran variedad de guisados pero solo reciben efectivo. Al sumar una terminal Konfio tus comensales pueden pagar con tarjeta y construyes historial de crecimiento para tu negocio. Te interesa conocer las comisiones?",Restaurante de comida corrida concurrido con cobro limitado a efectivo.,53,4.4,trc_01M1DHHXTHDDBWSFK9FJN1PV33,1.0
ChIJQyRnsYVRL4QRED_AYIuOEus,"Taquería “Joe""",Guadalajara,"Satelite 11B, C. San Gilberto 3, Villas del, 45640 Galaxia la Noria, Jal., Mexico",33 1135 2192,https://www.facebook.com/tacoojoe,5814,Comida Rápida,confirmed_no_card,campo de Google: solo efectivo,82,True,,"Hola, vi que en Taqueria Joe solo reciben pagos en efectivo. Con una terminal Konfio tus clientes pueden pagar con tarjeta facilmente, evitando que dejen de consumir por no traer billetes o monedas.",Taquería con buena reputación que opera exclusivamente en efectivo.,25,4.8,trc_01M1DHHXTHDDBWSFK9FJN1PV33,1.0
ChIJMYQ-m6P40YURf1qF2m9MWmQ,Panadería Edgar,Monterrey,"Calz. Gral. Mariano Escobedo 108, Anáhuac I Secc, Miguel Hidalgo, 11320 Ciudad de México, CDMX, Mexico",55 5082 6389,,5462,Ventas al detalle (Retail),confirmed_no_card,campo de Google: solo efectivo,82,True,,"Hola, vi que en Panaderia Edgar cobran solo en efectivo. Integrar la terminal Konfio permite a tus clientes pagar su pan con tarjeta y a tu negocio generar historial transaccional para crecer.",Panadería tradicional que cobra solo en efectivo según su ficha de negocio.,26,4.4,trc_01M1DHHXTHDDBWSFK9FJN1PV33,1.0
ChIJFZCXIqb30YURzvKcIW8cavI,"Tortillería ""La Guadalupana”.",Ciudad de México,"Francisco Villa 198, Zona Escolar, Gustavo A. Madero, 07230 Ciudad de México, CDMX, Mexico",56 2708 2295,,5422,Misceláneos,confirmed_no_card,campo de Google: solo efectivo,82,True,,"Hola, noté que en Tortillería La Guadalupana operan solo con efectivo. Integrar la terminal Konfío te permite aceptar tarjetas y aumentar tus ventas diarias de manera práctica y segura. ¿Te gustaría saber cómo solicitar tu terminal hoy?",Tortillería activa que cobra únicamente en efectivo.,21,4.6,trc_01M1DHHXTHDDBWSFK9FJN1PV33,1.0
ChIJiSALvz_90YURr_kNmdZIFec,Miscelanea mago,Ciudad de México,"Azafrán 456, Granjas México, Iztacalco, 08400 Ciudad de México, CDMX, Mexico",55 4976 7719,,5422,Misceláneos,confirmed_no_card,campo de Google: solo efectivo,80,True,,"Hola, noté que en Miscelanea mago actualmente solo aceptas efectivo. Con una terminal Konfío puedes recibir pagos con tarjeta de débito y crédito al instante, evitando perder ventas de vecinos que no traen cambio. ¿Te platico cómo funciona?",Miscelánea de abarrotes que opera únicamente con efectivo.,19,4.4,trc_01M1DFHV0XAZFFD2N2HRYT68Z3,1.0
ChIJh-RjDEf90YURGaaK3DGUbMc,Cremeria Anita,Ciudad de México,"Mañanitas 90 Mercado San José loc 27 28, Benito Juárez, 57000 Cdad. Nezahualcóyotl, Méx., Mexico",55 1848 0463,,5451,Ventas al detalle (Retail),confirmed_no_card,campo de Google: solo efectivo,80,True,,"Hola, vi que en Cremeria Anita solo reciben efectivo en su local del mercado. Con la terminal Konfío puedes aceptar pagos con tarjeta de débito y crédito al instante, brindando más comodidad a tus clientes. ¿Te gustaría conocer nuestras tarifas?",Cremería dentro de mercado que reporta operar únicamente en efectivo.,25,4.6,trc_01M1DFHV0XAZFFD2N2HRYT68Z3,1.0
ChIJhaa1wM0ezoURPyPhYZ0ikkQ,El Carrete Loco,Ciudad de México,"Calle Vicente Guerrero Manzana 012, Chalco Centro, 56600 Chalco de Díaz Covarrubias, Méx., Mexico",55 3092 1065,,5131,Ventas al detalle (Retail),inferred_no_card,ya solo les fala la opcion de pagar con tarjeta,80,True,,"Hola, vi que en El Carrete Loco tienen gran surtido de hilos y refacciones, pero un cliente comentó que 'ya solo les fala la opcion de pagar con tarjeta'. Con la terminal Konfío puedes empezar a cobrar con tarjeta hoy mismo.",Mercería con reseña explícita indicando la falta de cobro con tarjeta.,30,4.5,trc_01M1DFHV0XAZFFD2N2HRYT68Z3,1.0
ChIJ_yF5DP5TL4QRVnrJBqLQkBo,Mercería Yelli,Guadalajara,"Fray Antonio Alcalde y Barriga Sur 23, Centro, 45640 Tlajomulco de Zúñiga, Jal., Mexico",33 1245 4317,,5131,Ventas al detalle (Retail),confirmed_no_card,campo de Google: solo efectivo,80,True,,"Hola, vi la buena reputación de Mercería Yelli en el Centro y que actualmente solo recibes efectivo. Con una terminal Konfío puedes aceptar tarjetas de débito y crédito, ofreciendo comodidad a tus clientes y aumentando tus ventas.",Mercería con 24 reseñas y confirmación estructurada de solo efectivo.,24,4.6,trc_01M1DFHV0XAZFFD2N2HRYT68Z3,1.0
ChIJD4gRFe7j0YURht6TPxB6D9c,Miscelánea Juquilita,Ciudad de México,"Castillo de Chapultepec, Herreros, 56334 Chimalhuacán, Méx., Mexico",55 5469 0863,,5422,Misceláneos,confirmed_no_card,campo de Google: solo efectivo,80,True,,"Hola, vi que en Miscelánea Juquilita solo cobras en efectivo. Con la terminal Konfío tus clientes pueden pagar con tarjeta sus compras diarias sin complicaciones ni rentas mensuales fijas. Te platico cómo funciona.",Miscelánea con confirmación explícita de operar únicamente en efectivo.,3,5.0,trc_01M1DFHV0XAZFFD2N2HRYT68Z3,1.0
ChIJ0QLQLjQfzoURtNM35lxms8s,Recaudería Hernández,Ciudad de México,"Av. Benito Juárez 23-Loc 2, San Gregorio Cuautzingo, 56640 San Gregorio Cuautzingo, Méx., Mexico",55 2334 9113,https://www.facebook.com/profile.php?id=100095275832381&mibextid=ZbWKwL,5422,Misceláneos,confirmed_no_card,campo de Google: solo efectivo,80,True,,"Hola, en Recaudería Hernández tienen registrado cobro únicamente en efectivo. Aceptando tarjetas con la terminal Konfío facilitas compras más grandes de fruta y verdura a tus clientes sin preocuparte por el cambio.",Recaudería de barrio confirmada con cobro exclusivo en efectivo.,12,4.3,trc_01M1DFHV0XAZFFD2N2HRYT68Z3,1.0
ChIJV38gkrSzKIQR6f15_6gV-_s,TORTILLERIA Y MOLINO LA REINA DE LA PAZ,Guadalajara,"C. Álvaro Obregón 70, Centro, 45500 San Pedro Tlaquepaque, Jal., Mexico",33 3586 9655,,5422,Misceláneos,confirmed_no_card,campo de Google: solo efectivo,80,True,,"Hola, vi que atiendes en TORTILLERIA Y MOLINO LA REINA DE LA PAZ. Noté que cobras solo en efectivo; con una terminal Konfío puedes recibir pagos con tarjeta rápido, atendiendo a más personas sin preocuparte por el cambio.",Tortillería con registro estructurado de cobro solo en efectivo.,13,4.7,trc_01M1DFHV0XAZFFD2N2HRYT68Z3,1.0
ChIJXayx96Tj0YUR5RuWBUNgjZM,Miscelánea La Esperanza,Ciudad de México,"Av. 2 No. 43, Las Aguilas, 57900 Cdad. Nezahualcóyotl, Méx., Mexico",55 4464 4774,,5422,Misceláneos,confirmed_no_card,campo de Google: solo efectivo,80,True,,"Hola, noté que en Miscelánea La Esperanza actualmente solo cobran en efectivo. Con una terminal Konfío puedes recibir pagos con tarjeta rápidamente, evitar perder ventas de vecinos sin efectivo y hacer crecer tu negocio. ¿Te gustaría que te comparta información sin compromiso?",Miscelánea clasificada en MCC 5422 con confirmación de cobro únicamente en efectivo.,14,4.5,trc_01M1DFHV0XAZFFD2N2HRYT68Z3,1.0
ChIJcYU2U7NRL4QRBT-zbJh_--8,Papeleria Y Micelanea FerVal,Guadalajara,"C. Valle de Los Arces 278 Fracc, Hacienda de Los Eucaliptos, 45640 Tlajomulco de Zúñiga, Jal., Mexico",33 3055 3682,,5943,Ventas al detalle (Retail),confirmed_no_card,campo de Google: solo efectivo,80,True,,"Hola, vi que en Papeleria Y Micelanea FerVal operan solo en efectivo. Ofrecer cobro con tarjeta te permite atender compras mas grandes y no perder ventas escolares. ¿Te gustaria adquirir una terminal facil de usar?",Papelería y miscelánea con confirmación explícita de operar únicamente en efectivo.,,,trc_01M1DFHV0XAZFFD2N2HRYT68Z3,1.0
ChIJgbvLkIv-0YURzfn0MmnL7Fk,Tortillería Carlitos,Ciudad de México,"Francisco I. Madero 47-Loc.B, Barrio de San Miguel, Iztacalco, 08650 Ciudad de México, CDMX, Mexico",55 5696 1639,,5422,Misceláneos,confirmed_no_card,campo de Google: solo efectivo,80,True,,"Hola, noté que en Tortillería Carlitos únicamente manejan efectivo. Con la terminal Konfío puedes empezar a cobrar con tarjeta o celular de forma rápida, evitando filas y atendiendo a más clientes al día.",Tortillería con confirmación estructurada de operar solo en efectivo.,21,4.0,trc_01M1DFHV0XAZFFD2N2HRYT68Z3,1.0
ChIJEwYv7bSzKIQRqHCRezfcvnA,Mercería Zol,Guadalajara,"C. Álvaro Obregón 95, Centro, 45500 San Pedro Tlaquepaque, Jal., Mexico",33 1696 0133,,5131,Ventas al detalle (Retail),confirmed_no_card,campo de Google: solo efectivo,80,True,,"Hola, vi la buena calificación de Mercería Zol en Tlaquepaque. Noté que solo aceptan efectivo; con una terminal portátil puedes recibir pagos con tarjeta y aumentar el ticket de compra de tus clientes. ¿Te gustaría ver cómo funciona?",Mercería con señal confirmada de solo efectivo en ficha de negocio.,13,4.9,trc_01M1DFHV0XAZFFD2N2HRYT68Z3,1.0
ChIJsZoq-MX_0YUR76RwN1b69hY,"Tortillería ""El Esfuerzo""",Ciudad de México,"Francisco I. Madero 150, Barrio de San Miguel, Iztacalco, 08650 Ciudad de México, CDMX, Mexico",55 5579 9540,,5422,Misceláneos,confirmed_no_card,campo de Google: solo efectivo,80,True,,"Hola, vi que en Tortillería El Esfuerzo solo reciben efectivo. Con una terminal Konfío puedes cobrar con tarjeta y celular rápido a tus clientes, facilitando sus compras diarias y sumando ventas. ¿Te gustaría conocer nuestras tarifas claras?",Tortillería local con confirmación estructurada de operar solo en efectivo.,23,4.5,trc_01M1DFHV0XAZFFD2N2HRYT68Z3,1.0
ChIJbf4x43u1KIQRKJNww8CTUpc,Hierberia Chabelita y Manuel,Guadalajara,"Juárez y francisco I Madero, Mercado municipal, local #53, Tonalá Centro, 45400 Tonalá, Jal., Mexico",33 3200 9306,,5422,Misceláneos,confirmed_no_card,campo de Google: solo efectivo,80,True,,"Hola, vi tu local Hierberia Chabelita y Manuel en el Mercado municipal y que solo aceptas efectivo. Con la terminal Konfío puedes aceptar cobros con tarjeta fácilmente y no perder compras de tus clientes.",Hierbería y tienda naturista tradicional con solo efectivo configurado.,3,5.0,trc_01M1DFHV0XAZFFD2N2HRYT68Z3,1.0
ChIJRRGtota1KIQRdtymiyb2geU,Panadería Chitica,Guadalajara,"De Las Rosas 170, Jardines de Tonalá, 45400 Tonalá, Jal., Mexico",33 3690 7433,https://www.facebook.com/PanaderiaChitica/,5462,Ventas al detalle (Retail),confirmed_no_card,campo de Google: solo efectivo,80,True,,"Hola, noté que en Panadería Chitica solo reciben efectivo. Muchos clientes prefieren pagar el pan con tarjeta; con la terminal Konfío puedes cobrarles fácilmente sin comisiones sorpresa y construyendo historial de negocio.",Panadería que solo recibe efectivo según datos estructurados.,16,4.4,trc_01M1DFHV0XAZFFD2N2HRYT68Z3,1.0
ChIJ2VM_uZVLL4QRO_GdbKGOpzo,Tacos Don Chuy.,Guadalajara,"Gómez Farias 47-31, Centro, 45680 El Salto, Jal., Mexico",33 2122 0481,,5814,Comida Rápida,confirmed_no_card,campo de Google: solo efectivo,80,True,,"Hola, vi la gran calificación que tiene Tacos Don Chuy en El Salto. Noté que cobras solo en efectivo; con la terminal Konfío puedes aceptar tarjeta, atender más rápido en horas pico y aumentar tus ventas.",Taquería concurrida con confirmación de operación exclusiva en efectivo.,12,4.9,trc_01M1DFHV0XAZFFD2N2HRYT68Z3,1.0
ChIJv0WXR-FTL4QRszL4TgsuEHc,Carniceria el gordo,Guadalajara,"Independencia sur 4, Patria, 45640 Tlajomulco de Zúñiga, Jal., Mexico",33 2600 8331,,5422,Misceláneos,confirmed_no_card,campo de Google: solo efectivo,80,True,,"Hola, vi la excelente calificación de Carnicería El Gordo y que solo cobras en efectivo. Aceptar tarjetas con la terminal Konfío te permitirá asegurar compras de mayor volumen y dar mejor atención a tus clientes del diario.",Carnicería de alta calificación que opera únicamente con efectivo.,14,4.8,trc_01M1DFHV0XAZFFD2N2HRYT68Z3,1.0
ChIJA-_r888ezoURzR8Xciruh7Q,Cocina Económica Marce,Ciudad de México,"C. Pedro Infante 8, La Bomba, 56600 Chalco de Díaz Covarrubias, Méx., Mexico",55 5973 3983,,5812,Restaurantes,confirmed_no_card,campo de Google: solo efectivo,80,True,,"Hola, noté que en Cocina Económica Marce atienden a muchos clientes pero en Google tienes registrado que solo aceptas efectivo. Cobrar con terminal te permite aceptar tarjetas a oficinistas y armar tu historial. ¿Te gustaría información?",Restaurante de comida corrida con buen flujo y cobro exclusivo en efectivo.,44,4.5,trc_01M1DFHV0XAZFFD2N2HRYT68Z3,1.0
ChIJ-eTpvr_10YURESGAqGYiu2Q,Tacos Pablo,Ciudad de México,"Blvd. Tultitlan Ote. 53, Santiaguito, 54900 Tultitlán de Mariano Escobedo, Méx., Mexico",55 4995 3149,,5814,Comida Rápida,confirmed_no_card,campo de Google: solo efectivo,80,True,,"Hola, vi las excelentes recomendaciones de tus tacos de tripa y suadero en Tacos Pablo y que solo manejas efectivo. Con una terminal Konfío puedes aceptar tarjeta rápido en mesa y mostrador sin perder clientes. ¿Te comparto opciones?",Taquería con 97 reseñas y confirmación técnica de operar exclusivamente en efectivo.,97,4.5,trc_01M1DFHV0XAZFFD2N2HRYT68Z3,1.0
ChIJYxusyPLpYoYR72tPVnIVZqY,"Regalos, papelería y Mercería FRIJOLITO",Monterrey,"Clavel 455, Vitrales, 66670 Cdad. Apodaca, N.L., Mexico",81 8453 5334,https://regalos-papeleria-y-merceria-frijolito.negocio.site/,5947,Ventas al detalle (Retail),confirmed_no_card,campo de Google: solo efectivo,80,True,,"Hola, en Regalos, papelería y Mercería FRIJOLITO ofreces gran variedad de artículos. Permite que tus clientes te paguen con tarjeta de crédito o débito para compras más grandes y haz crecer tu negocio con una terminal propia.","Tienda de regalos, mercería y papelería clasificada en MCC 5947 confirmada con solo efectivo.",14,4.8,trc_01M1DFHV0XAZFFD2N2HRYT68Z3,1.0
ChIJz0wBT6TDYoYRS4NkktfbvAs,Angel Barber Shop,Monterrey,"Río Viru 116B, occania 1 sector, 67267 Cdad. Benito Juárez, N.L., Mexico",81 8098 3411,https://www.facebook.com/profile.php?id=100087108813244,7230,Salones de belleza,confirmed_no_card,"campo de Google: acceptsCreditCards false, acceptsDebitCards false",80,True,,"Hola, en Angel Barber Shop atiendes a clientes que buscan un buen corte. Acepta pagos con tarjetas de débito y crédito directo en tu silla con una terminal moderna y deja de depender únicamente del efectivo.",Barbería registrada explícitamente sin aceptación de tarjetas de crédito o débito.,9,4.4,trc_01M1DFHV0XAZFFD2N2HRYT68Z3,1.0
ChIJeYGwBAADzoUR519m6M0VzEM,"Creaciones y novedades ""Carmen"" Mercería ""Karen""",Ciudad de México,"Francisco Peñaloza 123, Miguel Hidalgo, Tláhuac, 13200 Ciudad de México, CDMX, Mexico",55 3948 8128,https://www.instagram.com/merceria_karen?igsh=Z251emFzcGY5Nm94,5131,Ventas al detalle (Retail),confirmed_no_card,campo de Google: solo efectivo,80,True,,"Hola, note que en tu merceria y novedades cobras solo en efectivo. Con una terminal puedes aceptar tarjetas de debito y credito sin complicaciones, evitando perder ventas y sumando comodidad a tus clientes. Te platico como adquirirla de inmediato.",Mercería y novedades con confirmación directa en Google de operar exclusivamente con efectivo.,1,5.0,trc_01M1DFHV0XAZFFD2N2HRYT68Z3,1.0
ChIJSYxnxT790YURc1wMLlbTZDU,"TORTILLERÍA ""AZTECA""",Ciudad de México,"Sur 151 2101-08020, Bramadero Ramos Millán, Iztacalco, 08000 Ciudad de México, CDMX, Mexico",55 9291 4570,,5422,Misceláneos,confirmed_no_card,campo de Google: solo efectivo,80,True,,"Hola, note que en tu tortilleria aceptas solo efectivo. Ofrecer cobro con tarjeta te permite atender mas rapido y facilitar compras mayores a vecinos que no cargan monedas. Con nuestra terminal es muy simple empezar. Te interesa conocerla?",Tortillería clasificada bajo MCC 5422 con confirmación en Google de cobro exclusivamente en efectivo.,4,4.8,trc_01M1DFHV0XAZFFD2N2HRYT68Z3,1.0
ChIJJ2wLv8adYoYRJ-EcopTGCxo,"Tortilleria ""GARCIA""",Monterrey,"Encinos 440, Las Arboledas, 66004 García, N.L., Mexico",81 8102 3800,http://tortilleriagarcia.com/site/,5422,Misceláneos,confirmed_no_card,campo de Google: solo efectivo,80,True,,"Hola, vi que en Tortilleria GARCIA solo recibes efectivo. Con la terminal de Konfio puedes aceptar pagos con tarjeta y no perder ventas cuando tus clientes no traigan cambio, ademas de construir historial con tus cobros.",Tortillería clasificada en MCC 5422 con confirmación directa de solo efectivo.,11,4.3,trc_01M1DFHV0XAZFFD2N2HRYT68Z3,1.0
ChIJCVaXaGn50YURMu_mdbbFUrM,Panificadora El Modelo,Ciudad de México,"Ote 91 2617, Emiliano Zapata, Gustavo A. Madero, 07889 Ciudad de México, CDMX, Mexico",55 5517 6168,,5462,Ventas al detalle (Retail),confirmed_no_card,campo de Google: solo efectivo,80,True,,"Hola, noté que en Panificadora El Modelo tienen gran tradición con el bolillo y pan dulce pero solo cobran en efectivo. Con la terminal Konfío puedes recibir pagos con tarjeta rápidamente y facilitar la compra a tus clientes. ¿Te platico cómo funciona?",Panadería tradicional con alto flujo y registro exclusivo de pago en efectivo.,64,4.4,trc_01M1DHHXTHDDBWSFK9FJN1PV33,1.0
ChIJLVJqCJX10YURztSP-yeW6Yk,Pastelerias la Holandesa,Ciudad de México,"C. Ayuntamiento Hgo. 1, Centro, 54900 Tultitlán de Mariano Escobedo, Méx., Mexico",55 6811 3965,,5441,Ventas al detalle (Retail),confirmed_no_card,campo de Google: solo efectivo,80,True,,"Hola, vimos que en Pastelerias la Holandesa manejan pasteles para eventos, pero solo aceptan efectivo. Con la terminal Konfio tus clientes podrian pagar pedidos grandes con tarjeta comodamente y aumentar tu facturacion. ¿Te gustaria conocer nuestras condiciones?",Pasteleria con ticket promedio medio-alto que requiere terminal para pedidos de eventos.,77,3.6,trc_01M1DHHXTHDDBWSFK9FJN1PV33,1.0
ChIJTQWiuXRKL4QRWjEjn0bRQcg,Carnes Asadas Toñita,Guadalajara,"Vicente Guerrero 659, Obrera, 45680 El Salto, Jal., Mexico",33 1196 3103,,5812,Restaurantes,confirmed_no_card,campo de Google: solo efectivo,80,True,,"Hola, tus clientes recomiendan mucho las carnes asadas y la arrachera en Carnes Asadas Toñita. Cobrar solo en efectivo puede frenar pedidos grandes. Con la terminal Konfío puedes recibir pagos con tarjeta de inmediato y agilizar el cobro. ¿Te platico cómo funciona?",Restaurante de carnes con 46 reseñas y configuración estructurada de solo efectivo.,46,4.2,trc_01M1DHHXTHDDBWSFK9FJN1PV33,1.0
ChIJAWnTip750YURCykcH-kUIyU,Cocina Economica Libra,Ciudad de México,"Montiel 5, Tepeyac Insurgentes, Gustavo A. Madero, 07020 Ciudad de México, CDMX, Mexico",55 5781 9873,,5812,Restaurantes,confirmed_no_card,campo de Google: solo efectivo,80,True,,"Hola, la comida corrida de Cocina Economica Libra es muy popular y recomendada. Aceptar pagos con tarjeta mediante la terminal Konfío te ayudará a captar oficinistas que prefieren no llevar efectivo diario. ¿Te gustaría conocer la propuesta?",Restaurante de comida corrida con 53 reseñas y medio de pago configurado en solo efectivo.,53,4.2,trc_01M1DHHXTHDDBWSFK9FJN1PV33,1.0
ChIJmY4EU6oDzoURI7o6V-vV1nc,"Panadería ""Gitana""",Ciudad de México,"C. Gitana 330, Col del Mar, Tláhuac, 13270 Ciudad de México, CDMX, Mexico",55 5845 4217,,5462,Ventas al detalle (Retail),confirmed_no_card,campo de Google: solo efectivo,80,True,,"Hola, veo que en Panadería Gitana buscan mucho su variedad de piezas y bizcochos. Al depender solo de efectivo se escapan ventas de paso. Con la terminal Konfío puedes aceptar tarjetas y aumentar tus ventas diarias. ¿Te comparto la información?",Panadería de barrio con 77 reseñas y campo estructurado indicando que opera solo en efectivo.,77,3.7,trc_01M1DHHXTHDDBWSFK9FJN1PV33,1.0
ChIJ2Wca2swdzoUROMpAl-etTOU,"COCINA ECONÓMICA ""LUPITA""",Ciudad de México,"Av. Alfredo del Mazo Mz617 Lt7, Manzana 035, Independencia, 56617 Valle de Chalco Solidaridad, Méx., Mexico",55 2042 1534,,5812,Restaurantes,confirmed_no_card,campo de Google: solo efectivo,80,True,,"Hola, noté que en COCINA ECONÓMICA LUPITA tienen excelentes comentarios por su sazón pero solo manejan efectivo. Con una terminal Konfío puedes aceptar pagos con tarjeta y hacer crecer tu negocio fácilmente. ¿Te gustaría conocer opciones?",Restaurante de comida corrida con 32 reseñas y solo cobro en efectivo.,32,3.9,trc_01M1DHHXTHDDBWSFK9FJN1PV33,1.0
ChIJcyd4XJP10YURkUL5QVIh-gE,Cocina Econòmica Kimberly,Ciudad de México,"Manuel Acuña 7, Belem, 54900 Tultitlán de Mariano Escobedo, Méx., Mexico",56 2053 6817,,5812,Restaurantes,confirmed_no_card,campo de Google: solo efectivo,80,True,,"Hola, vi que en Cocina Económica Kimberly ofrecen servicio a domicilio y comida muy rica, operando solo con efectivo. Al aceptar tarjetas con la terminal Konfío facilitas el pago a tus clientes y vendes más. ¿Platicamos?",Cocina económica con servicio a domicilio y solo efectivo registrado.,35,4.2,trc_01M1DHHXTHDDBWSFK9FJN1PV33,1.0
ChIJ0RcXHza0KIQR5p7xthtDPqQ,Tortillería - El Ranchero,Guadalajara,"45410, Av. Juárez 810A, Coyula, 45410 Coyula, Jal., Mexico",33 1301 2018,,5422,Misceláneos,confirmed_no_card,campo de Google: solo efectivo,80,True,,"Hola, vi que en Tortilleria El Ranchero atienden a muchos vecinos pero solo aceptan pagos en efectivo. Con una terminal Konfio puedes recibir tarjeta sin complicaciones, agilizar los cobros y generar historial con tu volumen diario. Te gustaria recibir mas informacion?",Tortilleria tradicional con senal confirmada de solo efectivo.,30,4.3,trc_01M1DHHXTHDDBWSFK9FJN1PV33,1.0
ChIJKX6z67XrYoYRftMr5iA9_W4,Tortillería Jalisco,Monterrey,"Estado de Jalisco 210, La Noria, 66633 Cdad. Apodaca, N.L., Mexico",81 8321 4647,,5422,Misceláneos,confirmed_no_card,campo de Google: solo efectivo,80,True,,"Hola, vi que en Tortillería Jalisco solo manejas efectivo según tu perfil. Con una terminal Konfío puedes empezar a aceptar tarjetas de débito y crédito al instante, evitando perder clientes que no llevan cambio y construyendo un historial de ventas útil para tu negocio.",Tortillería que opera únicamente con efectivo.,26,4.3,trc_01M1DHHXTHDDBWSFK9FJN1PV33,1.0
ChIJQ4NsXnj90YURRCaMAp1QE6s,Tortillería La Especial,Ciudad de México,"Av. Revolución Soc. 8-Loc E, Constitución de 1917, Iztapalapa, 09260 Ciudad de México, CDMX, Mexico",55 7155 0691,,5422,Misceláneos,confirmed_no_card,campo de Google: solo efectivo,80,True,,"Hola, noté que en Tortillería La Especial actualmente solo cobras en efectivo. Con una terminal Konfío puedes recibir pagos con tarjeta sin complicaciones, facilitarle la compra a tus vecinos de Iztapalapa y registrar un historial de cobros sólido.",Tortillería con cobro exclusivo en efectivo.,16,4.1,trc_01M1DHHXTHDDBWSFK9FJN1PV33,1.0
ChIJPad0tXb50YURQiqIxOIHqQE,Tortillería La Tradición,Ciudad de México,"Joyas 78-Int. 7, Col. Estrella, Gustavo A. Madero, 07810 Ciudad de México, CDMX, Mexico",55 5577 8938,,5422,Misceláneos,confirmed_no_card,campo de Google: solo efectivo,80,True,,"Hola, vi que en Tortillería La Tradición solo reciben pagos en efectivo. Si integras una terminal Konfío podrás aceptar tarjetas sin trámites pesados, atendiendo más rápido a quienes no traen morralla y acumulando historial en tus ventas.",Tortillería confirmada solo efectivo.,17,4.1,trc_01M1DHHXTHDDBWSFK9FJN1PV33,1.0
ChIJ-ezFIyz80YURpjK0LhsFZig,Tortilleria Mi Lupita,Ciudad de México,"Ote. 102 3101, Bramadero Ramos Millán, Iztacalco, 08000 Ciudad de México, CDMX, Mexico",55 2214 6482,,5422,Misceláneos,confirmed_no_card,campo de Google: solo efectivo,80,True,,"Hola, vi que en Tortilleria Mi Lupita operan únicamente con efectivo. Una terminal Konfío te permite aceptar cobros con tarjeta fácilmente, evitando perder clientes que no traen efectivo y generando un historial comercial claro.",Tortillería que opera únicamente en efectivo.,11,4.0,trc_01M1DHHXTHDDBWSFK9FJN1PV33,1.0
ChIJH5TMYesezoURrmSaCbkQbUQ,Pastelería Santa María,Ciudad de México,"Av. López Mateos 1648, Agrarista, 56605 Chalco de Díaz Covarrubias, Méx., Mexico",55 6734 3078,,5441,Ventas al detalle (Retail),confirmed_no_card,campo de Google: solo efectivo,80,True,,"Hola, tus clientes felicitan mucho el sabor de Pastelería Santa María en Chalco. Noté que solo reciben efectivo; con la terminal Konfío puedes cobrar pedidos especiales con tarjeta y asegurar más ventas para eventos familiares. ¿Te interesa probarla?",Pastelería establecida que opera exclusivamente en efectivo.,39,4.3,trc_01M1DHHXTHDDBWSFK9FJN1PV33,1.0
ChIJcQfLKpazKIQRKySThl2M540,La Gran Cocina,Guadalajara,"Av Sta Rosalía 883, Altos Nte., 45529 San Pedro Tlaquepaque, Jal., Mexico",33 3680 0117,,5812,Restaurantes,confirmed_no_card,campo de Google: solo efectivo,80,True,,"Hola, vi las excelentes recomendaciones sobre la comida en La Gran Cocina en Tlaquepaque. Noté que en su perfil figura cobro en efectivo; con la terminal Konfío puedes asegurar cobros con tarjeta rápidos y sin caídas. ¿Te gustaría conocerla?",Restaurante con buen volumen cuyo registro estructurado indica solo efectivo.,149,4.3,trc_01M1DHHXTHDDBWSFK9FJN1PV33,1.0
ChIJqQ4Tg11TL4QRUeloycUXs8k,Tortilleria Y Molino Guzman,Guadalajara,"Rtno de Cocoteros #28 c, Santa Lucía, 45100 Tesistán, Jal., Mexico",33 3147 7082,,5422,Misceláneos,confirmed_no_card,campo de Google: solo efectivo,80,True,,"Hola, note que en Tortilleria Y Molino Guzman unicamente manejan efectivo. Ofrecer pagos con tarjeta a tus clientes habituales les facilita la compra y te ayuda a crear historial de ventas con Konfio.","Tortillería que opera únicamente en efectivo, con potencial para sumar cobro digital.",22,4.4,trc_01M1DHHXTHDDBWSFK9FJN1PV33,1.0
ChIJlbDA7l7pYoYRpvwbvwxPd1U,Tortillería Martínez,Monterrey,"Río Pilón 624, Pueblo Nuevo V, 66646 Cdad. Apodaca, N.L., Mexico",81 8386 2767,,5422,Misceláneos,confirmed_no_card,campo de Google: solo efectivo,80,True,,"Hola, vi que en Tortilleria Martinez unicamente reciben efectivo. Con una terminal Konfio puedes aceptar cobros con tarjeta sin complicaciones y brindar mas opciones de pago a los vecinos de Pueblo Nuevo.",Tortillería de colonia registrada exclusivamente con cobro en efectivo.,22,4.3,trc_01M1DHHXTHDDBWSFK9FJN1PV33,1.0
ChIJW9OCQWsdzoURm9pjWyZuIV8,Tortillería El Güero,Ciudad de México,"Cda. Cráter Tycho, Selene 2da Secc, Tláhuac, 13420 Ciudad de México, CDMX, Mexico",55 1196 3661,,5422,Misceláneos,confirmed_no_card,campo de Google: solo efectivo,80,True,,"Hola, vi que en Tortillería El Güero solo manejas cobro en efectivo. Con la terminal Konfío puedes aceptar pagos con tarjeta de débito y crédito al instante, facilitando las ventas a tus clientes y haciendo crecer tu negocio. ¿Te gustaría conocer nuestras comisiones transparentes?",Tortillería con confirmación de cobro exclusivo en efectivo.,13,4.6,trc_01M1DHHXTHDDBWSFK9FJN1PV33,1.0
ChIJtVFhP9ri0YURslbswwvfvNM,"Cocina Economica ""Dona Mary""",Ciudad de México,"Sur 1 Manzana 024, La Perla, 57900 Cdad. Nezahualcóyotl, Méx., Mexico",55 2584 2974,,5812,Restaurantes,confirmed_no_card,campo de Google: solo efectivo,80,True,,"Hola, noté que en Cocina Económica Doña Mary solo aceptan efectivo. Con la terminal Konfío puedes empezar a cobrar con tarjeta a tus comensales de forma rápida, evitando perder clientes que no traen efectivo. ¿Te gustaría conocer nuestra oferta de terminales?",Cocina económica que opera exclusivamente en efectivo.,24,5.0,trc_01M1DHHXTHDDBWSFK9FJN1PV33,1.0
ChIJgaJZUpqzKIQRGR_ufJFQ-Ck,La Cocina De Tita,Guadalajara,"Cto. Malecón Nte. 55, Infonavit La Soledad, 45417 Tonalá, Jal., Mexico",33 3350 4831,,5812,Restaurantes,confirmed_no_card,campo de Google: solo efectivo,80,True,,"Hola, veo que en La Cocina De Tita tienen excelentes recomendaciones pero solo cobran en efectivo. Con una terminal Konfío puedes aceptar tarjetas al momento, brindando más comodidad a tus clientes y aumentando el ticket promedio. ¿Te gustaría revisar cómo solicitarla?",Restaurante con alta calificación que solo acepta pagos en efectivo.,46,4.5,trc_01M1DHHXTHDDBWSFK9FJN1PV33,1.0
ChIJFQvvsMC0KIQRME8bOv90gEk,Panadería Y Pastelería Tradición CRISTY,Guadalajara,"Chabacano 10, Santa Paula, 45420 Tonalá, Jal., Mexico",33 1211 6901,,5462,Ventas al detalle (Retail),confirmed_no_card,campo de Google: solo efectivo,80,True,,"Hola, noté que en Panadería Y Pastelería Tradición CRISTY solo manejan efectivo. Con la terminal Konfío puedes cobrar pasteles y pedidos con tarjeta sin fricción, creando historial con tus cobros. ¿Te gustaría conocer nuestras opciones de terminales?",Panadería y pastelería con cobro confirmado únicamente en efectivo.,17,4.6,trc_01M1DHHXTHDDBWSFK9FJN1PV33,1.0
ChIJqw_ckI2yKIQR1jI1gIc-aiE,Tortillería y Molino La Rosa De Guadalupe,Guadalajara,"C. Juan de la Barrera 5023-A, Las Juntas, 45590 Guadalajara, Jal., Mexico",33 3502 3690,,5422,Misceláneos,confirmed_no_card,campo de Google: solo efectivo,80,True,,"Hola, vi que en Tortillería y Molino La Rosa De Guadalupe solo cobras en efectivo. Con una terminal Konfío puedes aceptar pagos con tarjeta de crédito o débito al instante y vender más sin perder clientes que no traen efectivo. ¿Te interesa conocerla?",Tortillería clasificada bajo MCC 5422 que únicamente acepta efectivo según su perfil de negocio.,16,4.7,trc_01M1DHHXTHDDBWSFK9FJN1PV33,1.0
ChIJy82y0TpNL4QRhRV80fWviTg,Tortilleria,Guadalajara,"45690, Sta. Inocencia 28, Santa Rosa del Valle, 45690 Las Pintas, Jal., Mexico",33 1405 2310,,5422,Misceláneos,confirmed_no_card,campo de Google: solo efectivo,80,True,,"Hola, noté que en tu Tortilleria actualmente solo aceptas efectivo. Con la terminal Konfío puedes comenzar a cobrar con tarjeta fácilmente, agilizar tu cobro diario y construir historial con tus ventas. ¿Te gustaría que te comparta los detalles?",Tortillería con registro de cobro exclusivo en efectivo.,21,4.2,trc_01M1DHHXTHDDBWSFK9FJN1PV33,1.0
ChIJCwHHoF5VL4QReUW6D1MVZ3o,Tortillerías la milpa,Guadalajara,"Lago Términos 1, 45645 San Agustín, Jal., Mexico",33 3612 9192,https://lamilpadedonju.com/,5422,Misceláneos,confirmed_no_card,campo de Google: solo efectivo,80,True,,"Hola, vi que en Tortillerías la milpa únicamente reciben efectivo. Con una terminal Konfío puedes empezar a aceptar tarjetas de débito y crédito, asegurando todas tus ventas y aumentando tu flujo diario. ¿Te mando más información hoy mismo?",Negocio de venta de tortillas registrado con aceptación exclusiva de efectivo.,14,4.7,trc_01M1DHHXTHDDBWSFK9FJN1PV33,1.0
ChIJZb6hYp7rYoYR7kDVyS1Gfds,Tortillería Azteca,Monterrey,"Oleoducto 237, Dieciocho de Marzo, 67126 Guadalupe, N.L., Mexico",81 2459 1331,,5422,Misceláneos,confirmed_no_card,campo de Google: solo efectivo,80,True,,"Hola, me di cuenta de que en Tortillería Azteca solo cobran en efectivo. Si integras una terminal Konfío puedes aceptar tarjetas y captar a los clientes que no cargan billetes, haciendo crecer tus cobros. ¿Te gustaría probarla?",Tortillería con señal confirmada de solo efectivo en catálogo comercial.,14,4.7,trc_01M1DHHXTHDDBWSFK9FJN1PV33,1.0
ChIJUXU9XISdYoYR0ymT6iB0bcY,TAQUERIA DILAN,Monterrey,"Sierra Real 592, Col. Hacienda Del Sol, 66004 García, N.L., Mexico",81 2028 6701,https://www.facebook.com/taqueriadilan.taqueria,5814,Comida Rápida,confirmed_no_card,campo de Google: solo efectivo,80,True,,"Hola, noté que en TAQUERIA DILAN solo cobran con efectivo. Con la terminal Konfío puedes recibir pagos con tarjeta de inmediato, dar mejor servicio a tus comensales y subir tu venta diaria. ¿Te gustaría saber más?",Taquería clasificada como comida rápida que únicamente acepta efectivo.,25,4.0,trc_01M1DHHXTHDDBWSFK9FJN1PV33,1.0
ChIJz9-YDzDqYoYRJ4rZpXdPU9s,Tortillería Torres,Monterrey,"Blvd. Acapulco 101, Mixcoac, 67114 Cdad. Apodaca, N.L., Mexico",81 1493 0292,,5422,Misceláneos,confirmed_no_card,campo de Google: solo efectivo,80,True,,"Hola, vi que en Tortillería Torres tienes clientes fieles que buscan tus tortillas y tostadas, pero solo cobras en efectivo. Con la terminal Konfío puedes aceptar pagos con tarjeta y brindarles más opciones al pagar. ¿Te gustaría recibir informes?",Tortillería con buena afluencia que solo acepta efectivo.,41,4.5,trc_01M1DHHXTHDDBWSFK9FJN1PV33,1.0
ChIJhTJaE2b_0YURGXRRFgf71hs,"'' Tacos El Güero """,Ciudad de México,"Gral. Salvador Alvarado, Escandón I Secc, Miguel Hidalgo, 11800 Ciudad de México, CDMX, Mexico",55 6780 7192,,5814,Comida Rápida,confirmed_no_card,campo de Google: solo efectivo,80,True,,"Hola, vi que en Tacos El Güero tienen gran tradición en Escandón pero solo aceptan efectivo. Con la terminal Konfío puedes cobrar rápido con tarjeta en tu horario nocturno y evitar que los clientes limiten su consumo. ¿Te platico cómo adquirirla?",Taquería tradicional con alto volumen de reseñas y venta exclusiva en efectivo.,73,4.4,trc_01M1DHHXTHDDBWSFK9FJN1PV33,1.0
ChIJWVHvZ46tKIQRAvDNzZUqCDs,Fonda Los Ranchitos,Guadalajara,"C. Hidalgo 48, Manuel, Lopez Cotilla, 45615 San Pedro Tlaquepaque, Jal., Mexico",33 3008 1949,https://www.facebook.com/share/176nczRftF/,5812,Restaurantes,confirmed_no_card,campo de Google: solo efectivo,80,True,,"Hola, noté que en Fonda Los Ranchitos solo aceptan efectivo. Muchos clientes buscan pagar con tarjeta al consumir pozole y antojitos; con la terminal Konfío cobras fácil y aumentas tu ticket promedio. ¿Te comparto más detalles hoy mismo?",Restaurante tradicional con flujo constante de comensales que solo recibe efectivo.,53,4.7,trc_01M1DHHXTHDDBWSFK9FJN1PV33,1.0
ChIJR0Jlo7RLL4QRg5YelBENq1A,Tacos De Barbacoa Los Gurrolas,Guadalajara,"C. Francisco Villa, Potrero Nuevo, 45680 El Salto, Jal., Mexico",33 4145 4710,,5812,Restaurantes,confirmed_no_card,campo de Google: solo efectivo,80,True,,"Hola, vi que en Tacos De Barbacoa Los Gurrolas tienen una gran afluencia pero solo aceptan efectivo. Al habilitar pagos con tarjeta con la terminal Konfío podrás agilizar la cuenta de tus mesas y elevar tu consumo promedio. ¿Te comparto los detalles?",Taquería con buena base de reseñas que opera exclusivamente con efectivo.,25,4.0,trc_01M1DHHXTHDDBWSFK9FJN1PV33,1.0
ChIJRU1gGnOzKIQRiFym6s_NmQo,Tortilleria Y Molino San Pedrito,Guadalajara,"45625, C. Pemex 447, San Pedrito, 45625 San Pedro Tlaquepaque, Jal., Mexico",33 3600 1847,,5422,Misceláneos,confirmed_no_card,campo de Google: solo efectivo,80,True,,"Hola, vi que en Tortilleria Y Molino San Pedrito solo reciben efectivo. Con la terminal Konfío puedes aceptar pagos con tarjeta de débito y crédito sin complicaciones, cobrando al instante y aumentando tus ventas diarias. ¿Te gustaría que te comparta los detalles?",Tortillería que actualmente solo recibe efectivo según datos de Google.,10,4.8,trc_01M1DHHXTHDDBWSFK9FJN1PV33,1.0
ChIJw1L6uMedYoYRW4W7XNVWXV4,Tacos Javier,Monterrey,"Sierra San Luis 163, 66004 García, N.L., Mexico",81 1910 5943,,5814,Comida Rápida,confirmed_no_card,campo de Google: solo efectivo,80,True,,"Hola, en Tacos Javier tienen registrado que solo aceptan efectivo. Aceptar pagos con tarjeta con la terminal Konfío te ayuda a cobrar más rápido y vender más a quienes no traen efectivo. ¿Te gustaría conocer nuestras tarifas transparentes?",Taquería que solo recibe efectivo según su perfil.,10,4.2,trc_01M1DHHXTHDDBWSFK9FJN1PV33,1.0
ChIJf0EpPIH-0YURi_GM2Pd5Hks,"""LUPITA""",Ciudad de México,"Ote. 110 1972, Juventino Rosas, Iztacalco, 08700 Ciudad de México, CDMX, Mexico",55 5649 2926,http://p3df.mex.tl/,5812,Restaurantes,confirmed_no_card,campo de Google: solo efectivo,80,True,,"Hola, en Lupita preparan comida mexicana deliciosa para muchos comensales. Noté que solo aceptan efectivo; con la terminal Konfío puedes recibir pagos con tarjeta sin complicaciones y construir historial con tus ventas. ¿Te comparto información sobre las comisiones?",Restaurante de comida mexicana con registro estructurado de solo efectivo.,169,4.4,trc_01M1DHHXTHDDBWSFK9FJN1PV33,1.0
ChIJVUbXlyodzoUR03lAPpbCjO8,Pan y Pasteles Rocio,Ciudad de México,"Sur 3 Mz 151-Lt 9, Niños Heroes, 56610 Valle de Chalco Solidaridad, Méx., Mexico",56 1047 3625,,5462,Ventas al detalle (Retail),confirmed_no_card,campo de Google: solo efectivo,80,True,,"Hola, vi que en Pan y Pasteles Rocio únicamente manejan efectivo. Si aceptas tarjeta con una terminal Konfío, tus clientes podrán llevar más producto o pasteles grandes sin preocuparse por traer efectivo. ¿Te interesaría probar nuestra terminal?",Panadería y pastelería con señal confirmada de solo efectivo.,16,4.1,trc_01M1DHHXTHDDBWSFK9FJN1PV33,1.0
ChIJc04T_hKRYoYRBpUEfuLDMSo,Tortillería y Molino El Nacimiento,Monterrey,"C. Loma Verde 102, Colinas de Topo Chico, 66065 Cdad. Gral. Escobedo, N.L., Mexico",81 8102 6234,,5422,Misceláneos,confirmed_no_card,campo de Google: solo efectivo,80,True,,"Hola, vi que en Tortillería y Molino El Nacimiento ofrecen variedad de productos y barbacoa pero solo aceptan efectivo. Con una terminal Konfío puedes cobrar con tarjeta los fines de semana y compras grandes sin trabas. ¿Te gustaría conocer la terminal?",Tortillería y tienda de abarrotes con flujo constante y cobro exclusivo en efectivo.,30,4.3,trc_01M1DHHXTHDDBWSFK9FJN1PV33,1.0
ChIJaWvTforDYoYR8lstcYLwusE,Panadería Del Bosque,Monterrey,"Av. Del Bosque 253, Col Paseo de Guadalupe, 67195 Guadalupe, N.L., Mexico",81 3089 9931,,5462,Ventas al detalle (Retail),confirmed_no_card,campo de Google: solo efectivo,80,True,,"Hola, vi que en Panaderia Del Bosque actualmente solo aceptas efectivo. Con la terminal Konfio puedes ofrecer pagos con tarjeta a tus clientes, aumentar el ticket promedio de compra y construir un historial solido para tu panaderia.",Panadería establecida que únicamente acepta efectivo.,28,4.5,trc_01M1DHHXTHDDBWSFK9FJN1PV33,1.0
ChIJX1fsZLCTYoYRbBu7dQCCe3s,Taquería Alex,Monterrey,"Estación de bomberos, Av. Lic. Raúl Caballero Escamilla 601, Fraccionamiento del Valle, 66056 Cdad. Gral. Escobedo, N.L., Mexico",81 1068 0735,,5814,Comida Rápida,confirmed_no_card,campo de Google: solo efectivo,80,True,,"Hola, vi que en Taqueria Alex cobras exclusivamente en efectivo. Integrar una terminal Konfio te permitira aceptar tarjetas sin complicaciones, atraer a mas comensales de la zona y respaldar el crecimiento de tu negocio.",Taquería con registro de cobro exclusivo en efectivo.,16,4.4,trc_01M1DHHXTHDDBWSFK9FJN1PV33,1.0
ChIJjcm0M8X50YURkxWJDImfEgo,Cocina Económica Los Girasoles,Ciudad de México,"21 de Marzo 311, La Laguna Ticoman, Gustavo A. Madero, 07330 Ciudad de México, CDMX, Mexico",55 5119 5712,,5812,Restaurantes,confirmed_no_card,campo de Google: solo efectivo,80,True,,"Hola, vi la gran variedad de platillos que ofrecen en Cocina Económica Los Girasoles y que solo cobran en efectivo. Con una terminal Konfío puedes aceptar pagos con tarjeta fácilmente y facilitar la cuenta a tus clientes. ¿Te gustaría probarla en tu negocio?",Cocina económica con volumen constante de clientes que solo acepta efectivo.,43,4.1,trc_01M1DHHXTHDDBWSFK9FJN1PV33,1.0
ChIJXT1S9IH-0YURm3Tb4Tj6M20,Parroquia,Ciudad de México,"Esquina Sur 125, Av. del Recreo 2105, Gabriel Ramos Millán, Iztacalco, 08720 Ciudad de México, CDMX, Mexico",55 8657 9939,,5462,Ventas al detalle (Retail),confirmed_no_card,campo de Google: solo efectivo,80,True,,"Hola, noté que en Panadería Parroquia tienes buen flujo de clientes pero cobras solo en efectivo. Integrar una terminal Konfío te permite aceptar pagos con tarjeta rápido y sin complicaciones, aumentando tu ticket promedio. ¿Te comparto los detalles de nuestras terminales?",Panadería establecida con volumen relevante de clientes y cobro solo en efectivo.,64,4.2,trc_01M1DHHXTHDDBWSFK9FJN1PV33,1.0
ChIJ__-7idAezoURGrYgJI7TGqs,Papelería Micky,Ciudad de México,"Tizapa 57-Loc.1, La Bomba, 56600 Chalco de Díaz Covarrubias, Méx., Mexico",56 2822 8362,,5943,Ventas al detalle (Retail),confirmed_no_card,campo de Google: solo efectivo,78,True,,"Hola, vi que en Papelería Micky solo aceptas efectivo. Con una terminal Konfío puedes permitir que tus clientes paguen útiles escolares y copias con tarjeta, asegurando cada compra y generando historial de ventas. ¿Te gustaría conocer nuestras comisiones?",Papelería de venta al por menor con cobro confirmado únicamente en efectivo.,17,4.1,trc_01M1DFHV0XAZFFD2N2HRYT68Z3,1.0
ChIJxaMo9ckdzoURyrEFx_cAGz8,Panadería San Agustín,Ciudad de México,"Av Soto y Gama 1019, Av Soto y Gama 1019, Alfredo del Mazo, 56619 Valle de Chalco Solidaridad, Méx., Mexico",55 8545 3081,,5462,Ventas al detalle (Retail),confirmed_no_card,campo de Google: solo efectivo,78,True,,"Hola, noté que en Panadería San Agustín tienen excelente variedad de repostería y pan, pero solo aceptan efectivo. Con una terminal Konfío puedes cobrar con tarjeta fácilmente y evitar que tus clientes limiten sus compras. ¿Te comparto más detalles?",Panadería consolidada con registro de cobro únicamente en efectivo.,46,4.2,trc_01M1DHHXTHDDBWSFK9FJN1PV33,1.0
ChIJq1ElxDkDzoURo8kzx6MU4Iw,Tacos “El guero”,Ciudad de México,"Gallo de Oro MZ27 LT276, La Nopalera, Tláhuac, 13220 Ciudad de México, CDMX, Mexico",56 2849 3619,,5814,Comida Rápida,confirmed_no_card,campo de Google: solo efectivo,78,True,,"Hola, vi que en Tacos El güero tienen registrada la opción de solo efectivo. Con la terminal Konfío puedes cobrar con tarjetas de débito y crédito al instante en cada consumo. ¿Te interesaría conocer cómo obtenerla?",Taquería que opera exclusivamente con efectivo según Google.,5,4.8,trc_01M1DHHXTHDDBWSFK9FJN1PV33,1.0
ChIJN5JF5kIBzoURcJYTnsu8HLQ,Papeleria Pily,Ciudad de México,"39, Amp San Marcos Nte, Xochimilco, 16038 Ciudad de México, CDMX, Mexico",55 1022 8391,,5943,Ventas al detalle (Retail),confirmed_no_card,campo de Google: solo efectivo,75,True,,"Hola, vi que en Papelería Pily actualmente solo aceptan efectivo. Con la terminal Konfío puedes ofrecer cobro con tarjeta para surtir listas escolares y copias, aumentando el ticket de compra de tus clientes. ¿Te gustaría conocer nuestra terminal?",Papelería local con confirmación de cobro exclusivo en efectivo.,20,4.7,trc_01M1DFHV0XAZFFD2N2HRYT68Z3,1.0
ChIJIWkgpnbj0YURdrckelBvzKc,Tortilleria Carmelita,Ciudad de México,"Calle Izcalli Mz 379 Lt 21, Manzana 018, Talabarteros, 56356 Chimalhuacán, Méx., Mexico",55 6691 9672,,5422,Misceláneos,confirmed_no_card,campo de Google: solo efectivo,75,True,,"Hola, noté que en Tortilleria Carmelita solo aceptan efectivo. Con la terminal Konfío puedes recibir pagos con tarjeta de débito o crédito fácilmente, evitando complicaciones por falta de cambio y mejorando la atención diaria. ¿Te interesaría probarla?",Tortillería local confirmada con cobro exclusivo en efectivo.,13,4.2,trc_01M1DFHV0XAZFFD2N2HRYT68Z3,1.0
ChIJ9fGs1HKzKIQR_pEg9RtnwoM,Tortillería de Harina Poza Rica,Guadalajara,"Av, Poza Rica 4658, San Pedrito, 45625 San Pedro Tlaquepaque, Jal., Mexico",33 2181 5211,,5422,Misceláneos,confirmed_no_card,campo de Google: solo efectivo,75,True,,"Hola, vi que en Tortilleria de Harina Poza Rica actualmente solo manejan efectivo. Si quieres evitar perder ventas con clientes que no traen morralla, con la terminal Konfio puedes aceptar cobros con tarjeta y contactless al instante.",Tortillería con señal confirmada de solo efectivo en sus datos de Google.,20,4.9,trc_01M1DFHV0XAZFFD2N2HRYT68Z3,1.0
ChIJc_AuvnRKL4QR0d5DM39Iuvc,Rosticería Estilo Ranchero El Salto,Guadalajara,"Heliodoro Hernández Loza 602, Centro, 45680 El Salto, Jal., Mexico",33 1129 2173,,5814,Comida Rápida,confirmed_no_card,campo de Google: solo efectivo,75,True,,"Hola, vi la excelente calificación de Rosticería Estilo Ranchero y que sólo cobras en efectivo. Con una terminal Konfío puedes aceptar pagos con tarjeta al instante, evitar perder ventas y aumentar el ticket promedio de tus clientes.",Rosticería con señal explícita de sólo efectivo.,14,4.7,trc_01M1DFHV0XAZFFD2N2HRYT68Z3,1.0
ChIJZ51IComTYoYRHVojMGmWV04,PANADERÍA Los Poblanos,Monterrey,"José María Morelos y Pavón 138, INFONAVIT Felipe Carrillo Puerto, 66055 Cdad. Gral. Escobedo, N.L., Mexico",81 3673 5162,,5462,Ventas al detalle (Retail),confirmed_no_card,campo de Google: solo efectivo,75,True,,"Hola, tus clientes recomiendan mucho el sabor de tu pan dulce en Panadería Los Poblanos. Notamos que solo aceptas efectivo; cobrar con tarjeta te permitirá aumentar el ticket de compra de cada cliente. ¿Te gustaría conocer las facilidades de nuestra terminal punto de venta?",Panadería con clientela recurrente que solo acepta efectivo según datos de Google.,56,4.8,trc_01M1DFHV0XAZFFD2N2HRYT68Z3,1.0
ChIJi8d3n_8BzoURgmemzfVNKR8,MERCERIA MARY,Ciudad de México,"Júpiter 14, El Mirador, Iztapalapa, 09800 Ciudad de México, CDMX, Mexico",55 3552 7172,,5131,Ventas al detalle (Retail),confirmed_no_card,campo de Google: solo efectivo,75,True,,"Hola Mary, vi la excelente atención en tu mercería en El Mirador. Si hoy solo aceptas efectivo, una terminal Konfío te ayuda a cobrar con tarjeta fácilmente y hacer crecer tus ventas sin complicaciones. ¿Te gustaría conocer nuestras comisiones?",Mercería con confirmación de cobro exclusivo en efectivo.,13,4.8,trc_01M1DFHV0XAZFFD2N2HRYT68Z3,1.0
ChIJQ7tV9u8DzoURQHNBUROjuAI,Miscelanea El Paraíso,Ciudad de México,"Av. Nuevo León 277, Caltongo, Xochimilco, 16083 Ciudad de México, CDMX, Mexico",55 3050 8257,,5422,Misceláneos,confirmed_no_card,campo de Google: solo efectivo,75,True,,"Hola, en Miscelánea El Paraíso atienden a diario a los vecinos de Caltongo. Como hoy solo recibes efectivo, aceptar tarjetas con la terminal Konfío te permitirá asegurar compras más grandes y evitar perder ventas. ¿Te platico sobre las tarifas?",Miscelánea de abarrotes con confirmación de solo aceptar efectivo.,22,3.9,trc_01M1DFHV0XAZFFD2N2HRYT68Z3,1.0
ChIJ_1xnlivj0YUR04XmfARjNJM,Recaudería Valdes,Ciudad de México,"Av. J. F. Kennedy 213 Colonia, Las Aguilas, 57900 Cdad. Nezahualcóyotl, Méx., Mexico",55 4012 9873,,5422,Misceláneos,confirmed_no_card,campo de Google: solo efectivo,75,True,,"Hola, vi que en Recaudería Valdes atienden a los vecinos de Las Águilas y actualmente solo reciben efectivo. Con una terminal Konfío puedes aceptar cobros con tarjeta y no perder ventas de clientes que no traen morralla. ¿Te gustaría conocerla?",Recaudería de barrio con confirmación estructurada de aceptar solo efectivo.,5,5.0,trc_01M1DFHV0XAZFFD2N2HRYT68Z3,1.0
ChIJ7avgdx4dzoUR8a6ADZYFA6E,STUDIO BARBER THE LION KING,Ciudad de México,"56619, Manzana 023 Sección 1, Dario Martinez 1ra Secc, 56619 Valle de Chalco Solidaridad, Méx., Mexico",55 4838 5464,,7230,Salones de belleza,confirmed_no_card,campo de Google: solo efectivo,75,True,,"Hola, vi el buen servicio que ofreces en STUDIO BARBER THE LION KING. Noté que solo manejas efectivo; con una terminal Konfío puedes aceptar tarjetas de débito y crédito al instante, facilitando el cobro a tus clientes.",Barbería con confirmación explícita de recepción exclusiva de efectivo.,10,4.6,trc_01M1DFHV0XAZFFD2N2HRYT68Z3,1.0
ChIJl6LA2wL50YURl1sBX60NfMU,Tortilleria De Comal Lidia,Ciudad de México,"Brahms 144, Vallejo Poniente, Gustavo A. Madero, 07780 Ciudad de México, CDMX, Mexico",21218770,,5422,Misceláneos,confirmed_no_card,campo de Google: solo efectivo,75,True,,"Hola, veo que tu tortillería en Vallejo Poniente solo recibe efectivo. Con una terminal Konfío puedes ofrecer cobro con tarjeta sin complicaciones y sumar más clientes cada día. ¿Te gustaría conocerla?",Tortillería de comal con confirmación estructurada de operar solo en efectivo.,15,4.9,trc_01M1DFHV0XAZFFD2N2HRYT68Z3,1.0
ChIJT4FlMmP50YURdvVCH-Dtjnc,Recaudería Verónica,Ciudad de México,"Ote. 121 6129, Gertrudis Sánchez I Secc, Gustavo A. Madero, 07830 Ciudad de México, CDMX, Mexico",55 5771 2602,,5422,Misceláneos,confirmed_no_card,campo de Google: solo efectivo,75,True,,"Hola, noté que en tu recaudería en Gertrudis Sánchez solo cobras en efectivo. Con una terminal Konfío puedes aceptar pagos con tarjeta y facilitar las compras de tus clientes. ¿Te mando información?",Recaudería/verdulería clasificada en misceláneos confirmada con solo cobro en efectivo.,22,4.3,trc_01M1DFHV0XAZFFD2N2HRYT68Z3,1.0
ChIJqQbV4EECzoURwMn9h5iu4Mo,Miscelanea Minitlanuac,Ciudad de México,"Av. Tlahuac, Año de Juárez, Iztapalapa, 09780 Ciudad de México, CDMX, Mexico",55 5555 5555,,5422,Misceláneos,confirmed_no_card,campo de Google: solo efectivo,75,True,,"Hola, note que en Miscelanea Minitlanuac actualmente solo aceptas efectivo. Con una terminal Konfio puedes comenzar a cobrar con tarjeta y no perder ventas de vecinos que no traen efectivo. Te ayudamos a activarla rapido.",Miscelanea que unicamente recibe efectivo segun datos de Google.,1,5.0,trc_01M1DFHV0XAZFFD2N2HRYT68Z3,1.0
ChIJ31tfVjkDzoURxp4dEvmQCPE,"Mercería Hilos y Estambres ""Cris""",Ciudad de México,"Salvador Díaz Mirón MZ69 LT2, La Estación, Tláhuac, 13319 Ciudad de México, CDMX, Mexico",55 6964 7785,,5131,Ventas al detalle (Retail),confirmed_no_card,campo de Google: solo efectivo,75,True,,"Hola, vi que en Merceria Hilos y Estambres Cris solo reciben efectivo. Al aceptar tarjetas con una terminal Konfio podras vender mas merceria a quienes prefieren pagar con tarjeta. Te asesoramos paso a paso.",Merceria con senal confirmada de solo efectivo.,5,5.0,trc_01M1DFHV0XAZFFD2N2HRYT68Z3,1.0
ChIJkQMriNQFzoUROK-yi6tfBB4,"Miscelánea ""La pequeña""",Ciudad de México,"Cam. Real a San Bartolo 1, Cuamezoc la joya, Xochimilco, 16450 Ciudad de México, CDMX, Mexico",55 1335 8995,,5422,Misceláneos,confirmed_no_card,campo de Google: solo efectivo,75,True,,"Hola, note que en Miscelanea La pequena se maneja unicamente efectivo. Con la terminal de cobro de Konfio puedes aceptar tarjetas de debito y credito, aumentando las ventas diarias de tu tienda sin complicaciones.",Tienda de abarrotes que opera exclusivamente con efectivo.,6,4.0,trc_01M1DFHV0XAZFFD2N2HRYT68Z3,1.0
ChIJOYqb7oH-0YUR9RkDkn-GHa4,La blanquita CARNICERIA,Ciudad de México,"Ote 106 2208, Gabriel Ramos Millán, Iztacalco, 08730 Ciudad de México, CDMX, Mexico",55 7046 9837,,5422,Misceláneos,confirmed_no_card,campo de Google: solo efectivo,75,True,,"Hola, noté que en La blanquita CARNICERIA actualmente solo aceptas efectivo. Con una terminal Konfío puedes empezar a cobrar con tarjeta al instante, evitar perder ventas de clientes que no traen efectivo y hacer crecer tu negocio. ¿Te comparto más detalles sin compromiso?",Carnicería clasificada en MCC 5422 con confirmación de cobro solo en efectivo.,1,5.0,trc_01M1DFHV0XAZFFD2N2HRYT68Z3,1.0
ChIJ-dO1j2WTYoYRZmXABhUSd2Q,Tortillería El Roble,Monterrey,"Benito Juárez #127, Hacienda del Cañada, 66054 Cdad. Gral. Escobedo, N.L., Mexico",81 8397 5910,http://tortilleria-el-roble.negocio.site/,5422,Misceláneos,confirmed_no_card,campo de Google: solo efectivo,75,True,,"Hola, vi que en Tortillería El Roble cobras únicamente en efectivo. Con una terminal Konfío puedes aceptar tarjetas de débito o vales de despensa para que tus clientes compren sin limitaciones de efectivo. Te comparto información sin compromiso.",Tortillería con cobro solo en efectivo confirmado.,19,4.5,trc_01M1DFHV0XAZFFD2N2HRYT68Z3,1.0
ChIJIcnELPydYoYRDg21MhiP5Wk,"Taqueria ""Yuri""",Monterrey,"Villa Pamplona 301, Villa Azul, 66000 García, N.L., Mexico",81 2348 1277,,5814,Comida Rápida,confirmed_no_card,campo de Google: solo efectivo,75,True,,"Hola, en Taquería Yuri tienes una excelente calificación pero solo recibes pagos en efectivo. Con una terminal Konfío puedes aceptar todas las tarjetas de crédito y débito, facilitando la cuenta a tus comensales. ¿Te comparto los detalles para solicitar tu terminal?",Taquería con registro explícito de operar únicamente en efectivo.,10,5.0,trc_01M1DFHV0XAZFFD2N2HRYT68Z3,1.0
ChIJpaMt-7f90YUR1UEg60JY_GA,Tortilleria Tlaxcalli,Ciudad de México,"Calle Plutarco elias calles 60 Entre emilio portes gil y, C. Ana Karenina, Progresista, Iztapalapa, 09240 Ciudad de México, CDMX, Mexico",55 1187 2644,,5422,Misceláneos,confirmed_no_card,campo de Google: solo efectivo,75,True,,"Hola, en Tortillería Tlaxcalli atiendes a clientes todos los días y actualmente solo cobras en efectivo. Con la terminal Konfío puedes aceptar cobros con tarjeta y pagos sin contacto al momento, agilizando tu fila. ¿Te interesa saber cómo obtenerla?",Tortillería con confirmación estructurada de operar solo en efectivo.,16,4.4,trc_01M1DFHV0XAZFFD2N2HRYT68Z3,1.0
ChIJKX8j1vz90YURmqmiZKvuFQQ,Merecería Gangazaz,Ciudad de México,"Xochiquetzal 18-L-78, Estrella del Sur, Iztapalapa, 09820 Ciudad de México, CDMX, Mexico",55 1192 5067,,5131,Ventas al detalle (Retail),confirmed_no_card,campo de Google: solo efectivo,75,True,,"Hola, en Mercería Gangazaz tienes clientes que compran material y novedades, pero solo aceptas efectivo. Con la terminal Konfío puedes cobrar con tarjeta de crédito o débito sin complicaciones y asegurar cada venta. ¿Te gustaría que te comparta más información?",Mercería con registro en Google confirmando cobro exclusivo en efectivo.,8,4.9,trc_01M1DFHV0XAZFFD2N2HRYT68Z3,1.0
ChIJ5234uvj70YURO6SJz83_zp0,Papelería y mercería Angela,Ciudad de México,"Nte. 72 10019, Villa Hermosa, Gustavo A. Madero, 07410 Ciudad de México, CDMX, Mexico",55 6422 5404,,5943,Ventas al detalle (Retail),confirmed_no_card,campo de Google: solo efectivo,75,True,,"Hola, noté que en Papelería y mercería Angela actualmente solo aceptan efectivo. Con una terminal Konfío puedes ofrecer pago con tarjeta a estudiantes y familias de la zona, aumentando tus ventas y construyendo historial comercial.",Papelería y mercería confirmada como comercio que solo cobra en efectivo.,2,5.0,trc_01M1DFHV0XAZFFD2N2HRYT68Z3,1.0
ChIJMeHXpYkDzoURjV66cSE_tYE,"Cocina económica ""Doña Helen""",Ciudad de México,"Salvador Díaz Mirón 101, Santa Ana Poniente, Tláhuac, 13300 Ciudad de México, CDMX, Mexico",55 8391 6225,,5814,Comida Rápida,confirmed_no_card,campo de Google: solo efectivo,75,True,,"Hola, vi que en Cocina económica Doña Helen solo reciben efectivo. Integrar una terminal Konfío te permitirá cobrar consumos y paquetes para llevar con tarjeta, haciendo el servicio más rápido y práctico para tus comensales.",Cocina de preparación rápida con confirmación estructurada de solo recibir efectivo.,4,3.8,trc_01M1DFHV0XAZFFD2N2HRYT68Z3,1.0
ChIJsWEKnS_80YURg9WW4jdKHkQ,"Miscelánea ""La Michoacana""",Ciudad de México,"Centeno 908, Granjas México, Iztacalco, 08400 Ciudad de México, CDMX, Mexico",55 4584 5003,,5422,Misceláneos,confirmed_no_card,campo de Google: solo efectivo,75,True,,"Hola, vi que en Miscelánea La Michoacana solo aceptan efectivo. Con la terminal Konfío puedes cobrar con cualquier tarjeta de débito o crédito y dar más opciones de compra a tus vecinos sin complicaciones.",Miscelánea con registro estructurado de cobro exclusivo en efectivo.,3,2.3,trc_01M1DFHV0XAZFFD2N2HRYT68Z3,1.0
ChIJ7SNL8PqSYoYRDEayGWTLyl4,FONDA RINCON DEL SAZON,Monterrey,"Evaristo Caballero 66080, Andrés Caballero Moreno Agropecuaria, 66080 Cdad. Gral. Escobedo, N.L., Mexico",81 8474 5229,,5812,Restaurantes,confirmed_no_card,campo de Google: solo efectivo,75,True,,"Hola, vi que en FONDA RINCON DEL SAZON atiendes a comensales diarios pero solo manejas cobro en efectivo. Con una terminal Konfio puedes aceptar cualquier tarjeta y evitar perder ventas por falta de cambio. ¿Te gustaria recibir una propuesta?",Restaurante tipo fonda con señal confirmada de operar solo con efectivo.,5,4.0,trc_01M1DFHV0XAZFFD2N2HRYT68Z3,1.0
ChIJ8dWE1REDzoURp3ctt4A06YY,"Mercería "" Karen """,Ciudad de México,"Los Lombardos, Miguel Hidalgo, Tláhuac, 13200 Ciudad de México, CDMX, Mexico",55 3948 8128,https://www.facebook.com/profile.php?id=61558332444369&mibextid=ZbWKwL,5131,Ventas al detalle (Retail),confirmed_no_card,campo de Google: acceptsCreditCards false,75,True,,"Hola, vi que en Mercería Karen no aceptas tarjetas de crédito directamente. Con una terminal Konfío puedes recibir todas las tarjetas de crédito y débito de forma rápida, asegurando cada venta de tus clientes. ¿Te comparto más detalles?",Mercería minorista clasificada bajo MCC 5131 con indicación de no aceptar tarjetas de crédito.,3,3.7,trc_01M1DFHV0XAZFFD2N2HRYT68Z3,1.0
ChIJ0ZaFDs_j0YURsOailSn_ws4,Tortillería San Rafael.,Ciudad de México,"C. Romero Rubio 132, Gral Vicente Villada, 57710 Cdad. Nezahualcóyotl, Méx., Mexico",55 7269 6961,,5422,Misceláneos,confirmed_no_card,campo de Google: solo efectivo,75,True,,"Hola, vi que en Tortillería San Rafael actualmente solo aceptan efectivo. Con una terminal Konfío puedes recibir pagos con tarjeta de débito y crédito al momento, haciendo más fácil la compra a tus clientes. ¿Te interesa conocer las opciones?",Tortillería de barrio con medio de pago registrado como solo efectivo.,2,4.5,trc_01M1DFHV0XAZFFD2N2HRYT68Z3,1.0
ChIJM9SLSsz80YURgVePrEYtmOc,MISCELANEA PALACIO,Ciudad de México,"Av. Chimalhuacán 338, Benito Juárez, 57000 Cdad. Nezahualcóyotl, Méx., Mexico",55 5112 2371,,5422,Misceláneos,confirmed_no_card,campo de Google: solo efectivo,75,True,,"Hola, veo que en Miscelánea Palacio actualmente solo cobran en efectivo. Aceptar pagos con tarjeta y sin contacto con la terminal Konfío te ayuda a elevar el ticket promedio de tu tienda sin complicaciones. ¿Te gustaría recibir más información?",Miscelánea con confirmación estructurada de cobro exclusivo en efectivo.,1,5.0,trc_01M1DFHV0XAZFFD2N2HRYT68Z3,1.0
ChIJ0eUHMF_60YURQ6Nhi_2bL1s,Tortillería Palomas,Ciudad de México,"Av. John F. Kennedy 80 local 1, Manzana 012 2, Emiliano Zapata 2da Secc, 55270 Ecatepec de Morelos, Méx., Mexico",55 8905 4542,,5422,Misceláneos,confirmed_no_card,campo de Google: solo efectivo,75,True,,"Hola, vi que en Tortillería Palomas cobras en efectivo. Con la terminal de Konfío puedes aceptar tarjetas y no perder clientes al momento de pagar su masa o tortillas, además de crear historial con tus ventas. Te paso detalles si te interesa.",Tortillería que opera únicamente en efectivo según los datos estructurados.,11,4.4,trc_01M1DFHV0XAZFFD2N2HRYT68Z3,1.0
ChIJtQLVx0oZzoURVq__w_p1i70,Miscelánea Itza,Ciudad de México,"Sta. Cruz 3, San Sebastian, 56600 Chalco de Díaz Covarrubias, Méx., Mexico",15528793050,,5422,Misceláneos,confirmed_no_card,campo de Google: solo efectivo,75,True,,"Hola, noté que en Miscelánea Itza recibes cobros en efectivo. Con una terminal Konfío puedes empezar a aceptar pagos con tarjeta de débito y crédito, aumentando tus ventas diarias sin complicaciones. ¿Te gustaría recibir más información?",Miscelánea de abarrotes con confirmación de cobro únicamente en efectivo.,4,4.5,trc_01M1DFHV0XAZFFD2N2HRYT68Z3,1.0
ChIJB83OlM5LL4QRa9EP8rg3QaU,Tortillería el sellito,Guadalajara,"C. Batalla de Trinidad 84, El Pedregal, 45680 El Salto, Jal., Mexico",33 1418 0412,,5422,Misceláneos,confirmed_no_card,campo de Google: solo efectivo,75,True,,"Hola, noté que en Tortillería el sellito manejas solo efectivo. Si quieres ofrecer más opciones a tus clientes y no perder ventas del día a día, la terminal Konfío te permite aceptar cobros con tarjeta sin complicaciones.",Tortillería que cobra únicamente en efectivo según campo estructurado.,1,5.0,trc_01M1DFHV0XAZFFD2N2HRYT68Z3,1.0
ChIJa5Mjei-TYoYRa-xGFtiUF14,Estetica SAM,Monterrey,"Hda. de Escobedo 532, Hacienda de Escobedo, 66057 Cdad. Gral. Escobedo, N.L., Mexico",81 1323 4236,https://www.facebook.com/profile.php?id=100063961395398&mibextid=wwXIfr&mibextid=wwXIfr,7230,Salones de belleza,confirmed_no_card,campo de Google: solo efectivo,75,True,,"Hola, en Estética SAM atiendes a tus clientes con excelentes calificaciones, pero solo recibes pagos en efectivo. Con la terminal Konfío puedes aceptar pagos con tarjeta, facilitar la experiencia a tus clientes y crear un historial comercial sólido. ¿Te interesa revisarla?",Estética con calificación alta que actualmente solo acepta efectivo de acuerdo con los datos estructurados.,9,4.9,trc_01M1DFHV0XAZFFD2N2HRYT68Z3,1.0
ChIJgXquJ24DzoURdqAyoQ-mn0g,TORTILLERIA la nueva,Ciudad de México,"Pino Suárez, Tezonco esquina, La Estación, Tláhuac, 13310 Ciudad de México, CDMX, Mexico",55 6757 7850,,5422,Misceláneos,confirmed_no_card,campo de Google: solo efectivo,75,True,,"Hola, noté que en TORTILLERIA la nueva solo reciben efectivo. Con una terminal Konfío puedes aceptar pagos con tarjeta rápidamente en mostrador y no perder ventas cuando los clientes no traen cambio. ¿Te gustaría ver cómo funciona?",Tortillería clasificada bajo MCC 5422 con confirmación estructurada de operar solo con efectivo.,4,4.0,trc_01M1DFHV0XAZFFD2N2HRYT68Z3,1.0
ChIJczG737AczoURYABR1Gni5BA,Recaudería La Confianza,Ciudad de México,"Calz.Tláhuac Chalco 45, San Andrés, Tláhuac, 13080 Ciudad de México, CDMX, Mexico",55 5842 7995,,5422,Misceláneos,confirmed_no_card,campo de Google: solo efectivo,75,True,,"Hola, vi que en Recaudería La Confianza actualmente solo manejan efectivo. Con una terminal Konfío puedes empezar a aceptar cobros con tarjeta y facilitar compras más completas para tus clientes. ¿Te gustaría recibir más información?",Recaudería clasificada bajo MCC 5422 con medio de pago estructurado solo efectivo.,6,4.8,trc_01M1DFHV0XAZFFD2N2HRYT68Z3,1.0
ChIJw2SrzgQBzoURHLpTIcTMmu0,Recaudería Tepepan,Ciudad de México,"Cda. Arenal 594, Santa María Tepepan, Xochimilco, 16020 Ciudad de México, CDMX, Mexico",15513947033,,5422,Misceláneos,confirmed_no_card,campo de Google: solo efectivo,75,True,,"Hola, noté que en Recaudería Tepepan únicamente aceptan efectivo. Con una terminal Konfío puedes empezar a cobrar con tarjeta, incrementando las ventas del día al dar más facilidades a tus clientes. ¿Te gustaría conocer los detalles?",Recaudería clasificada bajo MCC 5422 con confirmación en Google de solo aceptar efectivo.,3,4.3,trc_01M1DFHV0XAZFFD2N2HRYT68Z3,1.0
ChIJW6A3lpfj0YURshhQk9bfLCQ,Vinateria cremeria y abarrotes mi otro refugio los wueros,Ciudad de México,"Av del refugioa 3 y 4, San Pedro Manzana 058, San Pedro, 56334 Chimalhuacán, Méx., Mexico",56 2688 5621,,5422,Misceláneos,confirmed_no_card,campo de Google: solo efectivo,75,True,,"Hola, noté que en Vinatería y Abarrotes Mi Otro Refugio solo manejas efectivo. Con una terminal Konfío puedes cobrar con tarjetas y vales, aumentando tus ventas diarias y generando historial comercial. ¿Te interesa probarla?",Abarrotes y vinatería con señal confirmada de solo efectivo en Google.,26,4.5,trc_01M1DFHV0XAZFFD2N2HRYT68Z3,1.0
ChIJAaMtZLYdzoURH1-CPpBJyxw,11:11 BARBERÍA,Ciudad de México,"Poniente, Norte 21, entre poniente 9 y 10, Valle de Chalco, Manzana 918 Lote 13, Santiago, 56615 México, Méx., Mexico",56 3379 1667,https://www.instagram.com/11_11barberia?igsh=aHA3dm9wdnd3dzBr,7230,Salones de belleza,confirmed_no_card,campo de Google: solo efectivo,75,True,,"Hola, noté que en 11:11 BARBERÍA solo aceptas efectivo para tus servicios de corte y barba. Con una terminal Konfío puedes empezar a cobrar con tarjeta fácilmente y darle más opciones a tus clientes. ¿Te gustaría conocer la terminal?",Barbería con confirmación técnica de operar únicamente en efectivo.,,,trc_01M1DFHV0XAZFFD2N2HRYT68Z3,1.0
ChIJC7PwNWOtKIQR09U-6E_I4yE,Dulce Valentina Panadería Roles de canela y panadería,Guadalajara,"Prol. González Gallo 2087-B, Valle de Las Heras, 45601 San Pedro Tlaquepaque, Jal., Mexico",33 1009 1365,,5462,Ventas al detalle (Retail),confirmed_no_card,campo de Google: acceptsCreditCards false,75,True,,"Hola, vi que en Dulce Valentina Panaderia preparan excelentes roles y pan para eventos especiales. Con una terminal Konfio puedes aceptar todas las tarjetas de credito y debito facilmente para pedidos grandes.",Panadería con señal de no aceptar tarjetas de crédito de forma convencional.,135,4.7,trc_01M1DFHV0XAZFFD2N2HRYT68Z3,1.0
ChIJZyL-M0uyKIQRoBjnhRztfBw,Importaciones Mardueño,Guadalajara,"C. Constitución 244, Centro, 45500 San Pedro Tlaquepaque, Jal., Mexico",33 3657 8316,,5131,Ventas al detalle (Retail),inferred_no_card,no te da la información de buena manera para realizar el pago por transferencia!,75,True,,"Hola, vi que en Importaciones Mardueño batallan al cobrar por transferencia. Con la terminal Konfío aceptas todas las tarjetas rápido y sin fricciones para tus clientes. ¿Te gustaría conocerla?",Tienda de listones y mercería donde los clientes mencionan complicaciones al cobrar por transferencia.,146,4.4,trc_01M1DFHV0XAZFFD2N2HRYT68Z3,1.0
ChIJQ_kNy_cDzoURgIpBjcbwwgA,"Miscelanea ""El Paraíso""",Ciudad de México,"La Cruz, Xicalhuacan 177 Col, Santa Cruz Acalpixca, Xochimilco, 16500 Ciudad de México, CDMX, Mexico",55 5676 4856,,5422,Misceláneos,confirmed_no_card,campo de Google: solo efectivo,75,True,,"Hola, vi que en tu miscelanea aceptas unicamente efectivo. Con una terminal puedes aceptar pagos con tarjetas de debito y credito, atrayendo a mas vecinos y aumentando tus ventas diarias. Te muestro lo facil y accesible que es activarla.",Miscelánea de abarrotes clasificada en MCC 5422 con confirmación estructurada de operar solo en efectivo.,2,3.0,trc_01M1DFHV0XAZFFD2N2HRYT68Z3,1.0
ChIJtQX6yksczoURiGaYEx_V_To,Pollo Fiel,Ciudad de México,"Av Cuauhtémoc mz 1287, Maria Isabel, 56615 Valle de Chalco Solidaridad, Méx., Mexico",56 2614 0126,,5814,Comida Rápida,inferred_no_card,"pagué con un billete de 500 pesos y el monto eran de 410 pesos, le comenté que no tenía cambio y no dan opción a nada",75,True,,"Hola, en Pollo Fiel tienen excelente afluencia. Vi comentarios de clientes que batallan por el cambio con billetes grandes; una terminal Konfío agiliza tus cobros con tarjeta y evita filas en caja. ¿Te gustaría conocer nuestra propuesta?",Negocio de comida rápida con alta afluencia y quejas de clientes por falta de alternativas al cambio en efectivo.,612,4.1,trc_01M1DFHV0XAZFFD2N2HRYT68Z3,1.0
ChIJi9J1qXTsYoYRadV9BKyt2V8,Tortillería Aranda,Monterrey,"C. Reforma, Cabecera Municipal (Apodaca), Apodaca Centro, 66600 Cdad. Apodaca, N.L., Mexico",81 1590 2824,,5422,Misceláneos,confirmed_no_card,campo de Google: solo efectivo,75,True,,"Hola, vi que Tortillería Aranda atiende a diario en Apodaca Centro y solo maneja efectivo. Con la terminal Konfío puedes empezar a aceptar tarjetas y asegurar cada venta sin depender del cambio. ¿Te comparto los detalles?",Tortillería registrada oficialmente como negocio exclusivo de efectivo.,13,4.5,trc_01M1DFHV0XAZFFD2N2HRYT68Z3,1.0
ChIJM9mU9ZP90YURvsYZH8IaeDk,Miscelánea Los Güeros,Ciudad de México,"2a, Interior 104, Gavilán I II III y IV, San Miguel, Iztapalapa, 09360 Ciudad de México, CDMX, Mexico",56 1064 9270,,5422,Misceláneos,confirmed_no_card,campo de Google: solo efectivo,75,True,,"Hola, vi que en Miscelanea Los Güeros manejas solo efectivo. Con la terminal Konfio puedes aceptar tarjetas y aumentar el ticket de compra de tus vecinos sin preocuparte por el cambio.",Miscelánea que opera únicamente con efectivo según el campo estructurado de Google.,2,5.0,trc_01M1DFHV0XAZFFD2N2HRYT68Z3,1.0
ChIJe1spLjgDzoUR3PzShaNqPN0,Papelería El Rincón de Ally,Ciudad de México,"2da Amp San Juan, Iztapalapa, 09839 Ciudad de México, CDMX, Mexico",55 5507 5779,,5943,Ventas al detalle (Retail),confirmed_no_card,campo de Google: solo efectivo,75,True,,"Hola, vi que en Papeleria El Rincon de Ally manejas pagos solo en efectivo. Con una terminal Konfio puedes aceptar tarjetas en la compra de utiles y copias, evitando perder ventas por falta de cambio.",Papelería de venta al por menor con señal confirmada de solo efectivo.,7,3.3,trc_01M1DFHV0XAZFFD2N2HRYT68Z3,1.0
ChIJYeaoLQvw0YURmfzR3bsDOMQ,Cocina Económica Chabelita,Ciudad de México,"Av. Cegor Mz 16 Lt 16, Manzana 039, Valle de Santiago, 55138 Ecatepec de Morelos, Méx., Mexico",55 5791 2372,,5812,Restaurantes,confirmed_no_card,campo de Google: solo efectivo,75,True,,"Hola, vimos las excelentes opiniones de tus clientes sobre la comida casera de Cocina Economica Chabelita. Notamos que solo manejas efectivo; con la terminal Konfio podrias aceptar pagos con tarjeta y facilitar el consumo a mas comensales. ¿Te gustaria mas informacion?",Cocina economica con clientela regular y confirmacion en ficha de solo operar con efectivo.,37,4.4,trc_01M1DHHXTHDDBWSFK9FJN1PV33,1.0
ChIJuxJ4VcjrYoYRhlw0fmGxWcA,Tortillería Las Chatas. Y Molino,Monterrey,"Av. 16 de Septiembre 108, Independencia, 66634 Cdad. Apodaca, N.L., Mexico",7896542,,5422,Misceláneos,confirmed_no_card,campo de Google: solo efectivo,75,True,,"Hola, además de las tortillas recién hechas y los guisados en Tortillería Las Chatas, puedes facilitar la compra a quienes no traen monedas. Con la terminal Konfío aceptas tarjeta rápido y evitas problemas con el cambio. ¿Te muestro las opciones?",Tortillería y molino clasificado bajo MCC 5422 con confirmación de cobro exclusivo en efectivo.,34,4.5,trc_01M1DHHXTHDDBWSFK9FJN1PV33,1.0
ChIJF8jn52EDzoURjqUJIYZeoeM,Miscelanea Vane,Ciudad de México,"C. Fernando Montés de Oca 13, San Gregorio Atlapulco, Xochimilco, 16600 Ciudad de México, CDMX, Mexico",55 4136 0800,,5422,Misceláneos,confirmed_no_card,campo de Google: solo efectivo,75,True,,"Hola, revisando la información de Miscelanea Vane vi que únicamente manejas efectivo. Con una terminal Konfío puedes comenzar a cobrar con tarjeta desde el primer día, atrayendo más ventas de abarrotes de gente que no lleva efectivo.",Miscelánea confirmada solo efectivo.,3,4.0,trc_01M1DHHXTHDDBWSFK9FJN1PV33,1.0
ChIJK-zunAodzoURWoNttYyRea4,Cocina económica Tadeo Luis,Ciudad de México,"Mercado Independencia, Av Hermenegildo Galeana Manzana 021 Local 408-409, Independencia, 56617 Valle de Chalco Solidaridad, Méx., Mexico",55 3369 7497,,5812,Restaurantes,confirmed_no_card,campo de Google: solo efectivo,75,True,,"Hola, en Cocina económica Tadeo Luis ofrecen un gran servicio en Valle de Chalco. Vi que solo aceptan efectivo; con la terminal Konfío puedes cobrar con tarjeta al instante y atender más fácil a tus clientes diarios. ¿Te platico cómo funciona?",Cocina económica en mercado que solo opera con efectivo.,8,4.4,trc_01M1DHHXTHDDBWSFK9FJN1PV33,1.0
ChIJ_-wg1kX10YURGqJGfnKmWmo,EL GRAN TACO,Ciudad de México,"Hidalgo 6, Centro, 54900 Tultitlán de Mariano Escobedo, Méx., Mexico",55 5888 9895,,5814,Comida Rápida,confirmed_no_card,campo de Google: solo efectivo,75,True,,"Hola, buen día. Vi el buen servicio en EL GRAN TACO en el centro de Tultitlán. Noté que por ahora solo aceptan efectivo; con la terminal Konfío puedes recibir tarjetas y cobrar más rápido a tus comensales. ¿Te comparto la información?",Taquería céntrica sin aceptación de medios de pago electrónicos.,10,4.0,trc_01M1DHHXTHDDBWSFK9FJN1PV33,1.0
ChIJI-aid8vDYoYRAH6h-0Ot8Vc,Tortillería Del Consuelo,Monterrey,"Sindicalismo 647, Centro Habitacional Burócratas de Guadalupe, 67276 Cdad. Benito Juárez, N.L., Mexico",81 8393 5282,https://www.tortilleriadelconsuelo.com/,5422,Misceláneos,confirmed_no_card,campo de Google: solo efectivo,75,True,,"Hola, note que en Tortilleria Del Consuelo solo manejan cobro en efectivo. Aceptar tarjetas con la terminal Konfio te permite no perder ventas y registrar tu volumen comercial desde el primer dia.",Negocio de tortillería local registrado con cobro únicamente en efectivo.,6,4.3,trc_01M1DHHXTHDDBWSFK9FJN1PV33,1.0
ChIJMXQQQlvw0YUR9grERzbtIU0,"Cocina Economica ""La Güera.""",Ciudad de México,"Aceites Manzana 034, Sta Maria Tulpetlac, 55400 Ecatepec de Morelos, Méx., Mexico",56 3114 0817,,5812,Restaurantes,confirmed_no_card,campo de Google: solo efectivo,75,True,,"Hola, vi que en Cocina Económica La Güera únicamente reciben pagos en efectivo. Con una terminal Konfío puedes ofrecer cobro con tarjeta a tus clientes y generar historial con tus ventas diarias. ¿Te gustaría recibir más información hoy mismo?",Pequeña cocina económica con cobro exclusivo en efectivo.,2,5.0,trc_01M1DHHXTHDDBWSFK9FJN1PV33,1.0
ChIJ3T0pZlgBzoURU2IoOVRgNss,MISCELÁNEA LA ESTRELLA,Monterrey,"Yokohama 3, Coapa, Guadalupe, Tlalpan, 14388 Ciudad de México, CDMX, Mexico",55 2133 5050,,5422,Misceláneos,confirmed_no_card,campo de Google: solo efectivo,75,True,,"Hola, vi que en MISCELÁNEA LA ESTRELLA por ahora solo reciben efectivo. Con la terminal Konfío puedes aceptar cobros con tarjeta sin complicaciones y brindar una mejor opción de pago a tus clientes. ¿Te platico cómo funciona?",Miscelánea con medio de pago exclusivo en efectivo.,2,5.0,trc_01M1DHHXTHDDBWSFK9FJN1PV33,1.0
ChIJpx0r2_9NL4QRrgXcMHgPwTU,Taquería el presidente,Guadalajara,"Guadalajara - El Salto 2172B, Minerales, Del Carmen, 45693 Las Pintitas, Jal., Mexico",33 1885 8699,https://www.facebook.com/taqueriaelpresidente/%20%20%20%20%20%20%20%20%20%20%20%20%20%20%20%20Aceptamos%20pago%20con%20Transferencia,5814,Comida Rápida,confirmed_no_card,campo de Google: solo efectivo,75,True,,"Hola, noté que en Taquería el presidente solo reciben pagos en efectivo. Con la terminal Konfío puedes cobrar con tarjetas y contactless al momento, ofreciendo mejor servicio a tus clientes. ¿Te interesa conocer las tasas y facilidades?",Taquería con flujo regular de comensales y registro explícito de cobro en efectivo.,25,4.5,trc_01M1DHHXTHDDBWSFK9FJN1PV33,1.0
ChIJK0-N5om0KIQRtdt8ysp__CI,Cocina Doña Chely,Guadalajara,"Av. Benito Juárez 348, Tonalá Centro, 45400 Tonalá, Jal., Mexico",33 1316 5553,,5812,Restaurantes,confirmed_no_card,campo de Google: solo efectivo,75,True,,"Hola, vi que en Cocina Doña Chely tienes excelentes calificaciones pero solo aceptas efectivo. Integrar cobros con tarjeta con la terminal Konfío te permitirá atender a más clientes y registrar mayores ventas todos los días. ¿Te gustaría probarla?",Cocina económica con buen flujo de clientes y cobro exclusivo en efectivo.,18,4.7,trc_01M1DHHXTHDDBWSFK9FJN1PV33,1.0
ChIJl6HA_BD20YURSCAnGMk3UEU,Tortillería Geminis,Ciudad de México,"Local 1 Eje 1 Mz 13 Esq. Calle 2, Manzana 005, Lomas de Cartagena, 54958 Buenavista, Méx., Mexico",55 1543 9600,,5422,Misceláneos,confirmed_no_card,campo de Google: solo efectivo,75,True,,"Hola, en Tortilleria Geminis tus registros indican que no aceptas tarjetas y cobras solo en efectivo. Al incorporar la terminal Konfio podras agilizar el cobro y atender a todos los clientes que prefieren pagar con tarjeta.",Tortillería con datos estructurados confirmando que no acepta tarjetas.,22,3.9,trc_01M1DHHXTHDDBWSFK9FJN1PV33,1.0
ChIJcUfv_LOdYoYR9FoZpwg3mnI,Tortilleria Las Reynas,Monterrey,"Fr. Servando Teresa de Mier 124, Fray Juan Antonio de Sobrevilla, 66000 García, N.L., Mexico",1111111111,https://www.instagram.com/primo.shop1?igsh=MW10MW15ZmNmYTl0aw==,5422,Misceláneos,confirmed_no_card,campo de Google: solo efectivo,75,True,,"Hola, vi que en Tortilleria Las Reynas registran cobro únicamente en efectivo. Con la terminal Konfío puedes aceptar pagos con tarjetas de débito y crédito de forma rápida y sencilla para tus clientes. ¿Te mando información sobre cómo adquirirla?",Tortillería con registro de solo efectivo en Google.,2,5.0,trc_01M1DHHXTHDDBWSFK9FJN1PV33,1.0
ChIJd2nDtGL90YURuL4edI38OV8,Tortilleria 63,Ciudad de México,"C. 63 No-38, Santa Cruz Meyehualco, Iztapalapa, 09290 Ciudad de México, CDMX, Mexico",55 5613 1478,,5422,Misceláneos,confirmed_no_card,campo de Google: solo efectivo,75,True,,"Hola, vi que en Tortilleria 63 solo manejan pagos en efectivo. Con una terminal Konfío puedes empezar a aceptar cobros con tarjeta y facilitar la compra a tus vecinos sin complicaciones. ¿Te gustaría recibir más información?",Tortillería con medio de pago exclusivo en efectivo.,3,5.0,trc_01M1DHHXTHDDBWSFK9FJN1PV33,1.0
ChIJm8oRv2wHzoURfI86SWRdSzU,Tortilleria Xochimanca,Ciudad de México,"Cjon. Monte Las Cruces 15, San Lucas Xochimanca, Xochimilco, 16300 Ciudad de México, CDMX, Mexico",55 6482 8571,,5422,Misceláneos,confirmed_no_card,campo de Google: solo efectivo,75,True,,"Hola, vi que en Tortilleria Xochimanca tienen registrado cobro únicamente en efectivo. Con la terminal Konfío puedes aceptar pagos con tarjeta y asegurar cada venta con tus clientes del barrio. ¿Te gustaría recibir informes?",Tortillería que solo acepta efectivo según datos de Google.,2,5.0,trc_01M1DHHXTHDDBWSFK9FJN1PV33,1.0
ChIJ_3woGUsDzoUR7LiodDo4guc,La Comida de Pol,Ciudad de México,"Cenicienta MZ64 LT26, Miguel Hidalgo, Tláhuac, 13200 Ciudad de México, CDMX, Mexico",56 2199 6143,,5812,Restaurantes,confirmed_no_card,campo de Google: solo efectivo,75,True,,"Hola, vi que en La Comida de Pol tus comensales disfrutan tu sazón pero solo manejas cobro en efectivo. Con la terminal Konfío puedes aceptar tarjeta, agilizar el servicio en caja y hacer crecer tu negocio. ¿Te platico de las opciones?",Restaurante con buen flujo de comensales que opera solo en efectivo.,34,4.1,trc_01M1DHHXTHDDBWSFK9FJN1PV33,1.0
ChIJz5oQbC8dzoUR-XvHqz5a_PQ,Panadería y Pastelería Los Reyes,Ciudad de México,"Av. Emiliano Zapata Mz. 512 Lt.12 Local B entre Leona Vicario y, Nte 22 Manzana 031, San Isidro, 56617 Valle de Chalco Solidaridad, Méx., Mexico",55 3637 6968,,5462,Ventas al detalle (Retail),confirmed_no_card,campo de Google: solo efectivo,75,True,,"Hola, vi que en Panadería y Pastelería Los Reyes atienden a muchos clientes pero solo aceptan efectivo. Con la terminal Konfío puedes cobrar pedidos especiales y pasteles con tarjeta, aumentando tu ticket promedio al instante.",Panadería y pastelería con 16 reseñas que solo cobra en efectivo.,16,3.9,trc_01M1DHHXTHDDBWSFK9FJN1PV33,1.0
ChIJmwdhAgC1KIQRubaj15CK1lg,Tortillas de Harina POZA RICA (Sucursal Tonalá),Guadalajara,"C. Constitución 221I, Tonalá Centro, 45400 Tonalá, Jal., Mexico",33 3492 9854,,5422,Misceláneos,confirmed_no_card,campo de Google: solo efectivo,75,True,,"Hola, vi la gran aceptación de Tortillas de Harina Poza Rica en Tonalá. Noté que hoy solo cobras en efectivo; sumando una terminal Konfío podrás aceptar pagos con tarjeta y elevar el volumen de venta por cliente.",Tortillería con varias reseñas y clientela que solo maneja efectivo.,11,4.5,trc_01M1DHHXTHDDBWSFK9FJN1PV33,1.0
ChIJD1NWgaxSL4QRrLqB9Jsi22g,"Cocina Economica ""La Esperanza""",Guadalajara,"45640, Av. Adolf Bernard Horn Junior 3399, 45654 San Pedro Tlaquepaque, Jal., Mexico",33 2176 2380,,5812,Restaurantes,confirmed_no_card,campo de Google: solo efectivo,75,True,,"Hola, vi las excelentes reseñas de Cocina Economica La Esperanza. Noté que únicamente aceptas efectivo; con la terminal Konfío puedes habilitar pagos con tarjeta y atender a más comensales que prefieren no cargar efectivo.",Restaurante de comida corrida con 11 reseñas operando solo con efectivo.,11,4.6,trc_01M1DHHXTHDDBWSFK9FJN1PV33,1.0
ChIJ4cz9bmb50YUR8pRx3EsutR4,Cocina Economica TREBOL,Ciudad de México,"Ángel Albino Corzo 5129 loc C, Belisario Domínguez, Gustavo A. Madero, 07869 Ciudad de México, CDMX, Mexico",55 5551 8842,,5812,Restaurantes,confirmed_no_card,campo de Google: solo efectivo,75,True,,"Hola, vi que en Cocina Economica TREBOL tienen excelente sazón pero actualmente solo aceptan efectivo. Con una terminal Konfío puedes cobrar a tus comensales con tarjeta al momento y hacer crecer tu negocio. ¿Te interesa conocer las opciones?",Restaurante de comida corrida con flujo constante y cobro exclusivo en efectivo.,69,4.1,trc_01M1DHHXTHDDBWSFK9FJN1PV33,1.0
ChIJbwW1Q9Dz0YURo8h7HPxBWmE,Miscelánea gabinito,Ciudad de México,"Luis Donaldo Colosio, 55010 Ecatepec de Morelos, Méx., Mexico",55 9100 7083,,5422,Misceláneos,confirmed_no_card,campo de Google: solo efectivo,75,True,,"Hola, vi que en Miscelánea gabinito solo reciben efectivo. Con una terminal Konfío puedes empezar a aceptar tarjetas y pagos sin contacto de tus clientes, incrementando tus ventas diarias y construyendo tu historial de negocio de forma fácil. ¿Te gustaría conocer nuestras opciones?",Miscelánea que según datos estructurados únicamente maneja efectivo.,9,4.6,trc_01M1DHHXTHDDBWSFK9FJN1PV33,1.0
ChIJ0cjqna6zKIQRTa6Nugl1i1w,Tortilleria y Molino “El Sagrado Corazon”,Guadalajara,"Calle Av. De La Cruz 230, Colonial Tlaquepaque, 45570 San Pedro Tlaquepaque, Jal., Mexico",33 3635 0529,,5422,Misceláneos,confirmed_no_card,campo de Google: solo efectivo,75,True,,"Hola, vi que en Tortilleria y Molino El Sagrado Corazon solo manejas efectivo. Con la terminal de Konfio puedes empezar a cobrar con tarjeta al instante, evitar perder ventas de clientes que no traen morralla y hacer crecer tu negocio.",Es una tortillería que opera únicamente con efectivo según los datos de Google.,7,4.1,trc_01M1DHHXTHDDBWSFK9FJN1PV33,1.0
ChIJ0QHShLnj0YUR2QJdM5vU5_4,COCINA ECONOMICA TIA MEY,Ciudad de México,"Marieta #29, Benito Juárez, 57000 Cdad. Nezahualcóyotl, Méx., Mexico",771 222 4680,,5812,Restaurantes,confirmed_no_card,campo de Google: solo efectivo,75,True,,"Hola, vi que en Cocina Economica Tia Mey solo aceptas efectivo. Al sumar la terminal Konfio podras cobrar comidas con tarjeta de debito y credito, permitiendo que tus comensales consuman mas sin preocuparse por el efectivo.",Cocina económica registrada con método de pago exclusivamente en efectivo.,2,5.0,trc_01M1DHHXTHDDBWSFK9FJN1PV33,1.0
ChIJ16Lg6Qnj0YURHMzR3HGC3WI,Miscelánea NOVA FAST,Ciudad de México,"La, C. Adelita #262, Benito Juárez, 57000 Cdad. Nezahualcóyotl, Méx., Mexico",55 4656 8265,,5422,Misceláneos,confirmed_no_card,campo de Google: solo efectivo,75,True,,"Hola, vi que en Miscelanea NOVA FAST cobras solamente en efectivo. Con la terminal Konfio puedes aceptar tarjetas al instante, atender a clientes que no traen cambio y hacer crecer tus ventas diarias.",Comercio de abarrotes y miscelánea que solo opera en efectivo.,3,4.0,trc_01M1DHHXTHDDBWSFK9FJN1PV33,1.0
ChIJpSFyyHHj0YURMhWcdYLSXFg,Miscelánea El May,Ciudad de México,"Mz. 560 Lt. 11, C. Plutarco González Pliego Manzana 036, Plateros, 56356 Chimalhuacán, Estado de México, Mexico",55 4788 6632,,5422,Misceláneos,confirmed_no_card,campo de Google: solo efectivo,75,True,,"Hola, note que en Miscelanea El May unicamente aceptas efectivo. Con la terminal de cobro Konfio puedes recibir pagos con tarjeta de forma sencilla y segura, asegurando cada venta en tu tienda.",Miscelánea de abarrotes con cobro confirmado únicamente en efectivo.,3,5.0,trc_01M1DHHXTHDDBWSFK9FJN1PV33,1.0
ChIJFVH1-q0GzoURV0_9Nu7yR_E,COCINA ECONÓMICA EL BUEN SAZON,Ciudad de México,"Esquina Monte Alban, C. Monte Cruces, San Lucas Xochimanca, Xochimilco, 16300 Ciudad de México, CDMX, Mexico",55 1575 4192,,5812,Restaurantes,confirmed_no_card,campo de Google: solo efectivo,73,True,,"Hola, noté que en COCINA ECONÓMICA EL BUEN SAZON operas exclusivamente con efectivo. Aceptar tarjetas con la terminal Konfío te permitirá dar mejor servicio a tus comensales y fortalecer tu registro de ventas. ¿Te gustaría recibir más información?",Restaurante de comida corrida que solo acepta efectivo.,25,4.0,trc_01M1DHHXTHDDBWSFK9FJN1PV33,1.0
ChIJLZl8OVv90YUR6cO--ZY6Oas,Cocina Economica Fany,Ciudad de México,"Av. Herminio Chavarría MZ62 LT699, Zona Urbana Ejidal Santa María Aztahuacan, Iztapalapa, 09570 Ciudad de México, CDMX, Mexico",55 5692 7972,,5812,Restaurantes,confirmed_no_card,campo de Google: solo efectivo,72,True,,"Hola, noté que en Cocina Economica Fany atiendes a muchos clientes al mediodía y solo aceptas efectivo. Con la terminal Konfío puedes cobrarles con tarjeta rápidamente y crear un historial de ventas para tu negocio. ¿Te interesa recibir más detalles?",Cocina económica con flujo constante y cobro en efectivo.,24,4.3,trc_01M1DHHXTHDDBWSFK9FJN1PV33,1.0
ChIJX20mS4T-0YURRWT9R_djbl8,Tortillería Oriente,Ciudad de México,"Ote. 102 1557 A-1557 A, Tlacotal Ramos Millán, Iztacalco, 08720 Ciudad de México, CDMX, Mexico",55 8746 3474,,5422,Misceláneos,confirmed_no_card,campo de Google: solo efectivo,70,True,,"Hola, en Tortillería Oriente tienen clientes constantes en la Ramos Millán. Al recibir solo efectivo, sumar una terminal Konfío para aceptar pagos con tarjeta o sin contacto puede acelerar tu cobro en mostrador. ¿Te interesa recibir más información?",Tortillería de mostrador con confirmación de operar solo con efectivo.,11,4.5,trc_01M1DFHV0XAZFFD2N2HRYT68Z3,1.0
ChIJ8xqQFgBRL4QRMohRBdXTj5k,TORTILLERIA EL ROSARIO,Guadalajara,"El Zapote 8, Valle de Tlajomulco, 45640 Tlajomulco de Zúñiga, Jal., Mexico",33 3972 5033,,5422,Misceláneos,confirmed_no_card,campo de Google: solo efectivo,70,True,,"Hola, noté que en Tortillería El Rosario solo reciben efectivo. Con la terminal Konfío puedes empezar a aceptar tarjetas y pagos sin contacto de forma rápida y sencilla para no perder ninguna venta en mostrador.",Tortillería tradicional con cobro exclusivo en efectivo.,,,trc_01M1DFHV0XAZFFD2N2HRYT68Z3,1.0
ChIJU1hnznnk0YURFn74vLnz76E,Carniceria Moreno,Ciudad de México,"C. Mexica 55, Cesteros, 56366 Chimalhuacán, Méx., Mexico",56 2421 1979,,5422,Misceláneos,confirmed_no_card,campo de Google: solo efectivo,70,True,,"Hola, vi que en Carnicería Moreno actualmente solo recibes efectivo. Al aceptar tarjetas con nuestra terminal evitas perder compras grandes de carne y comienzas a crear un historial de ventas. ¿Te comparto los detalles?",Carnicería con confirmación de cobro exclusivo en efectivo en Google.,5,4.8,trc_01M1DFHV0XAZFFD2N2HRYT68Z3,1.0
ChIJpa09Z2P10YURf1w7f0nPcWE,Panadería San Antonio,Ciudad de México,"Av San Antonio 43, La Concepción, 54900 Tultitlán de Mariano Escobedo, Méx., Mexico",0000000,,5462,Ventas al detalle (Retail),confirmed_no_card,campo de Google: solo efectivo,70,True,,"Hola, noté que en Panadería San Antonio actualmente solo reciben efectivo. Si buscas aceptar pagos con tarjeta de débito y crédito para pedidos y pan dulce, la terminal Konfío es muy práctica y rápida. ¿Te gustaría conocerla?",Panadería local con confirmación técnica de aceptar solo efectivo.,7,4.3,trc_01M1DFHV0XAZFFD2N2HRYT68Z3,1.0
ChIJT9qxbtv70YUREgpJjUaO5HM,Tortilleria Karen,Ciudad de México,"Eje 4 Nte 17, San Juan de Aragón I Secc, Gustavo A. Madero, 07969 Ciudad de México, CDMX, Mexico",55 2603 2377,,5422,Misceláneos,confirmed_no_card,campo de Google: solo efectivo,70,True,,"Hola, veo que en Tortilleria Karen atienden a diario recibiendo solo efectivo. Con una terminal Konfío puedes aceptar tarjetas de débito y crédito fácilmente y brindar más opciones a tus clientes. ¿Te gustaría conocer los beneficios?",Tortillería registrada con solo efectivo en medios de pago.,15,4.4,trc_01M1DHHXTHDDBWSFK9FJN1PV33,1.0
ChIJvaQE22cczoURYOAfCqt2z2Y,"Tortillería ""LA CAMPESINA""",Ciudad de México,"Mz 18 Lt 17, Av.Moctezuma, Manzana 004, San Miguel Xico, 56613 Valle de Chalco Solidaridad, Méx., Mexico",55 4453 5164,,5422,Misceláneos,confirmed_no_card,campo de Google: solo efectivo,70,True,,"Hola, vimos que en Tortilleria LA CAMPESINA solo cobran en efectivo. Con la terminal Konfio puedes aceptar cobros con tarjeta rapidamente, evitando perder ventas con personas que no lleven efectivo en mano. ¿Te gustaria conocer nuestras tarifas accesibles?",Tortilleria activa con volumen medio de reseñas y rechazo explícito a tarjetas.,28,3.7,trc_01M1DHHXTHDDBWSFK9FJN1PV33,1.0
ChIJecbG-Tj20YURswKuUDaRziE,Tortillería Marlen,Ciudad de México,"C. Coahuila Manzana 009, Amp. Buenavista, Buenavista 2da Secc, 54955 Tultitlán de Mariano Escobedo, Méx., Mexico",55 1307 7729,,5422,Misceláneos,confirmed_no_card,campo de Google: solo efectivo,70,True,,"Hola, veo que en Tortillería Marlen atienden a diario en Buenavista y solo reciben efectivo. Una terminal Konfío te ayuda a aceptar pagos con tarjeta y generar historial de ventas para tu negocio. ¿Te mando información?",Tortillería de bajo volumen de reseñas que opera únicamente en efectivo.,10,4.4,trc_01M1DHHXTHDDBWSFK9FJN1PV33,1.0
ChIJ8Xuk67WzKIQRjNAwBisXRe8,Miscelánea,Guadalajara,"Galicia 14, El Tapatío, 45588 San Pedro Tlaquepaque, Jal., Mexico",33 1113 4563,,5422,Misceláneos,confirmed_no_card,campo de Google: solo efectivo,70,True,,"Hola, note que en tu tienda Miscelanea actualmente solo aceptas efectivo. Con una terminal Konfio puedes comenzar a cobrar con tarjeta a tus clientes y aumentar tus ventas diarias sin dejar ir a nadie por falta de cambio. Te gustaria conocer los requisitos?",Tienda miscelanea de abarrotes con medio de pago confirmado en solo efectivo.,,,trc_01M1DHHXTHDDBWSFK9FJN1PV33,1.0
ChIJ1RARmXRRL4QRwVNAgyGY0dQ,Tortillería Danny,Guadalajara,"C. Lerdo de Tejada 14, Los Ocampo, 45640 Tlajomulco de Zúñiga, Jal., Mexico",33 1423 3876,,5422,Misceláneos,confirmed_no_card,campo de Google: solo efectivo,70,True,,"Hola, vi que en Tortilleria Danny solo cobran en efectivo. Ofrecer cobro con tarjeta mediante la terminal Konfio ayuda a que tus clientes compren mas producto sin limitarse por monedas o billetes, sumando historial de ventas. Te envio informacion sin compromiso?",Tortilleria local con confirmacion de solo efectivo.,2,4.5,trc_01M1DHHXTHDDBWSFK9FJN1PV33,1.0
ChIJUVHdZzXz0YURou4c5xfMiaM,Tortillería la Espiga dorada,Ciudad de México,"Av Llanuras 569, Hacienda San Pablo, 54930 San Pablo de las Salinas, Méx., Mexico",55 8799 1461,,5422,Misceláneos,confirmed_no_card,campo de Google: solo efectivo,70,True,,"Hola, veo que en Tortillería la Espiga dorada tienen un flujo continuo de vecinos. Noté que solo cobran en efectivo; con una terminal Konfío puedes aceptar pagos con tarjeta sin complicaciones y agilizar el mostrador. ¿Te gustaría revisarla?",Tortillería de barrio con cobro exclusivo en efectivo.,24,4.3,trc_01M1DHHXTHDDBWSFK9FJN1PV33,1.0
ChIJt_o_EJCyKIQRiROx3nUyTj8,Tortillería y Molino San Francisco de Asís,Guadalajara,"Literatura 520A, Miravalle, 45590 San Pedro Tlaquepaque, Jal., Mexico",33 3905 7440,https://tortimex.com.mx/,5422,Misceláneos,confirmed_no_card,campo de Google: no acepta tarjetas de crédito ni débito,70,True,,"Hola, en Tortillería y Molino San Francisco de Asís atienden a muchos clientes en Miravalle. Vi que no aceptan tarjetas; con la terminal Konfío puedes cobrar con tarjeta fácil y sin filas en el mostrador. ¿Te interesa checarla?",Molino y tortillería confirmado sin cobro con tarjetas de débito o crédito.,10,4.3,trc_01M1DHHXTHDDBWSFK9FJN1PV33,1.0
ChIJucJNgs4dzoURCrqHhnT2H6g,COCINA ECONÓMICA LAS CHALINAS VALENTÍN,Ciudad de México,"Calle 27 poniente 09 manzana 904 lote 10, Manzana 023, Santiago, 56615 Valle de Chalco Solidaridad, Méx., Mexico",55 6855 3385,,5812,Restaurantes,confirmed_no_card,campo de Google: solo efectivo,70,True,,"Hola, noté que en Cocina Económica Las Chalinas Valentín solo aceptan efectivo. Con la terminal Konfío puedes comenzar a cobrar con tarjetas de débito y crédito fácilmente, atrayendo más comensales en la zona. ¿Te gustaría conocer nuestras promociones vigentes?",Cocina económica que solo acepta efectivo según datos de medios de pago.,1,5.0,trc_01M1DHHXTHDDBWSFK9FJN1PV33,1.0
ChIJZcvt_huTYoYRUo8-H21EWnM,Tortilleria Torres,Monterrey,"Fidel Velázquez 112, Gral Emiliano Zapata, 66052 Cdad. Gral. Escobedo, N.L., Mexico",81 3414 3014,,5422,Misceláneos,confirmed_no_card,campo de Google: solo efectivo,70,True,,"Hola, noté que en Tortilleria Torres solo aceptan pagos en efectivo. Con una terminal Konfío puedes cobrar fácilmente con tarjeta y evitar que se vayan clientes sin comprar. ¿Te gustaría conocer nuestras opciones?",Giro de tortillería con cobro confirmado en solo efectivo.,1,5.0,trc_01M1DHHXTHDDBWSFK9FJN1PV33,1.0
ChIJY1IHTZIBzoURo4X-b_WGiDc,Tortillas de harina Doña Chabela,Ciudad de México,"Emilio Carranza 74BIS, Santiago Tepalcatlalpan, Xochimilco, 16200 Ciudad de México, CDMX, Mexico",56 4868 0288,,5422,Misceláneos,confirmed_no_card,campo de Google: solo efectivo,70,True,,"Hola, vi la excelente calificacion de Tortillas de harina Dona Chabela y que solo aceptan efectivo. Con una terminal Konfio podrias cobrar con tarjeta a quien no traiga cambio. Te gustaria recibir informacion?",Negocio de tortillas de harina clasificado en MCC 5422 con solo efectivo.,29,4.7,trc_01M1DHHXTHDDBWSFK9FJN1PV33,1.0
ChIJa8UxTKgfzoURYjUw_1XfvB4,Espiga Bakery,Ciudad de México,"Av. José María Martínez 59, Tres Marias, 56604 Chalco de Díaz Covarrubias, Méx., Mexico",55 8034 1729,,5462,Ventas al detalle (Retail),confirmed_no_card,campo de Google: solo efectivo,70,True,,"Hola, noté que en Espiga Bakery solo manejas pagos en efectivo. Con una terminal Konfío puedes aceptar tarjetas de débito y crédito sin complicaciones, cobrando al instante y sumando más clientes a tu panadería. ¿Te interesa recibir más información?",Panadería activa que solo recibe efectivo según datos estructurados.,14,4.6,trc_01M1DHHXTHDDBWSFK9FJN1PV33,1.0
ChIJ_1z5MfHCYoYReH5p012s-jo,Tortillería García,Monterrey,"P.º de La Hacienda 305, Hacienda Santa Lucía 1er. Sector, 67267 Cdad. Benito Juárez, N.L., Mexico",81 8102 3800,,5422,Misceláneos,confirmed_no_card,campo de Google: solo efectivo,70,True,,"Hola, noté que en Tortillería García atiendes a tu comunidad pero únicamente manejas efectivo. Con una terminal Konfío puedes empezar a aceptar cobros con tarjeta y no perder ventas cuando tus clientes no traigan cambio. ¿Te comparto más detalles?",Tortillería local con cobro exclusivo en efectivo.,18,4.5,trc_01M1DHHXTHDDBWSFK9FJN1PV33,1.0
ChIJLx3i9djCYoYROydhXx9L3rw,Taqueria Juarez,Monterrey,"Gral. L. Garza Ayala 203-204, Centro de Benito Juárez, 67250 Cdad. Benito Juárez, N.L., Mexico",81 1546 9356,,5814,Comida Rápida,confirmed_no_card,campo de Google: solo efectivo,70,True,,"Hola, vi que en Taqueria Juarez atiendes comensales en el centro pero solo manejas cobro en efectivo. Con una terminal Konfío puedes aceptar pagos con tarjeta de débito y crédito de forma ágil. ¿Te gustaría conocer nuestras opciones?",Taquería que solo cobra en efectivo.,9,4.2,trc_01M1DHHXTHDDBWSFK9FJN1PV33,1.0
ChIJwVOylGP50YUR8GLu1mshrCQ,Cocina Económica Emili,Ciudad de México,"Mercado Bondojito local 63-66 Bondijito, Gertrudis Sánchez I Secc, Gustavo A. Madero, 07850 Ciudad de México, CDMX, Mexico",55 2774 3136,,5812,Restaurantes,confirmed_no_card,campo de Google: solo efectivo,70,True,,"Hola, vi que en Cocina Económica Emili solo aceptan efectivo. Muchos clientes de la zona buscan pagar sus comidas con tarjeta. Con la terminal Konfío puedes aceptar cobros con tarjeta y hacer crecer tu negocio fácilmente. ¿Te gustaría conocer cómo empezar hoy?",Cocina económica en mercado con confirmación de cobro exclusivo en efectivo.,15,4.3,trc_01M1DHHXTHDDBWSFK9FJN1PV33,1.0
ChIJKaXVJeMCzoUR9CzB5GopQ6Y,Panaderia y Pasteleria Versalles,Ciudad de México,"Av. Tlahuac 6073, Santa Ana Poniente, Tláhuac, 13300 Ciudad de México, CDMX, Mexico",55 5433 2223,,5462,Ventas al detalle (Retail),confirmed_no_card,campo de Google: solo efectivo,70,True,,"Hola, noté que en Panaderia y Pasteleria Versalles sólo reciben efectivo. Con una terminal Konfío tus clientes pueden pagar con tarjeta pasteles y pedidos grandes al momento, evitando que cancelen su compra y permitiéndote construir historial con cada transacción. ¿Te comparto los detalles?",Panadería y pastelería con buen volumen de reseñas y confirmación de solo efectivo.,39,3.8,trc_01M1DHHXTHDDBWSFK9FJN1PV33,1.0
ChIJHaXU-XmzKIQR8-R7Y-azZbU,Panaderia pan casero,Guadalajara,"C. del Lago 267, Villas de Oriente I, 44545 Tonalá, Jal., Mexico",33 3596 6407,,5462,Ventas al detalle (Retail),confirmed_no_card,campo de Google: solo efectivo,70,True,,"Hola, noté que en Panadería Pan Casero solo recibes pagos en efectivo. Si aceptas tarjeta en el mostrador con la terminal Konfío, tus clientes podrán llevarse más piezas de pan sin preocuparse por el efectivo. ¿Te cuento más sobre nuestras opciones?",Panadería tradicional que opera con cobro únicamente en efectivo.,10,4.5,trc_01M1DHHXTHDDBWSFK9FJN1PV33,1.0
ChIJc9MxqL750YURkCwHMZqFP5s,Tortillería de Sierravista,Ciudad de México,"07300, Sierravista 345, Lindavista, Gustavo A. Madero, 07300 Ciudad de México, CDMX, Mexico",55 2121 8085,,5422,Misceláneos,confirmed_no_card,campo de Google: solo efectivo,70,True,,"Hola, notamos que en Tortilleria de Sierravista manejas cobros unicamente en efectivo. Con la terminal Konfio puedes recibir pagos con tarjeta sin complicaciones y brindar una mejor opcion de pago a tus vecinos de Lindavista.",Tortillería de barrio con registro de solo efectivo.,11,4.6,trc_01M1DHHXTHDDBWSFK9FJN1PV33,1.0
ChIJH6ivlywdzoURryjNsFHEqhE,Panadería Guadalupe,Ciudad de México,"Sur 8 & Manuel Ávila Camacho, Sur 8 165, Guadalupana, 56616 Valle de Chalco Solidaridad, Méx., Mexico",55 8253 8487,,5462,Ventas al detalle (Retail),confirmed_no_card,campo de Google: solo efectivo,70,True,,"Hola, en Panaderia Guadalupe vemos que tus cobros son solo en efectivo. Con una terminal Konfio puedes aceptar tarjetas de debito y credito, permitiendo que tus clientes compren mas pan sin preocuparse por traer suelto.",Panadería que opera únicamente en efectivo según datos de medios de pago.,12,4.6,trc_01M1DHHXTHDDBWSFK9FJN1PV33,1.0
ChIJJeaeZdLsYoYR2gxO-eio390,Tortillería Fany,Monterrey,"Eugenio A. Benavides 102-S TORTILLERIA, Moises Sáenz, 66613 Cdad. Apodaca, N.L., Mexico",81 8385 1048,,5422,Misceláneos,confirmed_no_card,campo de Google: solo efectivo,70,True,,"Hola, vi que en Tortillería Fany actualmente solo recibes efectivo. Si tus clientes pudieran pagarte con tarjeta con una terminal Konfío, asegurarías más ventas diarias y construirías historial con tu facturación. ¿Platicamos para enviarte una terminal?",Tortillería con cobro confirmado en efectivo.,19,4.4,trc_01M1DHHXTHDDBWSFK9FJN1PV33,1.0
ChIJNy1JQ-4dzoURAAWeZ3nORNY,"Comida Casera ""El sazón de Doña Finita""",Ciudad de México,"Av. Lombardo Toledano, Sur 14 &, Niños Heroes, 56610 Valle de Chalco Solidaridad, Méx., Mexico",55 2230 8874,,5812,Restaurantes,confirmed_no_card,campo de Google: solo efectivo,70,True,,"Hola, vi las buenas opiniones de Comida Casera El sazón de Doña Finita. Noté que solo aceptas efectivo; con la terminal Konfío puedes empezar a recibir tarjetas, cobrando más rápido en horas pico y aumentando tus consumos por mesa.",Restaurante de comida casera con buenas calificaciones y solo efectivo.,5,4.6,trc_01M1DHHXTHDDBWSFK9FJN1PV33,1.0
ChIJO9IYGAnj0YURWvCzVN986dE,"Panadería y pastelería "" la Tradicional""",Ciudad de México,"Av. el Puerto 2044, Xochiaca, 56350 Chimalhuacán, Méx., Mexico",56 3514 7110,,5462,Ventas al detalle (Retail),confirmed_no_card,campo de Google: solo efectivo,70,True,,"Hola, noté que en Panadería y pastelería La Tradicional actualmente cobran solo en efectivo. Con la terminal Konfío puedes ofrecer cobro con tarjeta a tus clientes para sus pasteles y pedidos especiales sin complicaciones. ¿Te paso más detalles sobre cómo adquirirla?",Panadería y pastelería con confirmación estructurada de solo efectivo.,5,5.0,trc_01M1DHHXTHDDBWSFK9FJN1PV33,1.0
ChIJ-1hhdGwDzoUR5D3XwDN2kdc,COCINA LUPITA,Ciudad de México,"Buena Suerte, Las Arboledas, Tláhuac, 13210 Ciudad de México, CDMX, Mexico",55 5840 2514,,5812,Restaurantes,confirmed_no_card,campo de Google: solo efectivo,70,True,,"Hola, noté que en COCINA LUPITA actualmente solo cobras en efectivo. Con una terminal Konfío puedes aceptar cualquier tarjeta y brindar mayor comodidad a quienes van a comer contigo. ¿Te gustaría probarla?",Restaurante de comida corrida con confirmación de operación exclusiva en efectivo.,13,4.5,trc_01M1DHHXTHDDBWSFK9FJN1PV33,1.0
ChIJJREbIwkdzoURpuFuVwne-rE,"Tortillería ""Del Pueblo""",Ciudad de México,"Diego Cayetano Zapata 49, San Sebastián, Tláhuac, 13093 Ciudad de México, CDMX, Mexico",55 8170 9181,,5422,Misceláneos,confirmed_no_card,campo de Google: solo efectivo,70,True,,"Hola, vi que en Tortilleria Del Pueblo solo aceptas pagos en efectivo. Con la terminal Konfio puedes habilitar el cobro con tarjeta para no perder compras de clientes que van al dia.",Tortillería local sin aceptación de pagos electrónicos.,,,trc_01M1DHHXTHDDBWSFK9FJN1PV33,1.0
ChIJcfaBdWoCzoUR7_Pg1IHaRhc,MISCELANEA Peritlahuac,Ciudad de México,"Esquina Av Tlahuac, Anillo Perif. Canal de Garay 22, Año de Juárez, Iztapalapa, 09780 Ciudad de México, CDMX, Mexico",55 5555 5555,,5422,Misceláneos,confirmed_no_card,campo de Google: solo efectivo,68,True,,"Hola, vi que en Miscelánea Peritlahuac actualmente solo aceptan efectivo. Con la terminal Konfío puedes recibir pagos con tarjeta de débito y crédito, facilitando la compra de tus clientes sobre Periférico y aumentando tus ventas. ¿Te comparto opciones?",Miscelánea comercial sobre avenida principal confirmada solo en efectivo.,6,3.8,trc_01M1DFHV0XAZFFD2N2HRYT68Z3,1.0
ChIJC52kEq0CzoURtBTmSbTrXYU,Miscelánea Xalpa,Ciudad de México,"Calle uvas Mz 36 Lt 15 A, Xalpa, Iztapalapa, 09640 Ciudad de México, CDMX, Mexico",55 5232 1100,,5422,Misceláneos,confirmed_no_card,campo de Google: solo efectivo,68,True,,"Hola, vi que en Miscelánea Xalpa solo estás cobrando en efectivo. Con una terminal Konfío puedes aceptar pagos con tarjeta, evitar perder clientes sin cambio y respaldar el crecimiento de tu tienda. ¿Te gustaría probarla?",Miscelánea tradicional con registro de cobro únicamente en efectivo.,13,4.3,trc_01M1DHHXTHDDBWSFK9FJN1PV33,1.0
ChIJ5cmMDNgB0oURRlCY3k3b3tI,MISCELANANEA ROSY,Ciudad de México,"Avestruz 20, Bellavista, Álvaro Obregón, 01140 Ciudad de México, CDMX, Mexico",55 5271 9611,,5422,Misceláneos,confirmed_no_card,campo de Google: solo efectivo,65,True,,"Hola, vi que en Miscelánea Rosy solo reciben efectivo. Con una terminal Konfío puedes cobrar con tarjeta de crédito o débito a tus clientes, aumentar tus ventas diarias y construir historial para crecer tu negocio. Te mando información sin compromiso.",Miscelánea con confirmación en Google de cobro únicamente en efectivo.,3,3.0,trc_01M1DFHV0XAZFFD2N2HRYT68Z3,1.0
ChIJseSUnvHtYoYRtXldQ3wzo9s,Tortillería Toñita,Monterrey,"Av Afganistán 511, Prados de La Cieneguita, 66636 Cdad. Apodaca, N.L., Mexico",81 1764 8887,,5422,Misceláneos,confirmed_no_card,campo de Google: solo efectivo,65,True,,"Hola, en Tortillería Toñita atiendes a familias de la zona diariamente y vemos que cobras solo en efectivo. Integrar cobro con tarjeta te ayuda a no perder ventas de quienes no traen morralla. ¿Te gustaría conocer nuestra terminal práctica y sin contratos forzosos?",Tortillería con señal estructurada de solo efectivo.,15,3.5,trc_01M1DFHV0XAZFFD2N2HRYT68Z3,1.0
ChIJ3c_LTAD_0YURKV82UtMyevU,Tortillería Tlaolli,Ciudad de México,"C. Alfonso Toro 1254, Sector Popular, Popular, Iztapalapa, 09060 Ciudad de México, CDMX, Mexico",55 1385 7340,,5422,Misceláneos,confirmed_no_card,campo de Google: solo efectivo,65,True,,"Hola, en Tortillería Tlaolli tienes muy buena valoración de tus clientes, pero actualmente operas solo con efectivo. Aceptar tarjetas agiliza la atención en mostrador y te da ventaja con los vecinos de Iztapalapa. ¿Te gustaría conocer nuestra terminal punto de venta?",Tortillería que únicamente acepta efectivo según información de Google.,10,4.6,trc_01M1DFHV0XAZFFD2N2HRYT68Z3,1.0
ChIJP0Q8Ynz_0YURT8JRj72-qJc,Miscelánea El Planeta,Ciudad de México,"C. 7 46-Loc A, San Pedro de los Pinos, Benito Juárez, 03800 Ciudad de México, CDMX, Mexico",55 6307 0087,,5422,Misceláneos,confirmed_no_card,campo de Google: solo efectivo,65,True,,"Hola, veo que atiendes tu miscelánea en San Pedro de los Pinos en efectivo. Con una terminal Konfío puedes empezar a cobrar con tarjeta fácilmente y no dejar ir ninguna venta. ¿Te muestro cómo funciona?",Miscelánea pequeña con señal confirmada de solo efectivo en datos de Google.,1,1.0,trc_01M1DFHV0XAZFFD2N2HRYT68Z3,1.0
ChIJmVXo3yUB0oURSWxV4YQ5TKE,Miscelánea La Guadalupana,Monterrey,"General, C. Gobernador M. González Calderón 33, Observatorio, Miguel Hidalgo, 11860 Ciudad de México, CDMX, Mexico",33 3183 4066,,5422,Misceláneos,confirmed_no_card,campo de Google: solo efectivo,65,True,,"Hola, vi que en Miscelánea La Guadalupana cobras solo en efectivo. Con una terminal Konfío puedes aceptar tarjetas y no perder ventas cuando tus clientes no traigan cambio. Todo fácil y sin trámites complicados. Te mando información rápida para tu negocio.",Miscelánea con confirmación de cobro exclusivo en efectivo.,3,3.7,trc_01M1DFHV0XAZFFD2N2HRYT68Z3,1.0
ChIJ41bUtjD00YURkKXA9fguTm4,Todo Para El Panadero,Ciudad de México,"Central de abastos Tultitlán, bodega 32, San Antonio Manzana 001 nave 1, Sin Nombre, 54910 Fuentes del Valle, Méx., Mexico",55 5890 0386,https://todoparaelpanaderotultitlan.getnetstore.mx/,5441,Ventas al detalle (Retail),unknown,,65,False,sin señal de compra: unknown,"Hola, vi el gran volumen de clientes e insumos que manejan en Todo Para El Panadero en Tultitlán. Para agilizar el cobro en mostrador, una terminal Konfío les permite aceptar tarjeta sin filas lentas.",Proveedor mayorista/minorista de materias primas e insumos para repostería y panadería.,318,4.4,trc_01M1DFHV0XAZFFD2N2HRYT68Z3,1.0
ChIJb20NB5VRL4QR0yiUQ9KMHy0,Tlapaleria La Morenita,Guadalajara,"C. Valle de los Fresnos 275, Hacienda de Los Eucaliptos, 45640 Tlajomulco de Zúñiga, Jal., Mexico",33 3222 8116,,5251,Refacciones y ferretería,inferred_no_card,ya que no tenían cambio y fue pura moneda,65,True,,"Hola, leí excelentes opiniones sobre la atención en Tlapalería La Morenita, aunque mencionan batallar con el cambio de efectivo. Con la terminal Konfío evitas problemas con monedas y aceptas cobros exactos con tarjeta de inmediato.",Tlapalería con evidencia en reseñas de fricciones operativas por manejo de efectivo.,11,4.9,trc_01M1DFHV0XAZFFD2N2HRYT68Z3,1.0
ChIJfXzhM38fzoURCjtwy4rkEDs,"Merceria y Boneteria ""DOÑA ELO""",Ciudad de México,"Rubi Manzana 150 Lote 11, Nueva San Isidro, 56605 Chalco de Díaz Covarrubias, Méx., Mexico",55 7013 2454,,5949,Ventas al detalle (Retail),confirmed_no_card,campo de Google: solo efectivo,65,True,,"Hola, vi que en Mercería y Bonetería Doña Elo solo aceptas efectivo. Integrar una terminal para cobros con tarjeta te ayuda a no perder ventas de manualidades o telas y registrar tus ingresos. ¿Te interesa saber más?",Mercería y bonetería de barrio con señal confirmada de solo efectivo.,6,4.5,trc_01M1DFHV0XAZFFD2N2HRYT68Z3,1.0
ChIJ-0gV-RIdzoUROBIBLTUzKWw,Tortilleria Nealtican,Ciudad de México,"Av, Soto y Gama esquina, Poniente. 11 local 1, Alfredo del Mazo, 56343 Valle de Chalco Solidaridad, Méx., Mexico",55 6735 7637,,5422,Misceláneos,confirmed_no_card,campo de Google: solo efectivo,65,True,,"Hola, vi que en Tortillería Nealtican en Valle de Chalco solo cobran en efectivo. Aceptar pagos con tarjeta y contactless te ayuda a agilizar la fila y sumar más ventas diarias. ¿Te gustaría conocer la terminal Konfío?",Tortillería local con cobro exclusivo en efectivo según Google.,7,3.9,trc_01M1DFHV0XAZFFD2N2HRYT68Z3,1.0
ChIJFXpo_NK1KIQRvANaI4JyNQ8,Tortillería y Molino Del Maizal,Guadalajara,"C. Francisco Villa 340, Jauja, 45428 Tonalá, Jal., Mexico",33 1593 1164,http://www.facebook.com/TortilleriaDelMaizal,5422,Misceláneos,confirmed_no_card,campo de Google: solo efectivo,65,True,,"Hola, vi que en Tortillería y Molino Del Maizal actualmente solo manejan efectivo. Con la terminal Konfío puedes habilitar cobros con tarjeta para pedidos grandes y venta diaria de forma rápida. ¿Te gustaría conocer cómo funciona?",Molino y tortillería confirmado como cobro exclusivo en efectivo.,11,4.5,trc_01M1DFHV0XAZFFD2N2HRYT68Z3,1.0
ChIJEWQiUk-3KIQR1JxAadtILoY,Consultorio Dental La Noria,Guadalajara,"La Vereda 114, La Noria, 45404 Tonalá, Jal., Mexico",33 1572 7184,https://wa.me/+523315727184?text=Hola!+Me+gustar%C3%ADa+obtener+mas+informaci%C3%B3n+de+sus+servicios,8011,Médicos y dentistas,unknown,,65,False,sin señal de compra: unknown,"Hola, vi las buenas resenas de Consultorio Dental La Noria en tratamientos y brackets. Con la terminal Konfio puedes ofrecer cobro con tarjeta a tus pacientes para facilitar pagos de procedimientos y presupuestos.",Consultorio dental clasificado bajo médicos y dentistas.,50,4.9,trc_01M1DFHV0XAZFFD2N2HRYT68Z3,1.0
ChIJizWqBsbBYoYRZ2dDST2yYqU,Tortillería Ruiz,Monterrey,"Roma 26, Tacubaya, 67184 Guadalupe, N.L., Mexico",81 8393 1545,https://www.facebook.com/TortilleriaRuiz/,5422,Misceláneos,confirmed_no_card,campo de Google: solo efectivo,65,True,,"Hola, veo que Tortillería Ruiz cuenta con excelente valoración entre tus clientes. Al registrar que cobras solo en efectivo, contar con la terminal Konfío te permite aceptar cobros digitales y tarjeta de forma rápida en tu mostrador. ¿Te interesa recibir más información?",Tortillería que registra operación exclusiva de efectivo.,11,4.8,trc_01M1DFHV0XAZFFD2N2HRYT68Z3,1.0
ChIJezkIZf5TL4QRDKtw7C92x9I,Tortilleria los Trillizos,Guadalajara,"Prolongacion Mariano Escobedo 81-A, 45640 Tlajomulco de Zúñiga, Jal., Mexico",33 2506 7574,,5422,Misceláneos,confirmed_no_card,campo de Google: solo efectivo,65,True,,"Hola, veo que en Tortilleria los Trillizos despachan a diario recibiendo solo efectivo. Con una terminal Konfío puedes aceptar pagos con tarjeta y cobros sin contacto para hacer las filas más rápidas. ¿Te gustaría probarla?",Tortillería local con cobro exclusivo en efectivo en datos de Google.,5,4.6,trc_01M1DHHXTHDDBWSFK9FJN1PV33,1.0
ChIJ7wrF6KQdzoURVPcVDlbqNEg,Cocina Económica Antojitos Vane,Ciudad de México,"Tecamazuchitl 9, Santa Catarina Yecahuizotl, 13210 Xico, Méx., Mexico",55 5860 3875,,5812,Restaurantes,confirmed_no_card,campo de Google: solo efectivo,65,True,,"Hola, notamos que en Cocina Economica Antojitos Vane preparan platillos muy recomendados y que solo aceptan efectivo. Con una terminal Konfio podrias aceptar pagos con tarjeta y no perder ventas cuando tus clientes no traigan cambio. ¿Te comparto informacion?",Fonda de comida preparada con señal verificada de solo recibir efectivo.,19,4.3,trc_01M1DHHXTHDDBWSFK9FJN1PV33,1.0
ChIJLQa7QrazKIQRKdbpwCNjHp4,Tortillería La Guadalupana,Guadalajara,"Calle Venustiano Carranza 245, San Juan, 45500 San Pedro Tlaquepaque, Jal., Mexico",33 3816 4950,,5422,Misceláneos,confirmed_no_card,campo de Google: solo efectivo,65,True,,"Hola, en Tortilleria La Guadalupana tienen muy buena calificacion pero vemos que solo aceptan efectivo. Con una terminal Konfio podras aceptar pagos con tarjeta de forma rapida y comoda para tus clientes. ¿Te gustaria recibir una propuesta?",Tortilleria con buena recepcion en su localidad y necesidad de cobro con tarjeta.,17,4.5,trc_01M1DHHXTHDDBWSFK9FJN1PV33,1.0
ChIJI9fLpevj0YUR-YgTSaNlRQY,Tortillería el Molinito,Ciudad de México,"C. Canoas 17, San Pedro Parte Baja, San Pedro, 56334 Chimalhuacán, Méx., Mexico",55 5054 2869,,5422,Misceláneos,confirmed_no_card,campo de Google: solo efectivo,65,True,,"Hola, en Tortillería el Molinito solo reciben efectivo. Una terminal Konfío te permite aceptar cobros con tarjeta de débito o crédito de manera rápida y sin complicaciones.",Tortillería registrada con solo efectivo como método de pago.,14,4.5,trc_01M1DHHXTHDDBWSFK9FJN1PV33,1.0
ChIJ-9qDc_sCzoUREHKQokgzIv4,Cocina Economica LA PILI,Ciudad de México,"Amado Nervo 98, Santa Ana Poniente, Tláhuac, 13300 Ciudad de México, CDMX, Mexico",55 6850 8475,,5812,Restaurantes,confirmed_no_card,campo de Google: solo efectivo,65,True,,"Hola, vi que en Cocina Economica LA PILI actualmente solo aceptas efectivo. Al sumar una terminal Konfío puedes cobrar con cualquier tarjeta a la hora de la comida, aumentando tu consumo promedio y construyendo historial de ventas. ¿Te comparto los detalles?",Cocina económica registrada con cobro únicamente en efectivo.,13,3.8,trc_01M1DHHXTHDDBWSFK9FJN1PV33,1.0
ChIJHYJRsqCzKIQRnnvtBNLQSjE,"Tortilleria Las Alteñitas, San Pedro Tlaquepaque.",Guadalajara,"Calle Emilio Carranza 153, De Santiago, 45500 San Pedro Tlaquepaque, Jal., Mexico",33 1829 7739,,5422,Misceláneos,confirmed_no_card,campo de Google: solo efectivo,65,True,,"Hola, en Tortilleria Las Alteñitas ofrecen excelente producto pero solo manejan efectivo. Con la terminal Konfío puedes empezar a aceptar cobros con tarjeta sin complicaciones y sumar más ventas. ¿Te gustaría recibir informes?",Tortillería en Tlaquepaque con confirmación de solo efectivo.,2,5.0,trc_01M1DHHXTHDDBWSFK9FJN1PV33,1.0
ChIJrdvHNQLv0oURCuPYDxjMOA8,Miscelánea Guadalupe,Monterrey,"Constitución Manzana 043, Aquiles Serdan, 50610 El Oro de Hidalgo, Méx., Mexico",711 125 1429,,5422,Misceláneos,confirmed_no_card,campo de Google: solo efectivo,65,True,,"Hola, noté que en Miscelánea Guadalupe solo están cobrando en efectivo. Con una terminal Konfío puedes recibir pagos con tarjeta de débito y crédito fácilmente, atrayendo más vecinos. ¿Te interesa conocerla?",Miscelánea con bajo volumen de reseñas que solo opera con efectivo.,1,2.0,trc_01M1DHHXTHDDBWSFK9FJN1PV33,1.0
ChIJY6rXkCn70YURNQ-5JDag1r0,Miscelánea Jorge,Ciudad de México,"Av. Luis Yuren 257, El Risco CTM, Gustavo A. Madero, 07090 Ciudad de México, CDMX, Mexico",55 2431 8579,,5422,Misceláneos,confirmed_no_card,campo de Google: solo efectivo,65,True,,"Hola, vi que en Miscelánea Jorge manejas solo efectivo. Con una terminal Konfío puedes empezar a aceptar cobros con tarjeta y hacer crecer las ventas de tu tienda sin complicaciones.","Miscelánea que solo acepta efectivo según datos de Google, clasificada bajo el giro de abarrotes y misceláneas.",14,4.8,trc_01M1DHHXTHDDBWSFK9FJN1PV33,1.0
ChIJu3uTr4ezKIQR7oQpAluY49g,Tortillería y Molino la soledad,Guadalajara,"Pirul 11-A, Lomas de La Soledad, 45403 Tonalá, Jal., Mexico",33 1187 3211,,5422,Misceláneos,confirmed_no_card,campo de Google: solo efectivo,65,True,,"Hola, qué buen servicio dan en Tortillería y Molino la soledad en Tonalá. Noté que solo aceptan efectivo; con una terminal Konfío puedes empezar a aceptar cobros con tarjeta y sumar ventas diarias. ¿Te gustaría que te cuente más?",Tortillería y molino local que requiere terminal para diversificar cobros.,3,5.0,trc_01M1DHHXTHDDBWSFK9FJN1PV33,1.0
ChIJ27BJPWUDzoURTtwliclQkZE,COCINA ECONOMICA DOS CON TODO EL SABOR QUE TE HACE VOLVER!!!,Ciudad de México,"Av. San Lorenzo, San Juan, Iztapalapa, 09830 Ciudad de México, CDMX, Mexico",56 2577 4940,,5812,Restaurantes,confirmed_no_card,campo de Google: solo efectivo,65,True,,"Hola, vi que en Cocina Economica Dos solo aceptan efectivo. Con la terminal Konfio puedes empezar a cobrar con tarjeta las comidas del dia, facilitando el pago a tus comensales y construyendo historial comercial.",Cocina económica con poco volumen registrado pero confirmada en solo efectivo.,2,5.0,trc_01M1DHHXTHDDBWSFK9FJN1PV33,1.0
ChIJD7S9AbcczoURLy_pmugT2iU,Cocina Económica La Tía Maros,Ciudad de México,"Francisco Javier Mina 47, La Asunción, Tláhuac, 13000 Ciudad de México, CDMX, Mexico",55 5842 9786,,5812,Restaurantes,confirmed_no_card,campo de Google: solo efectivo,65,True,,"Hola, vi que en Cocina Economica La Tia Maros reciben solo efectivo. Con una terminal Konfio puedes aceptar tarjetas de credito y debito facilmente, ofreciendo mas comodidad a tus comensales. Quieres ver nuestras opciones?",Restaurante economico en Tlahuac con solo efectivo confirmado.,11,4.4,trc_01M1DHHXTHDDBWSFK9FJN1PV33,1.0
ChIJ-2O3CgsBzoURk5s_QATOkPM,Fonda de Doña Magda,Ciudad de México,"Av 16 de Septiembre 15, Santa María Tepepan, Xochimilco, 16020 Ciudad de México, CDMX, Mexico",55 7504 9320,,5812,Restaurantes,confirmed_no_card,campo de Google: solo efectivo,65,True,,"Hola, vi que en Fonda de Dona Magda solo aceptan efectivo. Con la terminal Konfio podrias ofrecer pagos con tarjeta a tus clientes y agilizar la cuenta en cada consumo. Te gustaria conocer como funciona?",Fonda en Xochimilco confirmada con solo efectivo.,11,4.2,trc_01M1DHHXTHDDBWSFK9FJN1PV33,1.0
ChIJw24ScrPx0YURAkm-q2kosRU,Cocina Amparito,Ciudad de México,"Local F-4, Vía Morelos 172, Los Laureles, 55080 Ecatepec de Morelos, Méx., Mexico",55 2767 8599,,5812,Restaurantes,confirmed_no_card,campo de Google: solo efectivo,65,True,,"Hola, vi que en Cocina Amparito solo manejan cobro en efectivo. Con una terminal Konfio puedes cobrar con tarjeta a tus clientes en Ecatepec y hacer crecer tu negocio. Quieres conocer los costos?",Restaurante en Ecatepec confirmado solo efectivo.,17,3.4,trc_01M1DHHXTHDDBWSFK9FJN1PV33,1.0
ChIJ6Xe8yycdzoURI2BLzpB-T_w,Cocina económica irene,Ciudad de México,"Calle Nte 14 27, Santa Cruz, 56617 Valle de Chalco Solidaridad, Méx., Mexico",55 6315 2409,,5812,Restaurantes,confirmed_no_card,campo de Google: solo efectivo,65,True,,"Hola, vi que en Cocina económica irene actualmente solo recibes efectivo. Con la terminal Konfío puedes aceptar cobros con tarjeta en tu negocio y facilitar el pago a tus comensales día a día. ¿Te gustaría saber cómo funciona?",Restaurante de comida corrida que solo opera con efectivo.,3,4.0,trc_01M1DHHXTHDDBWSFK9FJN1PV33,1.0
ChIJndWjPDDBYoYRKFOgY4U6YIU,Tortillas caseras Maribel,Monterrey,"Av. Paseo de las Reynas 1326, Camino Real, 67170 Guadalupe, N.L., Mexico",81 2605 7090,,5422,Misceláneos,confirmed_no_card,campo de Google: solo efectivo,65,True,,"Hola, noté que en Tortillas caseras Maribel solo aceptas efectivo. Ofrecer pagos con tarjeta mediante una terminal Konfío te ayuda a cobrar más rápido a tus clientes y hacer crecer tu negocio. ¿Te platico de nuestras comisiones?",Tortillería que cobra únicamente en efectivo.,7,5.0,trc_01M1DHHXTHDDBWSFK9FJN1PV33,1.0
ChIJ5XCk53_30YURVovORbYeg2Q,"Miscelánea ""NELY""",Ciudad de México,"Virginia Fábregas Mz 195-L-1B, Jorge Negrete, Gustavo A. Madero, 07280 Ciudad de México, CDMX, Mexico",55 8794 4272,,5422,Misceláneos,confirmed_no_card,campo de Google: solo efectivo,65,True,,"Hola, vi que en Miscelánea NELY actualmente solo reciben efectivo. Ofrecer cobro con tarjeta a tus vecinos te ayudará a incrementar el ticket promedio y evitar ventas perdidas. En Konfío te equipamos con una terminal sencilla y sin trámites pesados. ¿Te platico más?",Tienda miscelánea de abarrotes con cobro exclusivo en efectivo comprobado.,11,4.8,trc_01M1DHHXTHDDBWSFK9FJN1PV33,1.0
ChIJo7jTx5_j0YURinfByIVx-oA,Cocina Económica La Presa,Ciudad de México,"Av. Juarez Barrio Xochitenco 65, Barrio Xochitenco, 56350 Chimalhuacán, Méx., Mexico",55 3192 2023,,5812,Restaurantes,confirmed_no_card,campo de Google: solo efectivo,65,True,,"Hola, vi que en Cocina Económica La Presa actualmente solo reciben pagos en efectivo. Con una terminal Konfío puedes comenzar a cobrar con tarjeta al instante, facilitando el pago a tus comensales y aumentando tus ventas. ¿Te gustaría conocer la propuesta?",Cocina económica con evidencia estructurada de cobro exclusivo en efectivo.,7,3.7,trc_01M1DHHXTHDDBWSFK9FJN1PV33,1.0
ChIJrx8M0mfCYoYRVIu_HNYLWpE,Tortillería La Tamaulipas,Monterrey,"Prof. Alfredo González #386, 31 de Diciembre, 67200 Guadalupe, N.L., Mexico",81 2589 0809,,5422,Misceláneos,confirmed_no_card,campo de Google: solo efectivo,65,True,,"Hola, noté que en Tortillería La Tamaulipas solo aceptan pagos en efectivo. Con la terminal Konfío puedes aceptar tarjetas de débito y crédito fácilmente, atrayendo a más clientes en la colonia. ¿Te interesa recibir información?",Tortillería con presencia establecida en colonia que opera únicamente en efectivo.,11,4.8,trc_01M1DHHXTHDDBWSFK9FJN1PV33,1.0
ChIJt-UHo-SdYoYRerRzk_-pfPQ,"Tacos ""El Beto""",Monterrey,"Pamplona 124, Real de Capellania, 66004 García, N.L., Mexico",81 1244 7125,,5814,Comida Rápida,confirmed_no_card,campo de Google: solo efectivo,65,True,,"Hola, vi que en Tacos El Beto solo reciben efectivo en este momento. Con una terminal Konfío puedes aceptar pagos con tarjeta de inmediato y nunca perder un cliente por falta de cambio. ¿Te gustaría probarla?",Taquería con buena calificación que solo recibe efectivo.,9,4.9,trc_01M1DHHXTHDDBWSFK9FJN1PV33,1.0
ChIJW_m4Onz-0YURvqXzBAUPOlI,Fonda Doña Mary,Ciudad de México,"Hoja de Árbol 1-3-4, INFONAVIT Iztacalco, Iztacalco, 08900 Ciudad de México, CDMX, Mexico",55 5664 6218,,5812,Restaurantes,confirmed_no_card,campo de Google: solo efectivo,65,True,,"Hola, vi que en Fonda Doña Mary sólo cobran en efectivo. Con la terminal Konfío puedes permitir que tus comensales paguen sus cuentas con tarjeta rápidamente, incrementando tu consumo promedio y acumulando historial con tu volumen de cobros. ¿Te gustaría probarla?",Fonda de comida preparada que no acepta cobros electrónicos.,20,4.3,trc_01M1DHHXTHDDBWSFK9FJN1PV33,1.0
ChIJW7n8AX_j0YUROd49IQMZ4-o,Tortillería Araujo's,Ciudad de México,"Acueyotl Mz 56 Lt 18, Labradores, 56366 Chimalhuacán, Méx., Mexico",55 2632 0042,,5422,Misceláneos,confirmed_no_card,campo de Google: solo efectivo,65,True,,"Hola, vi que en Tortillería Araujo's actualmente solo aceptas efectivo. Con la terminal de Konfío puedes empezar a cobrar con tarjeta de crédito y débito al instante, aumentando tus ventas diarias y construyendo un gran historial para tu negocio. ¿Te gustaría conocer nuestras comisiones transparentes?",Es una tortillería que opera únicamente con efectivo según el registro de Google.,6,5.0,trc_01M1DHHXTHDDBWSFK9FJN1PV33,1.0
ChIJ74ckfoUfzoURVlk--IZYjaw,"Tortillas de harina ""Mi Pueblito""",Ciudad de México,"56600, La Conchita, 56600 Chalco de Díaz Covarrubias, Méx., Mexico",55 7294 3543,,5422,Misceláneos,confirmed_no_card,campo de Google: solo efectivo,65,True,,"Hola, noté que en Tortillas de harina Mi Pueblito solo manejas cobro en efectivo. Aceptar pagos con tarjeta te ayuda a no perder clientes que no traen billetes y a sumar volumen transaccional para crecer. ¿Te platico cómo funciona la terminal de Konfío?",Comercio dedicado a la venta de tortillas que solo admite efectivo.,7,5.0,trc_01M1DHHXTHDDBWSFK9FJN1PV33,1.0
ChIJnS9Y3JmzKIQRPMYk-9NdfKs,Tortillería Santo Toribio,Guadalajara,"C. Félix Cervantes 1125, Residencial La Soledad, 45525 San Pedro Tlaquepaque, Jal., Mexico",33 3680 7504,,5422,Misceláneos,confirmed_no_card,campo de Google: solo efectivo,65,True,,"Hola, vi que en Tortillería Santo Toribio manejas únicamente cobros en efectivo. Con una terminal Konfío puedes recibir pagos con tarjeta de forma sencilla y rápida, facilitando las compras diarias de tus clientes. ¿Te gustaría conocer los beneficios?",Tortillería local con registro verificado de solo efectivo.,4,5.0,trc_01M1DHHXTHDDBWSFK9FJN1PV33,1.0
ChIJTbcd5sD40YUR_-WcWi78m2k,Miscelánea La Guadalupana,Monterrey,"Cda. de Los Maestros 13, Agricultura, Miguel Hidalgo, 11360 Ciudad de México, CDMX, Mexico",55 5341 1260,,5422,Misceláneos,confirmed_no_card,campo de Google: solo efectivo,65,True,,"Hola, vi que en Miscelánea La Guadalupana únicamente aceptas efectivo. Con la terminal Konfío puedes cobrar con tarjetas de débito y crédito sin trabas, atrayendo a más vecinos que prefieren pagar con plástico. ¿Te gustaría que te enviemos información?",Tienda miscelánea de abarrotes con cobro limitado a efectivo.,7,3.3,trc_01M1DHHXTHDDBWSFK9FJN1PV33,1.0
ChIJyTOfwFXDYoYRUYxWH0Ltj8I,Tacos EL TIO,Monterrey,"San Angel, San Miguelito 1er Sector, 67266 Cdad. Benito Juárez, N.L., Mexico",81 2115 0739,,5814,Comida Rápida,confirmed_no_card,campo de Google: solo efectivo,65,True,,"Hola, vi que en Tacos EL TIO solo aceptas efectivo. Con una terminal Konfio puedes cobrar con tarjeta de forma rapida y segura, facilitando el cobro a tus comensales y aumentando tus ventas diarias. Te comparto informacion sin compromiso.",Taquería con registro estructurado de solo efectivo y volumen inicial de reseñas.,9,4.9,trc_01M1DHHXTHDDBWSFK9FJN1PV33,1.0
ChIJUUCfqTnj0YURwM4J3koM2YA,Tortillería Isabeles,Ciudad de México,"C. las Isabeles 398, Benito Juárez, 57000 Cdad. Nezahualcóyotl, Méx., Mexico",55 5730 1516,,5422,Misceláneos,confirmed_no_card,campo de Google: solo efectivo,65,True,,"Hola, en Tortilleria Isabeles vemos que solo recibes pagos en efectivo. Si integras una terminal Konfio podras cobrar con tarjeta a clientes que no lleven cambio, mejorando el servicio y consolidando tu registro de ventas.",Tortillería local confirmada en efectivo sin terminal punto de venta.,10,4.1,trc_01M1DHHXTHDDBWSFK9FJN1PV33,1.0
ChIJE5a3T7rj0YURkxd9YagRZM0,Tortilleria Mercado,Ciudad de México,"Mercado San Juan, C. Pirules Manzana 038 Loc 44, San Juan Zapotla, 56337 Chimalhuacán, Méx., Mexico",55 8541 6206,,5422,Misceláneos,confirmed_no_card,campo de Google: solo efectivo,65,True,,"Hola, un gusto saludarte. Vi que en Tortilleria Mercado actualmente solo recibes efectivo. Con la terminal de Konfío puedes aceptar tarjetas rápido y sin complicaciones en el mostrador, acumulando ventas para impulsar tu negocio.",Tortillería ubicada en mercado que opera solo con efectivo.,4,4.5,trc_01M1DHHXTHDDBWSFK9FJN1PV33,1.0
ChIJC5wXuScZzoUR7tY11LOxO6o,"Tortillería ""El Gallo de Oro""",Ciudad de México,"Portal del Cielo Manzana 4 Lote 40-Casa 24, Villas Chalco, 56600 Portal Chalco, Méx., Mexico",56 1312 5175,,5422,Misceláneos,confirmed_no_card,campo de Google: solo efectivo,65,True,,"Hola, felicidades por la excelente calificación de El Gallo de Oro. Noté que solo cobras en efectivo; con una terminal Konfío puedes recibir pagos con tarjeta sin fricción, facilitando las compras diarias de tus clientes.",Tortillería con calificación perfecta pero que únicamente acepta efectivo.,5,5.0,trc_01M1DHHXTHDDBWSFK9FJN1PV33,1.0
ChIJMeWVRvH10YURFcjLe5jGxPs,COCINA ECONOMICA ROSI,Ciudad de México,"La Acocila 8, La Acocila, 54900 Tultitlán de Mariano Escobedo, Méx., Mexico",55 8206 5226,,5812,Restaurantes,confirmed_no_card,campo de Google: solo efectivo,65,True,,"Hola, te escribo de Konfío. Noté que en Cocina Economica Rosi solo manejas cobro en efectivo. Con nuestra terminal puedes aceptar tarjeta de forma sencilla, permitiendo que más personas coman contigo sin preocuparse por traer cambio.",Cocina económica calificada que opera exclusivamente con efectivo.,2,4.5,trc_01M1DHHXTHDDBWSFK9FJN1PV33,1.0
ChIJ60X3_fDCYoYRswb1VVVj0XU,Tacos Mode,Monterrey,"Hacienda Santa Lucía 1er. Sector, 67250 Cdad. Benito Juárez, N.L., Mexico",81 3103 8187,,5814,Comida Rápida,confirmed_no_card,campo de Google: solo efectivo,65,True,,"Hola, noté que en Tacos Mode ofrecen servicio a domicilio y en el local solo aceptan efectivo. Con una terminal portátil Konfío puedes cobrar con tarjeta donde sea y facilitar el pago a tus comensales. ¿Te comparto los detalles?",Negocio de comida rápida y servicio a domicilio que solo cobra en efectivo.,32,4.7,trc_01M1DHHXTHDDBWSFK9FJN1PV33,1.0
ChIJkyhXBtIdzoURSPORPyTnWS4,"Miscelánea ""Yessica""",Ciudad de México,"Mz 1658, Nte. 35 Manzana 008 Lote 06, Avandaro, 56618 Valle de Chalco Solidaridad, Méx., Mexico",55 6066 9652,,5422,Misceláneos,confirmed_no_card,campo de Google: solo efectivo,65,True,,"Hola, vi que en Miscelánea Yessica solo cobran en efectivo. Con la terminal Konfío puedes recibir pagos con tarjeta de crédito o débito de manera práctica y sin trámites complicados, sumando más ventas al día. ¿Te gustaría conocer las tarifas?",Miscelánea con información estructurada de cobro exclusivo en efectivo.,1,4.0,trc_01M1DHHXTHDDBWSFK9FJN1PV33,1.0
ChIJIS9Lg-PrYoYRDN9K3X9IRhQ,"Tortillas de Harina ""Dos ángeles""",Monterrey,"67110, Emiliano Zapata (Fomerrey 18), 67110 Guadalupe, N.L., Mexico",81 8013 6165,,5422,Misceláneos,confirmed_no_card,campo de Google: solo efectivo,65,True,,"Hola, noté que en Tortillas de Harina Dos ángeles solo aceptan efectivo. Con la terminal Konfío puedes cobrar fácilmente con tarjeta y celular a quienes compran por mayoreo o no traen cambio. ¿Te interesa conocer los beneficios?",Tortillería que opera exclusivamente con efectivo según campo estructurado.,2,5.0,trc_01M1DHHXTHDDBWSFK9FJN1PV33,1.0
ChIJy5KWfqTDYoYR9g_Q574VEeM,Tortillería Rodriguez,Monterrey,"67280, Monte Kristal, 67280 Cdad. Benito Juárez, N.L., Mexico",81 4184 7960,,5422,Misceláneos,confirmed_no_card,campo de Google: solo efectivo,65,True,,"Hola, vi que en Tortillería Rodriguez solo aceptas efectivo. Con la terminal Konfío puedes empezar a cobrar con tarjeta de crédito o débito de volada y hacer crecer tus ventas diarias. ¿Te gustaría conocer nuestras opciones?",Tortillería clasificada bajo MCC 5422 con confirmación técnica de cobro exclusivo en efectivo.,2,5.0,trc_01M1DHHXTHDDBWSFK9FJN1PV33,1.0
ChIJMZnyxNnj0YUR_zGZtMngSK8,Fonda la Chilanguita!!!,Ciudad de México,"Cda. Sor Juana 1, San Miguel, 56335 Chimalhuacán, Méx., Mexico",55 4144 4846,,5812,Restaurantes,confirmed_no_card,campo de Google: solo efectivo,65,True,,"Hola, vi que en Fonda la Chilanguita solo manejas efectivo. Con la terminal Konfío puedes ofrecer pago con tarjeta a tus comensales diarios y hacer crecer tu negocio desde hoy. ¿Te gustaría saber cómo funciona?",Fonda registrada con cobro exclusivo en efectivo.,3,4.3,trc_01M1DHHXTHDDBWSFK9FJN1PV33,1.0
ChIJZzBL7X3j0YUR1J6pudAaCvA,Miscelánea Juquilita,Ciudad de México,"Holanda Mz 54 Lt 11, Transportistas, 56363 Chimalhuacán, Méx., Mexico",55 2632 0482,,5422,Misceláneos,confirmed_no_card,campo de Google: solo efectivo,65,True,,"Hola, vi que en Miscelánea Juquilita actualmente solo cobras en efectivo. Con una terminal Konfío puedes empezar a aceptar tarjetas en tu tienda y sumar ventas de quienes no traen efectivo suelto. ¿Te gustaría más información?",Miscelánea con confirmación explícita de no aceptar tarjetas.,5,4.4,trc_01M1DHHXTHDDBWSFK9FJN1PV33,1.0
ChIJrdnWbQQZzoUR222vwc0-x1U,Panadería los Ángeles,Ciudad de México,"Soto Manzana 010, San Lorenzo Chimalpa, 56625 Chalco de Díaz Covarrubias, Méx., Mexico",56 3113 8700,,5462,Ventas al detalle (Retail),confirmed_no_card,campo de Google: solo efectivo,65,True,,"Hola, noté que en Panadería los Ángeles solo aceptas efectivo. Con una terminal Konfío puedes cobrar fácil con tarjeta a todos tus clientes y registrar tu volumen diario. ¿Te gustaría conocer nuestras promociones para tu panadería?",Panadería tradicional con cobro exclusivo en efectivo según datos de Google.,4,4.8,trc_01M1DHHXTHDDBWSFK9FJN1PV33,1.0
ChIJVUPBs_v80YURxhXFFyKyxe0,Tortilleria,Ciudad de México,"Calle Gral. Felipe Angeles 36, Juárez Pantitlan, 57460 Cdad. Nezahualcóyotl, Méx., Mexico",55 1300 6770,,5422,Misceláneos,confirmed_no_card,campo de Google: solo efectivo,62,True,,"Hola, vi que en tu tortillería solo manejas pagos en efectivo. Con una terminal Konfío puedes aceptar tarjetas de débito y crédito, facilitando la compra diaria a todos tus vecinos.","Tortillería de barrio con registro de solo efectivo, clasificada en el MCC 5422.",12,4.2,trc_01M1DHHXTHDDBWSFK9FJN1PV33,1.0
ChIJ45IW4otLL4QRHWsIQcPdXk8,Tortilleria De Harina Chepy's,Guadalajara,"C. 5 de Mayo 79 ""A, Centro, 45680 El Salto, Jal., Mexico",33 1605 6175,https://www.facebook.com/Tortilleria-de-harina-Chepys-142876459159158/,5422,Misceláneos,confirmed_no_card,campo de Google: solo efectivo,60,True,,"Hola, vi que en Tortilleria De Harina Chepy's sólo manejas efectivo. Con una terminal Konfío puedes empezar a cobrar con tarjeta de forma sencilla, rápida y sin trámites complicados, facilitando las compras de tus clientes.",Tortillería con señal estructurada de sólo efectivo y bajo volumen de reseñas.,2,3.5,trc_01M1DFHV0XAZFFD2N2HRYT68Z3,1.0
ChIJjYG90Kz90YURN4vNxrO3Ul0,GLAMORA BOUTIQUE NEZA,Ciudad de México,"Flamingos 273 col, Metropolitana 3ra Secc, 57750 Cdad. Nezahualcóyotl, Méx., Mexico",55 7366 3863,https://www.tiktok.com/@glamora_boutique_neza?_r=1&_t=ZS-95ScYaKwxNZ,5621,Ventas al detalle (Retail),unknown,,60,False,sin señal de compra: unknown,"Hola, leí excelentes comentarios sobre tus vestidos y atención en Glamora Boutique. En compras de moda, aceptar tarjeta con una terminal Konfío ayuda a que tus clientas compren sin límite de efectivo disponible. ¿Te gustaría conocer nuestras terminales?",Boutique de ropa casual para damas con ticket promedio que se beneficia del cobro con tarjeta.,15,5.0,trc_01M1DFHV0XAZFFD2N2HRYT68Z3,1.0
ChIJ_8gTH7z00YUREQLu_0q3G1E,"Miscelánea ""Escobedo""",Monterrey,"C. Chabacanos 8, La Palma, 54967 Tultepec, Méx., Mexico",55 5892 4875,,5422,Misceláneos,confirmed_no_card,campo de Google: solo efectivo,60,True,,"Hola, noté que en Miscelánea Escobedo actualmente solo cobras en efectivo. Con una terminal Konfío puedes empezar a recibir pagos con tarjeta de forma sencilla y atender a clientes que no traen morralla o billetes. ¿Te mando detalles hoy mismo?",Miscelánea con registro de aceptación exclusiva de efectivo.,,,trc_01M1DFHV0XAZFFD2N2HRYT68Z3,1.0
ChIJ0TjTCu360YURn3GIP6LBOEI,Cocina Económica Lili,Ciudad de México,"Valle Perdido 15, Valle de Aragon 3ra Secc, 55220 Ecatepec de Morelos, Méx., Mexico",55 2524 8468,,5812,Restaurantes,unknown,,60,False,sin señal de compra: unknown,"Hola, veo que en Cocina Económica Lili tienen un volumen muy alto de comensales tanto en comedor como para llevar. Para agilizar el cobro de tus cuentas y pedidos, una terminal para aceptar tarjeta te vendría genial. ¿Te gustaría conocer nuestras soluciones?",Restaurante con alto volumen de comensales (467 reseñas) y sin datos de métodos de pago.,467,4.2,trc_01M1DFHV0XAZFFD2N2HRYT68Z3,1.0
ChIJXXa5iaC1KIQRK1fuW1cPLlg,Consultorio DENTAL Dra. Lupita,Guadalajara,"De Luis 4, Quintas del Paraiso, 45405 Tonalá, Jal., Mexico",33 2122 6848,,8011,Médicos y dentistas,unknown,,60,False,sin señal de compra: unknown,"Hola Dra. Lupita, vi los comentarios positivos de tus pacientes sobre tus tratamientos y ortodoncia. Cobrar con tarjeta ayuda a que tus pacientes cubran procedimientos completos con mayor facilidad usando terminal. ¿Te gustaría conocer nuestras opciones de cobro?","Consultorio dental con ortodoncia y tickets elevados, ideal para cobro con terminal.",8,5.0,trc_01M1DFHV0XAZFFD2N2HRYT68Z3,1.0
ChIJJXrsCBydYoYRCcJcEyU309g,La Milpa,Monterrey,"Villa Roma Col, Privadas de las Villas, 66000 García, N.L., Mexico",81 1352 1468,,5812,Restaurantes,unknown,,60,False,sin señal de compra: unknown,"Hola, felicidades por la gran preferencia en La Milpa y sus ricas comidas caseras. Para agilizar el cobro en horas pico y ofrecer un mejor servicio a tus comensales, la terminal Konfío te permite procesar pagos con tarjeta rápidamente. ¿Te gustaría revisar una propuesta?",Restaurante con alto volumen de reseñas y flujo constante de comensales.,225,4.6,trc_01M1DFHV0XAZFFD2N2HRYT68Z3,1.0
ChIJ1363LCT60YURoYWAfz_Q6ZA,Consultorio Dental - Odontología Especializada,Ciudad de México,"16 de Septiembre 8, Pueblo de Santiago Atzacoalco, Gustavo A. Madero, 07040 Ciudad de México, CDMX, Mexico",55 5753 0827,,8011,Médicos y dentistas,unknown,,60,False,sin señal de compra: unknown,"Hola Doctora, vi las excelentes recomendaciones de tus pacientes en tu consultorio dental. Al ofrecer tratamientos especializados, permitir pagos con tarjeta o meses sin intereses facilita que tus pacientes inicien sus procedimientos. ¿Te gustaría conocer la terminal Konfío para tu consultorio?",Consultorio dental especializado clasificado bajo médicos y especialistas 8011.,14,5.0,trc_01M1DFHV0XAZFFD2N2HRYT68Z3,1.0
ChIJ82yIDML80YURU6htUcWBeq0,Barber Shop Doberman,Ciudad de México,"Av. Nezahualcóyotl 374, Agua Azul, 57500 Cdad. Nezahualcóyotl, Méx., Mexico",55 7382 7475,,7230,Salones de belleza,unknown,,60,False,sin señal de compra: unknown,"Hola, vi que en Barber Shop Doberman manejan servicios especializados de más de trescientos pesos. Con una terminal Konfío tus clientes pagan cómodamente con tarjeta o celular y tú aseguras cada cobro en el momento. ¿Te interesa conocerla?",Barbería concurrida con casi 300 reseñas y tickets que se benefician del cobro con tarjeta.,293,4.0,trc_01M1DFHV0XAZFFD2N2HRYT68Z3,1.0
ChIJg0BwqyAczoUR68P1nrrN4QI,Refacciones Usadas Richard,Ciudad de México,"Av Dr Antonio Díaz Covarrubias 29, Providencia, 56616 Valle de Chalco Solidaridad, Méx., Mexico",55 4994 2234,,5533,Refacciones y ferretería,unknown,,60,False,sin señal de compra: unknown,"Hola, vi el buen surtido de piezas en Refacciones Usadas Richard. Al manejar autopartes, aceptar pagos con tarjeta te ayuda a cerrar ventas más grandes. En Konfío te equipamos con una terminal práctica.",Tienda de autopartes y refacciones usadas con alto flujo de clientes.,79,4.1,trc_01M1DFHV0XAZFFD2N2HRYT68Z3,1.0
ChIJz_Zw_Hu0KIQR_1z4DmEVBdQ,Sta. Catalina Saloon VIP,Guadalajara,"P.º Loma Nte. 8109, Loma Dorada Delegación B, 45402 Tonalá, Jal., Mexico",33 2171 4875,,7230,Salones de belleza,unknown,,60,False,sin señal de compra: unknown,"Hola, vi las excelentes opiniones de tus clientes por servicios de corte y color en Sta. Catalina Saloon VIP. Una terminal Konfio te permite aceptar tarjetas de debito y credito comodamente en cada cita.",Salón de belleza y estética clasificado en salones de belleza y peluquerías.,72,4.9,trc_01M1DFHV0XAZFFD2N2HRYT68Z3,1.0
ChIJu1ut-U2zKIQRZ1Hnemcp6HU,Barber shop okusel,Guadalajara,"Sabino 75a, Lomas del Camichin, 45403 Tonalá, Jal., Mexico",33 1336 0422,,7230,Salones de belleza,unknown,,60,False,sin señal de compra: unknown,"Hola, veo que Barber shop okusel tiene gran afluencia y excelentes resenas por sus cortes. Con una terminal Konfio puedes cobrar servicios y combos con tarjeta rapidamente, mejorando la experiencia de cobro de tus clientes.",Barbería y peluquería clasificada en salones de belleza y peluquerías.,115,4.8,trc_01M1DFHV0XAZFFD2N2HRYT68Z3,1.0
ChIJa93TPW2TYoYRDJqa26tVVLo,Comidas Caseras Hernandez,Monterrey,"Cristóbal Colón 465, Quinto Centenario, 66072 Cdad. Gral. Escobedo, N.L., Mexico",81 2955 3743,,5812,Restaurantes,unknown,,60,False,sin señal de compra: unknown,"Hola, vi que en Comidas Caseras Hernandez cuentan con un menú extenso de platillos completos preparados al momento. Para mejorar la experiencia de consumo en mesa y cobrar cuentas más grandes, una terminal Konfío te facilita aceptar todas las tarjetas. ¿Te comparto información?",Restaurante de comida corrida/casera con servicio a la carta y consumo en sitio.,49,4.5,trc_01M1DFHV0XAZFFD2N2HRYT68Z3,1.0
ChIJ3VnTvH390YUR4Fsmhcj7nvc,Fonda El Trópico,Ciudad de México,"Av. Genaro Estrada 71, Jacarandas, Iztapalapa, 09280 Ciudad de México, CDMX, Mexico",55 5915 8553,,5812,Restaurantes,unknown,,60,False,sin señal de compra: unknown,"Hola, en Fonda El Trópico atienden a muchos comensales gracias a su gran sazón y rápido servicio. Acepta pagos con tarjeta de forma sencilla y haz que el cobro en mesa sea más ágil. ¿Te interesa conocer nuestra terminal?",Restaurante/fonda clasificado en el MCC 5812.,153,4.2,trc_01M1DFHV0XAZFFD2N2HRYT68Z3,1.0
ChIJVf37Jc_80YUReouFWLHzqDY,Barberia El Rincon del Guapo,Ciudad de México,"Av. Chimalhuacán 293 5700-293 5700, Benito Juárez, 57000 Cdad. Nezahualcóyotl, Méx., Mexico",55 3693 1193,http://www.elrincondelguapo.com.mx/,7230,Salones de belleza,unknown,,60,False,sin señal de compra: unknown,"Hola, vi que en Barbería El Rincón del Guapo tienes una excelente preferencia de clientes por tus cortes. Con la terminal Konfío puedes ofrecerles pago con tarjeta al instante y hacer crecer el volumen de tu negocio. ¿Te gustaría recibir más detalles?",Barbería con alto volumen de reseñas clasificada en MCC 7230 sin medios de pago especificados.,620,4.3,trc_01M1DFHV0XAZFFD2N2HRYT68Z3,1.0
ChIJz9sihou0KIQR5I5WnMLIb7g,Fonda Del Sol,Guadalajara,"And. Tonaltecas 200-local 6-A, Centro, 45400 Tonalá, Jal., Mexico",13318946768,,5812,Restaurantes,unknown,,60,False,sin señal de compra: unknown,"Hola, tus comensales recomiendan mucho el sazón y comida casera de Fonda Del Sol. Con la terminal Konfío puedes cobrar consumos y bebidas con tarjeta de crédito o débito rápidamente. ¿Te gustaría recibir una propuesta?",Fonda y restaurante tradicional clasificado en MCC 5812 sin datos sobre cobro con tarjeta.,36,4.3,trc_01M1DFHV0XAZFFD2N2HRYT68Z3,1.0
ChIJsYZJw3mtKIQRBI-JH4F51PI,"Laura Cortés, SALÓN DE BELLEZA",Guadalajara,"Toluquilla, C. Fco. Javier Mina 43-B, Tlaquepaque, 45610 San Pedro Tlaquepaque, Jal., Mexico",33 3973 9425,,7230,Salones de belleza,unknown,,60,False,sin señal de compra: unknown,"Hola Laura, vi las opiniones destacando tus cortes y profesionalismo en tu salón. Al ofrecer pagos con tarjeta permites que tus clientas agreguen más servicios a su cita con facilidad. En Konfío tenemos terminales ideales para salones de belleza. ¿Platicamos?",Salón de belleza con sólida reputación y alto potencial de venta promedio.,47,5.0,trc_01M1DFHV0XAZFFD2N2HRYT68Z3,1.0
ChIJoXWKBZ2TYoYRmQghAIcBB-Y,Frutería La Sandia,Monterrey,"Calle Avenida, Hda. de Escobedo 600, Hacienda de Escobedo, 66057 Cdad. Gral. Escobedo, N.L., Mexico",81 1664 1067,,5422,Misceláneos,confirmed_no_card,campo de Google: solo efectivo,60,True,,"Hola, noté que Frutería La Sandia tiene calificación perfecta pero solo registran cobro en efectivo. Con la terminal Konfío puedes recibir pagos con tarjeta sin monto mínimo y vender más a tus vecinos. ¿Te gustaría conocer el equipo?",Frutería de barrio confirmada en solo efectivo.,3,5.0,trc_01M1DFHV0XAZFFD2N2HRYT68Z3,1.0
ChIJY8vQmpsezoURSfEJgCXUqhI,Miscelánea San Martín,Ciudad de México,"Av. López Mateos Manzana 023 Mz. 497 Lt. 6, San Isidro, 56617 Valle de Chalco Solidaridad, Méx., Mexico",55 3986 5223,,5422,Misceláneos,confirmed_no_card,campo de Google: solo efectivo,60,True,,"Hola, veo que en Miscelánea San Martín manejan cobros solo en efectivo. Con una terminal Konfío puedes aceptar tarjetas de débito y crédito, incrementando el ticket promedio de tu tienda sin complicaciones. ¿Te gustaría recibir más información?",Miscelánea con bajo volumen de reseñas que cobra exclusivamente en efectivo.,1,5.0,trc_01M1DHHXTHDDBWSFK9FJN1PV33,1.0
ChIJsadNnXDw0YURoX7RAO3DgSE,Miscelanea Lupita,Ciudad de México,"Narciso Mendoza Manzana 031, Heroes de la Independencia, 55498 Ecatepec de Morelos, Méx., Mexico",55 1699 5772,,5422,Misceláneos,confirmed_no_card,campo de Google: solo efectivo,60,True,,"Hola, en Miscelanea Lupita atienden a diario a sus vecinos. Vemos que solo reciben efectivo; con la terminal Konfio puedes empezar a aceptar tarjetas de debito y credito, aumentando tus ventas y ticket promedio. ¿Te gustaria que te platique los beneficios?",Comercio de abarrotes de barrio que unicamente cobra en efectivo.,12,4.3,trc_01M1DHHXTHDDBWSFK9FJN1PV33,1.0
ChIJNSBTV_Tx0YURSmDIZGjWdiQ,Cocina economica La sopita,Ciudad de México,"Av. Ecatepec Manzana 007, San Cristóbal Centro, 55000 Ecatepec de Morelos, Méx., Mexico",55 5116 7457,,5812,Restaurantes,confirmed_no_card,campo de Google: solo efectivo,60,True,,"Hola, vi que en Cocina economica La sopita solo manejas efectivo. Con una terminal Konfío puedes recibir pagos con tarjeta de tus comensales y construir historial para tu negocio.",Cocina económica con confirmación estructurada de solo efectivo.,6,4.0,trc_01M1DHHXTHDDBWSFK9FJN1PV33,1.0
ChIJ7TOWHV-1KIQRutTeHAfHr5A,PANADERÍA SOTELO,Guadalajara,"Ciprés, Alamedas de Zalatitan, 45405 Tonalá, Jal., Mexico",33 3116 2785,,5462,Ventas al detalle (Retail),confirmed_no_card,campo de Google: solo efectivo,60,True,,"Hola, noté que en Panadería Sotelo cobran únicamente en efectivo. Con una terminal Konfío facilitas la compra de pan aceptando tarjetas de crédito y débito fácilmente.",Panadería confirmada con cobro exclusivo en efectivo.,7,4.6,trc_01M1DHHXTHDDBWSFK9FJN1PV33,1.0
ChIJP3A1YD0dzoURhex4_baTBKA,Tortilleria mi morenita Tlahuac,Ciudad de México,"Av. Hidalgo, San Mateo, Tláhuac, 13040 Ciudad de México, CDMX, Mexico",55 6868 9258,https://instagram.com/tortilleria_mi_morenita?utm_medium=copy_link,5422,Misceláneos,confirmed_no_card,campo de Google: solo efectivo,60,True,,"Hola, noté que en Tortilleria mi morenita Tlahuac cobras solo en efectivo. Con la terminal Konfío puedes recibir pagos con tarjeta de tus clientes y generar historial de facturación para tu negocio.","Tortillería local con cobro exclusivo en efectivo, asignada al MCC de tortillerías y misceláneas.",9,4.6,trc_01M1DHHXTHDDBWSFK9FJN1PV33,1.0
ChIJJ7LIsrb70YURzUE-qNTA8cE,Tortilleria San Pedro,Ciudad de México,"Antonio Ruiz Galindo 82, San Pedro el Chico, Gustavo A. Madero, 07480 Ciudad de México, CDMX, Mexico",55 4865 9728,,5422,Misceláneos,confirmed_no_card,campo de Google: solo efectivo,60,True,,"Hola, vi que en Tortilleria San Pedro atiendes a muchos vecinos y solo manejas efectivo. Con la terminal Konfio puedes empezar a cobrar con tarjeta al instante y construir historial para tu negocio. Te gustaria probarla?",Tortilleria clasificada en MCC 5422 con confirmacion de solo efectivo.,10,5.0,trc_01M1DHHXTHDDBWSFK9FJN1PV33,1.0
ChIJyxCSHu8CzoURgVNACn14WZw,TORTILLERIA Estacion,Ciudad de México,"Pino Suárez, xola esquina, Estación, Tláhuac, 13310 Ciudad de México, CDMX, Mexico",55 2895 5753,,5422,Misceláneos,confirmed_no_card,campo de Google: solo efectivo,60,True,,"Hola, note que en TORTILLERIA Estacion solo reciben efectivo. Aceptar pagos con tarjeta con la terminal Konfio es muy sencillo y te ayuda a sumar ventas diarias. Te comparto los detalles sin compromiso?",Tortilleria en Tlahuac confirmada solo efectivo.,11,3.6,trc_01M1DHHXTHDDBWSFK9FJN1PV33,1.0
ChIJVSGwfoD_0YURNrsRaewLZRA,Tortillería El Maíz,Ciudad de México,"C. 13 de Septiembre 91, Escandón I Secc, Miguel Hidalgo, 11800 Ciudad de México, CDMX, Mexico",55 3923 5636,,5422,Misceláneos,confirmed_no_card,campo de Google: solo efectivo,60,True,,"Hola, noté que en Tortillería El Maíz solo cobran en efectivo. Aceptar pagos con tarjeta o celular te ayuda a no perder clientes que ya no cargan monedas o billetes. En Konfío te ofrecemos una terminal fácil de usar y sin rentas fijas. ¿Platicamos?",Tortillería de barrio con registro verificado de solo cobro en efectivo.,3,4.7,trc_01M1DHHXTHDDBWSFK9FJN1PV33,1.0
ChIJWa7wLDEDzoURztFZ75YFxVU,Tortillería Milagros,Ciudad de México,"Sixta Cda. Zacapa 60, Santa Cruz Acalpixca, Xochimilco, 16083 Ciudad de México, CDMX, Mexico",55 8440 5673,,5422,Misceláneos,confirmed_no_card,campo de Google: solo efectivo,60,True,,"Hola, noté que en Tortillería Milagros solo manejan efectivo. Hoy en día muchos clientes prefieren pagar todo con tarjeta o celular. Con la terminal de Konfío aceptas tarjetas al instante sin costos ocultos y aumentas tus cobros diarios. ¿Te mando información?",Tortillería con registro estructurado de solo efectivo.,4,4.8,trc_01M1DHHXTHDDBWSFK9FJN1PV33,1.0
ChIJlzgQvC4czoURaa2Om6bi9q0,Cocina Económica Laura,Ciudad de México,"Manzana 021, Independencia, 56617 Valle de Chalco Solidaridad, Méx., Mexico",55 1240 0856,,5812,Restaurantes,confirmed_no_card,campo de Google: solo efectivo,60,True,,"Hola, vi que en Cocina Económica Laura por ahora solo aceptas efectivo. Con una terminal Konfío puedes ofrecer cobro con tarjeta a tus comensales de manera rápida y sin complicaciones, fortaleciendo tu negocio. ¿Te interesa recibir información sobre nuestras tasas?",Restaurante de comida corrida que solo recibe efectivo.,2,3.0,trc_01M1DHHXTHDDBWSFK9FJN1PV33,1.0
ChIJa-2oBXjpYoYRgWtHejLHgD8,Tortilleria Medina,Monterrey,"Río Grijalva 126, Pueblo Nuevo, 66646 Cdad. Apodaca, N.L., Mexico",81 3553 0702,,5422,Misceláneos,confirmed_no_card,campo de Google: solo efectivo,60,True,,"Hola, noté que en Tortilleria Medina por el momento solo aceptas efectivo. Aceptar tarjetas mediante la terminal Konfío es muy fácil y te permite registrar todo tu volumen de ventas para hacer crecer tu negocio. ¿Te interesa conocer nuestra solución?",Tortillería registrada con solo efectivo como medio de pago.,2,5.0,trc_01M1DHHXTHDDBWSFK9FJN1PV33,1.0
ChIJp_68q7pRL4QRnG-tZ4Wwgeo,Taquería Las Pedrozas,Guadalajara,"Av cosmos, Casa Tlajomulco 60-A, 45640 Tlajomulco de Zúñiga, Jal., Mexico",33 1342 2558,,5814,Comida Rápida,confirmed_no_card,campo de Google: solo efectivo,60,True,,"Hola, vi que en Taquería Las Pedrozas solo manejas efectivo. Con la terminal de Konfío puedes empezar a cobrar con tarjeta de forma sencilla y segura, aumentando tus ventas y creando un historial comercial para tu negocio. ¿Te gustaría conocer nuestras comisiones?",Taquería con registro estructurado de cobro exclusivo en efectivo.,6,4.2,trc_01M1DHHXTHDDBWSFK9FJN1PV33,1.0
ChIJ7T2vs8b80YUR3hyCawmcTVk,San Juan miscellany,Ciudad de México,"Lago Erne 152, Agua Azul Secc Pirules, 57510 Cdad. Nezahualcóyotl, Méx., Mexico",15573211244,,5422,Misceláneos,confirmed_no_card,campo de Google: solo efectivo,60,True,,"Hola, me comunico de Konfío. Noté que en Miscelánea San Juan solo manejas efectivo. Si integras nuestra terminal para aceptar pagos con tarjeta, podrás aumentar tus ventas diarias y dar un mejor servicio a tus clientes de la colonia.",Miscelánea que según datos estructurados opera únicamente con efectivo.,1,3.0,trc_01M1DHHXTHDDBWSFK9FJN1PV33,1.0
ChIJQUlyDc0ezoURJksVxLjcAjg,Miscelánea X-O,Ciudad de México,"Av. Cuauhtémoc Ote. 43, La Conchita, 56600 Chalco de Díaz Covarrubias, Méx., Mexico",55 4403 4214,,5422,Misceláneos,confirmed_no_card,campo de Google: solo efectivo,60,True,,"Hola, te contacto de Konfío. Vi que en Miscelánea X-O solo recibes efectivo. Con nuestra terminal puedes cobrar con tarjeta fácilmente, evitando que los clientes dejen productos por no traer billetes o monedas.",Tienda de abarrotes/miscelánea que opera solo en efectivo.,3,3.7,trc_01M1DHHXTHDDBWSFK9FJN1PV33,1.0
ChIJXbW4lPPj0YUR8Ec_lXn7KSE,Base de mototaxis mercado santo domingo,Ciudad de México,"Av. Cehuan Manzana 011, Canasteros, 56365 Chimalhuacán, Méx., Mexico",15531232239,,5499,Ventas al detalle (Retail),confirmed_no_card,campo de Google: solo efectivo,60,True,,"Hola, vi que en tu negocio en Canasteros solo aceptas efectivo. Aceptar pagos con tarjeta con una terminal Konfío te ayuda a no perder clientes que no traen cambio y a registrar todo tu volumen de ventas. ¿Te gustaría recibir información?",Tienda/comercio registrado como convenience_store con pago exclusivo en efectivo.,1,5.0,trc_01M1DHHXTHDDBWSFK9FJN1PV33,1.0
ChIJiyiRdnjx0YURQks5yfAvSLQ,Miscelánea Lili doña ofe,Ciudad de México,"Av. Fuentes Manzana 044, Las Fuentes Ecatepec, 55404 Ecatepec de Morelos, Méx., Mexico",55 2962 0150,,5422,Misceláneos,confirmed_no_card,campo de Google: solo efectivo,60,True,,"Hola, vi que en Miscelánea Lili doña ofe solo recibes efectivo. Con la terminal Konfío puedes empezar a cobrar con tarjeta y asegurar ventas de vecinos que prefieren no usar efectivo. Además acumulas historial comercial. ¿Te interesa ver los costos?",Tienda miscelánea de barrio con señal confirmada de solo efectivo.,5,4.2,trc_01M1DHHXTHDDBWSFK9FJN1PV33,1.0
ChIJT_STCbEdzoUR6sTEyTcslcA,Tortilleria Estado De Mexico,Ciudad de México,"Av Soto y Gama Mz58 Lt1, Col del Carmen, 56619 Valle de Chalco Solidaridad, Méx., Mexico",55 2339 6521,,5422,Misceláneos,confirmed_no_card,campo de Google: solo efectivo,58,True,,"Hola, noté que en Tortilleria Estado De Mexico solo aceptas pago en efectivo. Con la terminal Konfío puedes cobrar fácilmente con tarjeta y brindarle mayor comodidad a tus clientes diarios.","Tortillería local con datos confirmados de solo efectivo, asignada al MCC 5422.",7,4.3,trc_01M1DHHXTHDDBWSFK9FJN1PV33,1.0
ChIJV2Ax0FkBzoURZQSgiqqz15s,CARNES XOCHIMILCO,Ciudad de México,"Av Cuauhtémoc 92, San Pedro, Xochimilco, 16090 Ciudad de México, CDMX, Mexico",55 6994 2571,,5422,Misceláneos,unknown,,55,False,sin señal de compra: unknown,"Hola, en Carnes Xochimilco manejan gran surtido de res, cerdo y borrego con mucha afluencia. Al ofrecer cobro con tarjeta mediante una terminal Konfío agilizas el despacho y facilitas compras por kilo mayores. ¿Te gustaría conocer la terminal?",Carnicería con buen flujo de clientes y sin registro de medios de pago.,20,4.1,trc_01M1DFHV0XAZFFD2N2HRYT68Z3,1.0
ChIJC6VYhBMczoURd6969l4SsDA,"Pollería Dany ""Mi Gallito De Oro""",Ciudad de México,"Pte. 1-B 19, San Miguel Xico, 56613 Valle de Chalco Solidaridad, Méx., Mexico",55 7263 6833,,5422,Misceláneos,unknown,,55,False,sin señal de compra: unknown,"Hola, vi que en Pollería Dany surten pedidos para fiestas y negocios. Con la terminal Konfío puedes cobrar pedidos grandes con tarjeta y facilitar el pago a tus clientes sin fricciones.",Pollería con venta regular y pedidos para eventos sin registro de medios de pago.,8,4.8,trc_01M1DFHV0XAZFFD2N2HRYT68Z3,1.0
ChIJdWIkA4u0KIQRZDTuf0en8vU,Carana Estético,Guadalajara,"C. Zaragoza 198, Tonalá Centro, 45400 Tonalá, Jal., Mexico",33 3683 1059,,7230,Salones de belleza,unknown,,55,False,sin señal de compra: unknown,"Hola, vi las excelentes opiniones de tus servicios de tintes y pestañas en Carana Estético. Con la terminal Konfío puedes ofrecer cobros con tarjeta y meses sin intereses en tratamientos de belleza, aumentando tus citas e ingresos.",Estética con clientela recurrente y medios de pago no informados.,47,4.6,trc_01M1DFHV0XAZFFD2N2HRYT68Z3,1.0
ChIJWexq8CP60YURrm73b_M3rx8,Cocina Económica El Buen Sazón,Ciudad de México,"Cerritos 69-Interior 206, Pueblo de Santiago Atzacoalco, Gustavo A. Madero, 07080 Ciudad de México, CDMX, Mexico",55 2733 1391,,5812,Restaurantes,unknown,,55,False,sin señal de compra: unknown,"Hola, vi que tu cocina económica en el mercado tiene gran afluencia a la hora de comer. Con una terminal Konfío puedes aceptar tarjetas al instante y agilizar el cobro a tus comensales. ¿Te comparto los detalles?",Cocina económica con buen flujo de comensales sin mención sobre medios de pago.,111,4.2,trc_01M1DFHV0XAZFFD2N2HRYT68Z3,1.0
ChIJETNC6eH_0YURGjU8AwsegK0,Consultorio Dental K.O.,Ciudad de México,"Juárez 33, Barrio La Asunción, Iztacalco, 08600 Ciudad de México, CDMX, Mexico",55 2351 2212,,8011,Médicos y dentistas,unknown,,55,False,sin señal de compra: unknown,"Hola, vi las excelentes recomendaciones sobre los tratamientos en Consultorio Dental K.O. Con la terminal Konfío puedes ofrecer a tus pacientes pagos con tarjeta y meses sin intereses para sus procedimientos dentales. ¿Te gustaría conocer las opciones que tenemos para tu consultorio?",Consultorio dental clasificado en MCC 8011 bajo la familia Médicos y dentistas.,11,5.0,trc_01M1DFHV0XAZFFD2N2HRYT68Z3,1.0
ChIJFRWccgwfzoURHYw0ibAksZI,Carnicería Tres Coronas,Ciudad de México,"C. Mariano Matamoros 13 B, La Conchita, 56600 Chalco de Díaz Covarrubias, Méx., Mexico",55 4009 7683,,5422,Misceláneos,unknown,,55,False,sin señal de compra: unknown,"Hola, vi las excelentes recomendaciones de Carnicería Tres Coronas destacando la calidad de su carne y atención. Si buscas ofrecer cobro con tarjeta a tus clientes para compras mayores, te presentamos la terminal Konfío. ¿Te interesa conocer las promociones disponibles?",Carnicería establecida con clientes recurrentes y medios de pago no especificados.,49,5.0,trc_01M1DFHV0XAZFFD2N2HRYT68Z3,1.0
ChIJOaE8RuCtKIQRoYZOnGiUE90,"Pollería Doña Pera, Pollería los Güeros Matriz",Guadalajara,"Av. Tabachines 5521, Loma Bonita Ejidal, 45589 San Pedro Tlaquepaque, Jal., Mexico",33 1479 4602,,5422,Misceláneos,unknown,,55,False,sin señal de compra: unknown,"Hola, qué gran surtido tienen en Pollería Doña Pera con pedidos a domicilio. Con una terminal Konfío puedes cobrar con tarjeta en mostrador o entrega, aumentando tus ventas. ¿Te gustaría revisar nuestras soluciones?",Pollería y abarrotes con alto flujo y pedidos a domicilio sin información de cobro con tarjeta.,99,4.7,trc_01M1DFHV0XAZFFD2N2HRYT68Z3,1.0
ChIJtybdUpsBzoURXn7kBZhp9y0,Al Chile Mexican Food,Ciudad de México,"Av Cuauhtémoc 142, Xaltocan, Xochimilco, 16090 Ciudad de México, CDMX, Mexico",55 6079 3974,,5812,Restaurantes,unknown,,55,False,sin señal de compra: unknown,"Hola, vi que en Al Chile Mexican Food reciben comensales locales y turistas rumbo a las trajineras. Una terminal Konfío te permite aceptar pagos con tarjeta sin complicaciones para asegurar cada cuenta.",Restaurante tradicional con afluencia de clientes y turistas sin registro de TPV.,58,4.4,trc_01M1DFHV0XAZFFD2N2HRYT68Z3,1.0
ChIJkZbNpKcfzoURzyqsPRcaURU,"Consultorio Dental ""Salas""",Ciudad de México,"Artes y Oficios 8, Casco de San Juan, 56600 Chalco de Díaz Covarrubias, Méx., Mexico",56 6923 4495,,8011,Médicos y dentistas,unknown,,55,False,sin señal de compra: unknown,"Hola Dr. Edwin, tus pacientes destacan la excelente atención y radiografías en Consultorio Dental Salas. Para ofrecerles opciones de pago con tarjeta o meses sin intereses en sus tratamientos, una terminal Konfío es ideal para tu consultorio. ¿Te gustaría más información?",Consultorio dental con excelentes valoraciones y ticket promedio adecuado para cobro con tarjeta.,7,5.0,trc_01M1DFHV0XAZFFD2N2HRYT68Z3,1.0
ChIJSfoni3CzKIQRdDdwNPNP2SI,Barbería Fresh Skillz,Guadalajara,"C. Donato Guerra 237, Centro, 45500 San Pedro Tlaquepaque, Jal., Mexico",33 3170 3033,https://www.facebook.com/Fresh-Skillz-100136469431496/,7230,Salones de belleza,unknown,,55,False,sin señal de compra: unknown,"Hola, vi las excelentes calificaciones de Barbería Fresh Skillz y cómo destacan el trabajo de Royer tanto para locales como visitantes. Cobrar con tarjeta te permite atender a turistas y clientes sin efectivo de inmediato. ¿Te interesa una terminal?","Barbería popular concurrida por clientes locales y extranjeros, idónea para terminal.",69,4.9,trc_01M1DFHV0XAZFFD2N2HRYT68Z3,1.0
ChIJj685FggBzoURlROQIaO6HQc,Recaudería García,Monterrey,"Av El Bordo 24, Coapa, Ejido Viejo de Sta Úrsula Coapa, Coyoacán, 04650 Ciudad de México, CDMX, Mexico",55 4919 8524,,5422,Misceláneos,unknown,,55,False,sin señal de compra: unknown,"Hola, vi que en Recaudería García destacan por su servicio a domicilio y la calidad de su fruta y verdura. Con una terminal portátil Konfío puedes cobrar con tarjeta directo en la entrega a tus clientes. ¿Te interesa conocer las opciones que tenemos para ti?",Recaudería con servicio a domicilio sin medios de pago registrados.,4,4.8,trc_01M1DFHV0XAZFFD2N2HRYT68Z3,1.0
ChIJsU_nMFb90YURxqxxCHdJ-a4,Clothing rental House Melany,Ciudad de México,"Ermita Iztapalapa 3556, Santa María Aztahuacan, Iztapalapa, 09500 Ciudad de México, CDMX, Mexico",55 5427 0962,,7296,Ventas al detalle (Retail),unknown,,55,False,sin señal de compra: unknown,"Hola, vi que en House Melany tienen gran variedad en renta de trajes para eventos. Facilitar a tus clientes el pago de rentas y garantías con tarjeta puede agilizar tu servicio. Con una terminal Konfío cobras al instante. ¿Te gustaría recibir más información?",Negocio de renta de ropa y trajes formales clasificado en 7296.,108,3.9,trc_01M1DFHV0XAZFFD2N2HRYT68Z3,1.0
ChIJmTBa5Vv70YURLAaFxv_7Mxg,Panadería Delú,Ciudad de México,"Barra de Nautla 68, Casas Alemán, Gustavo A. Madero, 07580 Ciudad de México, CDMX, Mexico",55 3728 3397,,5462,Ventas al detalle (Retail),unknown,,55,False,sin señal de compra: unknown,"Hola, vi los excelentes comentarios sobre el pan dulce y chocolatines de Panadería Delú. Para pedidos grandes o compras del diario, aceptar cobros con tarjeta te ayuda a vender más. Con la terminal Konfío cobras sin enredos. ¿Te gustaría conocer nuestras comisiones?",Panadería clasificada en 5462 sin información de cobro con tarjeta.,24,4.8,trc_01M1DFHV0XAZFFD2N2HRYT68Z3,1.0
ChIJIZnIV3UBzoURyKhqkbFN41Q,"Miscelanea ""María Valentina""",Ciudad de México,"Reforma 3, Santiago Tepalcatlalpan, Xochimilco, 16200 Ciudad de México, CDMX, Mexico",55 1816 1773,,5661,Ventas al detalle (Retail),unknown,,55,False,sin señal de compra: unknown,"Hola, vi los excelentes comentarios de tus clientas sobre las botas y tenis en Miscelanea María Valentina. ¿Cuentas con terminal para cobrar con tarjeta en tus entregas o local? En Konfío te apoyamos para facilitar tus cobros.","Negocio enfocado en venta de calzado según reseñas de clientes, clasificado bajo MCC 5661.",10,4.6,trc_01M1DFHV0XAZFFD2N2HRYT68Z3,1.0
ChIJeajVkTABzoURtYKsgVeS0lA,"Carniceria ""Los Manolos Xochitepec""",Ciudad de México,"C. Xochimilco 70, Santa Cruz Xochitepec, Xochimilco, 16100 Ciudad de México, CDMX, Mexico",55 5653 5981,,5422,Misceláneos,unknown,,55,False,sin señal de compra: unknown,"Hola, vi que en Carniceria Los Manolos Xochitepec ofrecen buena variedad de carnes y abarrotes. Para montos mayores de compra, ¿ofreces cobro con tarjeta? Con la terminal Konfío aceptas todas las tarjetas rápido y seguro. ¿Te paso info?",Carnicería con venta de abarrotes clasificada bajo MCC 5422.,51,4.3,trc_01M1DFHV0XAZFFD2N2HRYT68Z3,1.0
ChIJH2k-CwDj0YUR2wSy-qucL9c,Consultorio Dental Corona,Ciudad de México,"Av. Cehuan s/n, entre calle Cemelot y Alcochichi, Pescadores, 56334 Chimalhuacán, Méx., Mexico",55 1211 0111,https://www.facebook.com/share/1JwbxdNZTB/,8011,Médicos y dentistas,unknown,,55,False,sin señal de compra: unknown,"Hola, vi las excelentes recomendaciones de tus pacientes por prótesis y tratamientos dentales. Con una terminal Konfío puedes ofrecerles pago con tarjeta para procedimientos de mayor valor y crear historial de facturación. ¿Te interesa conocerla?",Consultorio dental sin datos estructurados de cobro pero con servicios de alto valor.,12,5.0,trc_01M1DFHV0XAZFFD2N2HRYT68Z3,1.0
ChIJzbh7q-z90YUR433wFv3HAlU,Estética D'Monic,Ciudad de México,"Luis Covarrubias Ibarra 20, San Miguel, Iztapalapa, 09360 Ciudad de México, CDMX, Mexico",55 5614 9366,,7230,Salones de belleza,unknown,,55,False,sin señal de compra: unknown,"Hola, vi que en Estética D'Monic tienen gran movimiento con servicios de corte y tintes. Con una terminal Konfío puedes permitir que tus clientes paguen con tarjeta, mejorando su experiencia al momento de cobrar.",Estética con más de 200 reseñas clasificada bajo MCC 7230.,201,4.4,trc_01M1DFHV0XAZFFD2N2HRYT68Z3,1.0
ChIJu8FSsgADzoUReN1DNfjZQp4,Estética Dana Paola,Ciudad de México,"Av. la Turba Loc. 4, Col del Mar, Tláhuac, 13270 Ciudad de México, CDMX, Mexico",55 4903 2666,,7230,Salones de belleza,unknown,,55,False,sin señal de compra: unknown,"Hola Dana, vi las más de 120 excelentes recomendaciones sobre tus cortes y servicios en Estética Dana Paola. Con una terminal Konfío puedes facilitar el pago con tarjeta a tus clientas y agilizar tus cobros en cada cita. ¿Te gustaría conocerla?",Estética y salón de belleza clasificado bajo MCC 7230 con alto volumen de opiniones.,126,4.5,trc_01M1DFHV0XAZFFD2N2HRYT68Z3,1.0
ChIJsfUwhAazKIQR88gh5VayS-U,papeleria capulin,Guadalajara,"Capulín 62, Las Huertas, 45589 San Pedro Tlaquepaque, Jal., Mexico",33 1750 8361,,5943,Ventas al detalle (Retail),unknown,,55,False,sin señal de compra: unknown,"Hola, vi que en Papeleria Capulin ofrecen impresiones, copias y articulos escolares con un horario muy amplio. Con la terminal Konfio puedes cobrar montos pequenos y medianos con tarjeta sin complicar tu caja.",Papelería y centro de copiado clasificado en artículos escolares y de oficina.,53,4.5,trc_01M1DFHV0XAZFFD2N2HRYT68Z3,1.0
ChIJnzHBk0FTL4QR4c58n5ajVsg,Pastelería y Panadería Irlantina,Guadalajara,"Av San Victor 42, Fraccionamiento Real del Valle, 45654 Jal., Mexico",33 1021 7265,,5462,Ventas al detalle (Retail),unknown,,55,False,sin señal de compra: unknown,"Hola, noté que en Pastelería y Panadería Irlantina hacen pedidos personalizados de repostería y hojaldre. Para facilitar el anticipo y cobro de pasteles para eventos, una terminal Konfío te ayuda a recibir tarjetas de crédito y débito sin trámites complejos. ¿Te mando información hoy?",Panadería y pastelería con volumen considerable de clientes y pedidos especiales donde una terminal agiliza cobros.,93,4.2,trc_01M1DFHV0XAZFFD2N2HRYT68Z3,1.0
ChIJgQq9OkSTYoYRyzwwPaPNwfM,Pollos El Mezquite,Monterrey,"Benito Juárez 209, Hacienda del Cañada, 66054 Cdad. Gral. Escobedo, N.L., Mexico",81 2882 1677,,5814,Comida Rápida,unknown,,55,False,sin señal de compra: unknown,"Hola, vi las reseñas sobre el rico sabor del pollo y la carne asada en Pollos El Mezquite. Cobrar con tarjeta a clientes de mostrador y pedidos para llevar agiliza el servicio en horas pico. Con Konfío tienes terminal lista para cobrar al instante. ¿Platicamos?","Restaurante de pollo asado y comida para llevar, giro de comida rápida con flujo constante de cobro en mostrador.",19,4.7,trc_01M1DFHV0XAZFFD2N2HRYT68Z3,1.0
ChIJk5Ec49mXYoYR3mYxxs8tQho,AUTOPARTES GARCIA,Monterrey,"C ALBOQUERON Y LAS ROCAS 724 E, Av. Solidaridad, Sin Nombre de Col 4, 64106 Monterrey, N.L., Mexico",81 3239 6242,https://www.facebook.com/AutopartesGarciaMty,5533,Refacciones y ferretería,unknown,,55,False,sin señal de compra: unknown,"Hola, tus clientes destacan el gran surtido de partes Nissan y Chevrolet en Autopartes Garcia. Al vender refacciones, ofrecer pago con tarjeta facilita tickets altos y acelera tus ventas. ¿Te gustaría probar nuestra terminal punto de venta?",Tienda de autopartes y taller clasificada en el MCC 5533.,39,4.9,trc_01M1DFHV0XAZFFD2N2HRYT68Z3,1.0
ChIJP42SfgD50YURmslyw53Vq7g,JS Carnes,Ciudad de México,"Fundidora de Monterrey 193, Industrial, Gustavo A. Madero, 07800 Ciudad de México, CDMX, Mexico",55 6193 2223,https://www.facebook.com/profile.php?id=61582050405004,5422,Misceláneos,unknown,,55,False,sin señal de compra: unknown,"Hola, tus clientes en JS Carnes valoran tus cortes y servicio a domicilio. Al manejar pedidos especiales y parrilladas, cobrar con tarjeta de crédito o débito agiliza ventas de mayor valor. ¿Te interesaría probar nuestra terminal?",Carnicería clasificada en el MCC 5422.,5,5.0,trc_01M1DFHV0XAZFFD2N2HRYT68Z3,1.0
ChIJyxAa3uEBzoUREQskF3Ij_4w,Panadería Suri,Ciudad de México,"Plan de Tuxtepec 9, Colonia la Cebada, Xochimilco, 16035 Ciudad de México, CDMX, Mexico",55 2910 6350,https://m.facebook.com/Panaderia-Suri-100355661835935/,5462,Ventas al detalle (Retail),unknown,,55,False,sin señal de compra: unknown,"Hola, vi los excelentes comentarios sobre tu pan recien hecho y panes de temporada. Si quieres que tus clientes compren mas facil y lleven mas surtido cobrandoles con tarjeta, una terminal es la opcion ideal. Te gustaria probarla en tu panaderia?",Panadería artesanal con buen flujo de reseñas asignada al MCC 5462 sin información de cobro con tarjeta.,18,4.9,trc_01M1DFHV0XAZFFD2N2HRYT68Z3,1.0
ChIJGyVMCYDx0YURE0n3SggR3Rg,Panadería Aztlan México,Ciudad de México,"Av. México 283, Jardines de Cerro Gordo, 55100 Ecatepec de Morelos, Méx., Mexico",55 3080 7318,,5462,Ventas al detalle (Retail),unknown,,55,False,sin señal de compra: unknown,"Hola, en Panadería Aztlán atiendes a muchos clientes que compran piezas de pan diariamente. Con la terminal Konfío puedes aceptar cobros con tarjeta rápido y asegurar más ventas en mostrador. ¿Te interesa saber cómo solicitar tu terminal hoy?",Panadería clasificada bajo MCC 5462 sin información de medios de pago en Google.,66,3.8,trc_01M1DFHV0XAZFFD2N2HRYT68Z3,1.0
ChIJJdb1vbb70YUR5J5KxrJIbjg,Chilango's Barber Shop,Ciudad de México,"Av. Gobernador Lic. Ignacio Pichardo Pagaza Manzana 028, Cd Amanecer, 55267 Ecatepec de Morelos, Méx., Mexico",55 0000 0000,https://www.tiktok.com/@chilangos.barber?_t=8qRN0SZX13W&_r=1%20%20%20Tik%20Tik,7230,Salones de belleza,unknown,,55,False,sin señal de compra: unknown,"Hola, vi las buenas opiniones de tus clientes en Chilango's Barber Shop por la calidad de sus cortes. Con una terminal Konfío puedes facilitarles el pago con tarjeta y respaldar el crecimiento de tu barbería. ¿Te gustaría recibir información?",Barbería con flujo activo de reseñas clasificada bajo MCC 7230 sin señal de pago definida.,71,4.8,trc_01M1DFHV0XAZFFD2N2HRYT68Z3,1.0
ChIJ-yPdWoT30YUR9YN8EzHA4Bs,Tafolla's Barber Shop,Ciudad de México,"Cartagena 1-9, La Libertad, 54942 Buenavista, Méx., Mexico",56 1420 0428,,7230,Salones de belleza,unknown,,55,False,sin señal de compra: unknown,"Hola, tus clientes felicitan el gran servicio y corte en Tafolla's Barber Shop. Con la terminal Konfío puedes cobrar fácilmente con tarjeta y darle mayor comodidad a quienes te visitan. ¿Te gustaría recibir más información?",Barbería y peluquería clasificada en MCC 7230 sin registros de medios de pago.,25,5.0,trc_01M1DFHV0XAZFFD2N2HRYT68Z3,1.0
ChIJp5oKUgCtKIQRmmxstgPGuKs,POLLOS A'LO CARBON,Guadalajara,"Av. González Gallo 78, Haciendas del Real, 45602 San Pedro Tlaquepaque, Jal., Mexico",33 1249 4455,,5814,Comida Rápida,unknown,,55,False,sin señal de compra: unknown,"Hola, vi las excelentes reseñas sobre el sazón de POLLOS A'LO CARBON. Para que tus comensales paguen rápido sin preocuparse por el efectivo, una terminal Konfío te ayuda a cobrar con tarjeta y registrar más ventas. ¿Te interesa probarla?",Restaurante de comida rápida con alta satisfacción y potencial de cobro con tarjeta.,23,5.0,trc_01M1DFHV0XAZFFD2N2HRYT68Z3,1.0
ChIJJwzv-1gBzoURozvxK0pMI7w,Rosticería Molinos Xochimilco 2,Ciudad de México,"Av. 16 de Septiembre 43-Loc 4, Santa Crucita, Xochimilco, 16070 Ciudad de México, CDMX, Mexico",276 116 9447,https://rosticeriamolinos.com/,5814,Comida Rápida,unknown,,55,False,sin señal de compra: unknown,"Hola, en Rosticería Molinos Xochimilco 2 atienden a muchos clientes que buscan pollo rostizado para llevar. Con una terminal Konfío puedes agilizar el cobro en mostrador y aceptar todas las tarjetas. Te platico cómo tramitarla.",Rosticería con gran volumen de reseñas y venta de mostrador sin confirmación de pago con tarjeta.,176,3.6,trc_01M1DFHV0XAZFFD2N2HRYT68Z3,1.0
ChIJJQvivez10YURDsLoz5VcFhE,"Tortilleria "" El Güero """,Ciudad de México,"C. Joaquín Amaro Manzana 055 Lote 8, Belem, 54900 Tultitlán de Mariano Escobedo, Méx., Mexico",55 8700 1696,,5422,Misceláneos,confirmed_no_card,campo de Google: solo efectivo,55,True,,"Hola, notamos que en Tortilleria El Guero actualmente solo manejan efectivo. Con una terminal Konfio podrias cobrar con tarjeta facilmente a tus clientes, facilitando las ventas del dia. ¿Te gustaria recibir mas informacion sin compromiso?",Comercio de alimentos basicos con cobro exclusivo en efectivo.,6,3.0,trc_01M1DHHXTHDDBWSFK9FJN1PV33,1.0
ChIJZxU48BoDzoURL-sDq5v14XY,MISCELANEA ELVIRITA,Ciudad de México,"Lakme MZ137 LT14, Miguel Hidalgo, Tláhuac, 13200 Ciudad de México, CDMX, Mexico",55 2160 3116,,5422,Misceláneos,confirmed_no_card,campo de Google: solo efectivo,55,True,,"Hola, vi que en Miscelanea Elvirita solo recibes efectivo. Con una terminal Konfío puedes aceptar cobros con tarjeta y ofrecer una mejor experiencia a tus clientes.",Miscelánea con confirmación de cobro exclusivo en efectivo.,5,4.8,trc_01M1DHHXTHDDBWSFK9FJN1PV33,1.0
ChIJ6STc2oH60YURuArVor4Fefw,Miscelánea,Ciudad de México,"Emiliano Zapata Mz 8 Lt 17, Miguel Hidalgo, 55490 Ecatepec de Morelos, Méx., Mexico",55 5788 3797,,5422,Misceláneos,confirmed_no_card,campo de Google: solo efectivo,55,True,,"Hola, vi que en tu miscelánea actualmente cobras solo en efectivo. Con la terminal Konfío puedes aceptar todas las tarjetas y asegurar compras de mayor monto en tu tienda.","Pequeña miscelánea registrada con pago exclusivo en efectivo, correspondiente a MCC 5422.",3,5.0,trc_01M1DHHXTHDDBWSFK9FJN1PV33,1.0
ChIJl5k-qjbj0YURBGKmKfoDLR4,Tortillería mañanitas,Ciudad de México,"C. Mañanitas 118, Benito Juárez, 57000 Cdad. Nezahualcóyotl, Méx., Mexico",55 1246 1699,,5422,Misceláneos,confirmed_no_card,campo de Google: solo efectivo,55,True,,"Hola, noté que en Tortillería mañanitas solo aceptan efectivo. Con la terminal Konfío puedes recibir pagos con tarjeta de débito y crédito fácilmente, captando a clientes que no traen cambio. ¿Te comparto detalles de nuestras tarifas claras?",Tortillería local con campo de Google indicando solo efectivo.,2,5.0,trc_01M1DHHXTHDDBWSFK9FJN1PV33,1.0
ChIJv0tDRgCzKIQRWi05ydDpzY0,Tortillería TORTIMEX,Guadalajara,"Calle Av. De La Cruz 170a, Colonial Tlaquepaque, 45570 San Pedro Tlaquepaque, Jal., Mexico",33 3838 5517,,5422,Misceláneos,confirmed_no_card,campo de Google: solo efectivo,55,True,,"Hola, veo que en Tortillería TORTIMEX actualmente solo manejan cobros en efectivo. Con una terminal Konfío puedes empezar a cobrar con tarjeta sin complicaciones y sumar más clientes cada día. ¿Te gustaría recibir información?",Tortillería que opera exclusivamente en efectivo con presencia inicial en Google.,1,5.0,trc_01M1DHHXTHDDBWSFK9FJN1PV33,1.0
ChIJIdQZ4oJRL4QRydsk-xvpsv4,Tortillería Tejeda,Guadalajara,"Calle Lazaro Cardenas 76, Puerta Real, 45641 Tlajomulco de Zúñiga, Jal., Mexico",33 3798 4508,,5422,Misceláneos,confirmed_no_card,campo de Google: solo efectivo,55,True,,"Hola, vi que en Tortillería Tejeda solo manejan cobro en efectivo. Con una terminal Konfío puedes recibir pagos con tarjeta de forma sencilla y sin complicaciones para tu negocio. ¿Te gustaría saber cómo funciona?",Tortillería de barrio con registro verificado de solo efectivo.,3,3.3,trc_01M1DHHXTHDDBWSFK9FJN1PV33,1.0
ChIJkVgwnIDx0YURT0ECv5omjCo,COCINA ECONÓMICA DOÑA LUPE,Ciudad de México,"Mérida 3, Tulpetlac, 55400 Ecatepec de Morelos, Méx., Mexico",55 1524 8310,,5812,Restaurantes,confirmed_no_card,campo de Google: solo efectivo,55,True,,"Hola, veo que en COCINA ECONÓMICA DOÑA LUPE sólo aceptan efectivo. Al contar con una terminal Konfío facilitas el pago a clientes que prefieren pagar con tarjeta, sin perder cuentas y creando historial para impulsar tu negocio. ¿Te interesa conocer más detalles?",Cocina económica registrada con aceptación únicamente de efectivo.,8,4.3,trc_01M1DHHXTHDDBWSFK9FJN1PV33,1.0
ChIJEcT2BfPj0YURrippSDY5PAQ,Miscelánea Itzel,Ciudad de México,"Av Organizacion Popular Lt 1, Herreros, 56334 Chimalhuacán, Méx., Mexico",919 116 9496,,5422,Misceláneos,confirmed_no_card,campo de Google: solo efectivo,55,True,,"Hola, en Miscelanea Itzel sabemos lo importante que es no perder ventas cuando la gente no trae efectivo. Con una terminal Konfio puedes empezar a cobrar con tarjeta desde hoy de manera facil y confiable.",Comercio de abarrotes con bajo volumen que solo opera en efectivo.,1,5.0,trc_01M1DHHXTHDDBWSFK9FJN1PV33,1.0
ChIJf8hNZDvj0YUR3MJFxs1ldMM,Tortillería El Melón,Ciudad de México,"Av. Dr. Gustavo Baz 218, Benito Juárez, 57000 Cdad. Nezahualcóyotl, Méx., Mexico",55 5642 8052,,5422,Misceláneos,confirmed_no_card,campo de Google: solo efectivo,55,True,,"Hola, vi que en Tortillería El Melón solo reciben efectivo. Con la terminal Konfío puedes aceptar pagos con tarjeta y cobros sin contacto para que tus clientes no se queden sin tortillas si no traen cambio. ¿Te gustaría probarla?",Tortillería con confirmación estructurada de cobro exclusivo en efectivo.,4,5.0,trc_01M1DHHXTHDDBWSFK9FJN1PV33,1.0
ChIJ-XkGsrKdYoYRgjlpvF3p1go,TORTILLAS de HARINA KAREN,Monterrey,"Praderas de Zaragoza, Urbivilla del Prado, 66004, Urbivilla del Prado, #2752 García, N.L., Mexico",81 8473 8374,,5422,Misceláneos,confirmed_no_card,campo de Google: solo efectivo,55,True,,"Hola, vi que en TORTILLAS de HARINA KAREN cobras solo en efectivo. Con una terminal Konfío no dejas ir ventas cuando tus clientes traen tarjeta y registras tu flujo comercial día a día. ¿Te gustaría conocer cómo adquirirla?",Establecimiento de venta de tortillas operando solo con efectivo.,3,5.0,trc_01M1DHHXTHDDBWSFK9FJN1PV33,1.0
ChIJF9C9Dv5LL4QRHet4KZCk9mA,Tacos el coche,Guadalajara,"Josefa Ortiz de Domínguez 719, Centro, 45680 El Salto, Jal., Mexico",33 1517 1669,,5814,Comida Rápida,confirmed_no_card,campo de Google: solo efectivo,55,True,,"Hola, vi que en Tacos el coche solo aceptan efectivo. Aceptar pagos con tarjeta de débito y crédito te ayuda a atraer más clientes y subir tus ventas desde hoy con una terminal Konfío. ¿Te platico cómo funciona?",Taquería pequeña con confirmación de solo efectivo pero bajo volumen de reseñas.,5,4.6,trc_01M1DHHXTHDDBWSFK9FJN1PV33,1.0
ChIJpc9OaQAHzoURxmZc032KmFY,Tortillería “La Única”,Ciudad de México,"C. Guadalupe I. Ramírez 295, San Lucas Xochimanca, Xochimilco, 16300 Ciudad de México, CDMX, Mexico",55 3009 2917,,5422,Misceláneos,confirmed_no_card,campo de Google: solo efectivo,55,True,,"Hola, noté que en Tortillería La Única solo aceptas efectivo. Ofrecer cobro con tarjeta a tus clientes agiliza la fila y te ayuda a captar compras más grandes. En Konfío te entregamos tu terminal lista para operar. ¿Te mando información sobre nuestras tarifas?",Tortillería local con registro estructurado de solo efectivo.,1,5.0,trc_01M1DHHXTHDDBWSFK9FJN1PV33,1.0
ChIJszpk14wfzoURta8_FG3lVc4,TORTITODO Insumos para Tortilleria,Ciudad de México,"Av. José María Martínez 1436, San Miguel Jacalones, 56604 Chalco de Díaz Covarrubias, Méx., Mexico",56 1631 9713,,5811,Ventas al detalle (Retail),confirmed_no_card,campo de Google: solo efectivo,55,True,,"Hola, noté que en TORTITODO vendes insumos y cobras solo en efectivo. Para compras de mayor volumen de tus clientes, aceptar tarjetas de crédito y débito te facilitará cerrar ventas al momento con terminal Konfío. ¿Te gustaría conocer las opciones disponibles?",Distribuidor de insumos para tortillería con cobro exclusivo en efectivo.,1,5.0,trc_01M1DHHXTHDDBWSFK9FJN1PV33,1.0
ChIJt2WMTJ3j0YURjGyb4L2bpao,TORTILLERÍA San Juan,Ciudad de México,"Av. Agrarismo Manzana 316 Lote 15, Alfareros, 56363 Chimalhuacán, Méx., Mexico",55 3124 4691,,5422,Misceláneos,confirmed_no_card,campo de Google: solo efectivo,52,True,,"Hola, vi que en Tortillería San Juan únicamente aceptan pagos en efectivo. Si integras una terminal Konfío, podrás aceptar tarjeta al instante y construir historial con cada venta. ¿Te gustaría recibir informes sin compromiso?",Tortillería clasificada en solo efectivo con potencial de adopción de terminal.,5,4.2,trc_01M1DHHXTHDDBWSFK9FJN1PV33,1.0
ChIJXzl7dM4DzoURRYQMUBZ2J58,Wolf Barber,Ciudad de México,"C. Gitana 299, Santa Ana Poniente, Tláhuac, 13300 Ciudad de México, CDMX, Mexico",55 3783 5371,,7230,Salones de belleza,unknown,,50,False,sin señal de compra: unknown,"Hola, vi las excelentes reseñas sobre los cortes de 120 pesos y la atención en Wolf Barber. Si buscas cobrar con tarjeta a tus clientes, con la terminal Konfío lo haces en segundos y aumentas tus ingresos. ¿Te gustaría conocer las tarifas?",Barbería con afluencia constante sin medios de pago confirmados.,33,4.7,trc_01M1DFHV0XAZFFD2N2HRYT68Z3,1.0
ChIJy_l25nlLL4QRcdwLgD8tttw,Barber Shop Cruzitos,Guadalajara,"Juan Aldama 40, Centro, 45680 El Salto, Jal., Mexico",392 278 8390,http://thebarberscruzitoselsalto.booksy.com/a/,7230,Salones de belleza,unknown,,50,False,sin señal de compra: unknown,"Hola, vi las excelentes reseñas por tus cortes y cursos en Barber Shop Cruzitos. Para brindar un mejor servicio a tus clientes y alumnos al pagar, te ofrezco una terminal Konfío para cobrar con tarjetas y acumular historial de ventas.",Barbería y cursos de estilismo sin datos de método de pago.,48,4.9,trc_01M1DFHV0XAZFFD2N2HRYT68Z3,1.0
ChIJ0_tj1N9RL4QRSv6_FW9BKWI,"TACOS ""EL 95""",Guadalajara,"Valle de los Arce S/N, Valle de Los Arce, 45640 Tlajomulco de Zúñiga, Jal., Mexico",33 1837 1897,,5812,Restaurantes,unknown,,50,False,sin señal de compra: unknown,"Hola, vi las excelentes opiniones de TACOS EL 95 y sus quesatacos en Tlajomulco. Para agilizar aún más la cuenta de tus comensales, una terminal Konfío te permite aceptar cobros con tarjeta y celular al instante.",Taquería sin datos explícitos de métodos de pago.,15,5.0,trc_01M1DFHV0XAZFFD2N2HRYT68Z3,1.0
ChIJSQ7WNPpRL4QRNljd0soQyLE,"Papelería “Lorena""",Guadalajara,"Valle de Las Toronjas 221, FRACC EUCALIPTOS, 45640 Tlajomulco de Zúñiga, Jal., Mexico",33 3247 0807,,5943,Ventas al detalle (Retail),unknown,,50,False,sin señal de compra: unknown,"Hola, vi las buenas recomendaciones de Papelería Lorena por su surtido e impresiones. Para que tus clientes paguen fácilmente útiles y trámites escolares, una terminal Konfío te permite aceptar tarjetas de débito y crédito sin complicaciones.",Papelería sin información de métodos de pago.,25,4.6,trc_01M1DFHV0XAZFFD2N2HRYT68Z3,1.0
ChIJU9tEEKSTYoYRDKko81Rsw_s,La fonda chiquita,Monterrey,"Donato Elizondo 302, Las Encinas, 66050 Cdad. Gral. Escobedo, N.L., Mexico",81 8384 0133,,5812,Restaurantes,unknown,,50,False,sin señal de compra: unknown,"Hola, tus comensales disfrutan mucho los desayunos y chilaquiles con sazón casero en La fonda chiquita. Cobrar con tarjeta te ayuda a atender más rápido en horas pico y mejorar la experiencia del cliente. ¿Te gustaría conocer nuestra terminal para recibir pagos electrónicos?",Restaurante con buen flujo de comensales y sin datos de medios de pago disponibles.,359,4.6,trc_01M1DFHV0XAZFFD2N2HRYT68Z3,1.0
ChIJYa8G1If90YURdB2zGilG9U8,Odisea Barbershop,Ciudad de México,"Av. del Rosal 188, Los Ángeles, Iztapalapa, 09830 Ciudad de México, CDMX, Mexico",55 7261 0966,,7230,Salones de belleza,unknown,,50,False,sin señal de compra: unknown,"Hola, en Odisea Barbershop tienen un flujo constante de clientes por cortes y diseño de barba. Con una terminal Konfío puedes ofrecer cobro con tarjeta a quienes buscan un servicio premium y aumentar tu ticket promedio. ¿Te comparto más detalles?",Barbería con buen volumen de reseñas y sin información explícita de medios de pago.,99,4.3,trc_01M1DFHV0XAZFFD2N2HRYT68Z3,1.0
ChIJxQZQKr0dzoURSQUo0Oba8t0,Barbería tlahuac,Ciudad de México,"Colonia, C. Severino Ceniceros, Santa Ana, Tláhuac, 13060 Ciudad de México, CDMX, Mexico",55 7407 4176,,7230,Salones de belleza,unknown,,50,False,sin señal de compra: unknown,"Hola Miguel, veo las excelentes recomendaciones sobre la calidad y detalle de tus cortes en Santa Ana. Si quieres sumar el cobro con tarjeta para comodidad de tus clientes, la terminal Konfío es muy fácil de usar. ¿Te mando información?",Barbería con excelente reputación sin información de métodos de pago.,46,4.9,trc_01M1DFHV0XAZFFD2N2HRYT68Z3,1.0
ChIJOwm0Vjz_0YURxOvrMXCdaUM,Mercería Motita,Ciudad de México,"Raíz del Agua, INFONAVIT Iztacalco, Iztacalco, 08900 Ciudad de México, CDMX, Mexico",55 2891 2033,,5131,Ventas al detalle (Retail),unknown,,50,False,sin señal de compra: unknown,"Hola, leí excelentes opiniones sobre la variedad de materiales para tejido en Mercería Motita. Para facilitar las compras grandes de tus clientes, aceptar tarjetas con una terminal Konfío es muy práctico. ¿Te gustaría recibir más información?",Mercería minorista con clientela recurrente sin datos de pago con tarjeta.,8,5.0,trc_01M1DFHV0XAZFFD2N2HRYT68Z3,1.0
ChIJQ2YM2eX80YURmNJmwvB6x0w,"Mercería ""San Miguel""",Ciudad de México,"162 México Raúl Romero, Manzana 026, Raul Romero, 57630 Cdad. Nezahualcóyotl, Méx., Mexico",55 5792 5083,,5131,Ventas al detalle (Retail),unknown,,50,False,sin señal de compra: unknown,"Hola, vi que en Mercería San Miguel tienen gran surtido para disfraces y manualidades escolares. Para que tus clientes compren todo en una sola vuelta sin preocuparse por el efectivo, una terminal Konfío te permite cobrar con tarjeta. ¿Te platico más?",Mercería con flujo constante por temporada escolar y sin medios de pago registrados.,31,3.6,trc_01M1DFHV0XAZFFD2N2HRYT68Z3,1.0
ChIJNc_FKHj90YURzQftKweSJ28,BARBERÍA A DOMICILIO (CRONICAS DEL GHETTO),Ciudad de México,"C. Barca de Oro 38, Benito Juárez, 57000 Cdad. Nezahualcóyotl, Méx., Mexico",55 8764 2320,https://www.instagram.com/ghetto.barber_?igsh=YnAzd2V3bTRqa2p5&utm_source=qr,7230,Salones de belleza,unknown,,50,False,sin señal de compra: unknown,"Hola, vi tus excelentes reseñas por el servicio de barbería a domicilio en Neza. Llevar una terminal portátil Konfío te permite cobrar con tarjeta justo al terminar cada corte y dar un servicio aún más profesional. ¿Te gustaría checarla?",Servicio de barbería a domicilio idóneo para terminal portátil de cobro con tarjeta.,7,5.0,trc_01M1DFHV0XAZFFD2N2HRYT68Z3,1.0
ChIJIaIuI9Hx0YURDD-ERL_oybk,Pollería Mar,Ciudad de México,"Calle gardenia Lt 8 Mz 19 Ecatepec, Manzana 032, Tablas del Pozo, 55515 Estado de México, Méx., Mexico",55 2022 1922,,5422,Misceláneos,unknown,,50,False,sin señal de compra: unknown,"Hola, vi el perfil de Pollería Mar. Ofrecer cobro con tarjeta te ayuda a no perder ventas con clientes que no llevan efectivo y a crear historial para tu negocio. Te muestro las comisiones claras de la terminal Konfío si te interesa.",Pollería clasificada en comercio de carnes y alimentos sin datos registrados sobre métodos de pago.,,,trc_01M1DFHV0XAZFFD2N2HRYT68Z3,1.0
ChIJV1BvfGEb0oUR72U5LfBGU0M,Miscelánea Mary Fer,Ciudad de México,"Chalco Edo.Mex.calle.San Cristobal, Clara Córdoba Morán Col, Emiliano Zapata, 56608 Ciudad de Mexico, Méx., Mexico",55 3930 7496,,5422,Misceláneos,unknown,,50,False,sin señal de compra: unknown,"Hola, vi que en Miscelánea Mary Fer tienen excelentes comentarios por su surtido y precios. Cobrar con tarjeta mediante una terminal Konfío te ayudará a captar más clientes y aumentar tus ventas diarias.",Miscelánea local sin registro disponible de métodos de pago.,3,5.0,trc_01M1DFHV0XAZFFD2N2HRYT68Z3,1.0
ChIJ6cYJzrQfzoURDm0ygoqjhvM,La Barbería del Rey | Barbería en Chalco,Ciudad de México,"C. San Sebastián 10, San Sebastian, 56600 Chalco de Díaz Covarrubias, Méx., Mexico",56 2591 3740,,7230,Salones de belleza,unknown,,50,False,sin señal de compra: unknown,"Hola, vi las excelentes recomendaciones de La Barbería del Rey por su gran servicio y trato. Aceptar tarjetas y pagos sin contacto con la terminal Konfío le dará mayor comodidad a tus clientes.",Barbería con excelente reputación pero sin datos explícitos sobre medios de pago.,24,5.0,trc_01M1DFHV0XAZFFD2N2HRYT68Z3,1.0
ChIJ9Qdz9TL10YUR6uxBmyXTPPM,Pollos Carrillo Tultitlán Centro,Ciudad de México,"Blvd. Tultitlan Ote. sn, Santiaguito, 54900 Tultitlán de Mariano Escobedo, Méx., Mexico",55 8726 8343,,5814,Comida Rápida,unknown,,50,False,sin señal de compra: unknown,"Hola, vi que Pollos Carrillo tiene gran preferencia por sus paquetes de comida. Con la terminal Konfío puedes cobrar rápido con tarjeta en mostrador y agilizar tus pedidos para que ningún cliente se quede sin consumir.",Restaurante de comida rápida con flujo continuo y medios de pago no especificados.,48,4.5,trc_01M1DFHV0XAZFFD2N2HRYT68Z3,1.0
ChIJW9w8UPxTL4QRGkyqSMOZrMo,"El Tomate y La Lechuga, Cocina Económica",Guadalajara,"45640, C. Higuera 43, 45640 Tlajomulco de Zúñiga, Jal., Mexico",33 3667 3242,,5812,Restaurantes,unknown,,50,False,sin señal de compra: unknown,"Hola, veo que El Tomate y La Lechuga tiene muchas reseñas positivas por sus comidas corridas. Para agilizar el cobro en horas de alta afluencia, una terminal Konfío te permite recibir pagos con tarjeta rápidamente. ¿Te gustaría conocer nuestras opciones?",Cocina económica con alto flujo de comensales sin señal sobre medios de pago.,70,4.4,trc_01M1DFHV0XAZFFD2N2HRYT68Z3,1.0
ChIJL6pK_qL_0YUR78aulkr4vhw,Recaudería,Monterrey,"C. Bajío 232, Roma Sur, Cuauhtémoc, 06760 Ciudad de México, CDMX, Mexico",722 666 1126,,5422,Misceláneos,unknown,,50,False,sin señal de compra: unknown,"Hola, vi que en tu recaudería tienes muy buena clientela comprando fruta y verdura fresca. Si quieres facilitar sus compras y sumar ventas con tarjeta, una terminal Konfío te ayuda a cobrar fácil y generar historial con tu negocio.",Verdulería y venta de pollo activa con afluencia regular sin señal de medio de pago.,43,4.3,trc_01M1DFHV0XAZFFD2N2HRYT68Z3,1.0
ChIJ6WvHEADDYoYR56iGb1enijY,Pollos Reyna,Monterrey,"Carr. a San Roque 62, Benito Juárez, 67250 Cdad. Benito Juárez, N.L., Mexico",81 2199 5289,,5814,Comida Rápida,unknown,,50,False,sin señal de compra: unknown,"Hola, vi el éxito y las excelentes recomendaciones de tus pollos asados en Benito Juárez. Para no perder ventas de clientes que no traen efectivo, con la terminal Konfío puedes aceptar pagos con tarjeta de inmediato y de forma práctica.",Venta de pollos asados con buen volumen de reseñas y sin información de cobro con tarjeta.,89,4.7,trc_01M1DFHV0XAZFFD2N2HRYT68Z3,1.0
ChIJ44zf00WdYoYRR53Si66fuLo,Tacos y mariscos el regio,Monterrey,"Heberto Castillo Martínez 1360, Privadas de las Villas, 66003 García, N.L., Mexico",81 3600 0778,,5812,Restaurantes,unknown,,50,False,sin señal de compra: unknown,"Hola, vi las excelentes recomendaciones de tus tacos y mariscos con más de 300 opiniones. Con una terminal Konfío puedes aceptar cobros con tarjeta rápido y mantener el ritmo de tu servicio. ¿Te comparto más detalles?",Restaurante de mariscos y tacos con alto flujo de clientes sin información explícita de medios de pago.,305,4.7,trc_01M1DFHV0XAZFFD2N2HRYT68Z3,1.0
ChIJK3_YYmH-0YUR4P76MnWQp68,Richie's barbershop,Ciudad de México,"Miguel Lerdo de Tejada, Campamento 2 de Octubre, Iztacalco, 08930 Ciudad de México, CDMX, Mexico",55 3562 4642,,7230,Salones de belleza,unknown,,50,False,sin señal de compra: unknown,"Hola, vi que en Richie's barbershop además de cortes venden productos de cuidado para el cabello. Con una terminal Konfío puedes aceptar pagos con tarjeta tanto de servicios como de productos, facilitando la experiencia a tus clientes. ¿Te gustaría conocer cómo adquirir tu terminal?",Barbería clasificada en MCC 7230 con señal de pago desconocida.,61,4.7,trc_01M1DFHV0XAZFFD2N2HRYT68Z3,1.0
ChIJPSfn0eHj0YURnl50Jyn0-Hk,Luisito Barber,Ciudad de México,"Benito Juárez, 57000 Ciudad Nezahualcóyotl, State of Mexico, Mexico",56 2005 8004,,7230,Salones de belleza,unknown,,50,False,sin señal de compra: unknown,"Hola, vi las excelentes calificaciones de cortes y atención en Luisito Barber. Al incorporar una terminal Konfío puedes cobrar a tus clientes con tarjeta de débito y crédito de forma rápida y sencilla. ¿Te interesa conocer nuestras comisiones y promociones actuales?",Barbería clasificada en MCC 7230 con señal de pago desconocida.,16,5.0,trc_01M1DFHV0XAZFFD2N2HRYT68Z3,1.0
ChIJyTePeh3j0YUR2pAeatdqLIQ,"La Barbería ""LPR""",Ciudad de México,"Calle Sierra Madre Oriental, Cerro del Ajusco Esquina, Rancho las Nieves, 56335 Chimalhuacán, Méx., Mexico",55 3706 4499,https://www.facebook.com/profile.php?id=100007621718916&mibextid=ZbWKwL,7230,Salones de belleza,unknown,,50,False,sin señal de compra: unknown,"Hola, felicidades por las más de 180 reseñas excelentes en La Barbería LPR por su servicio y cortes. Para brindar mayor comodidad a tus clientes cobrando con tarjeta, te ofrezco la terminal Konfío con comisiones transparentes. ¿Te interesa saber cómo funciona?",Barbería con buen volumen de reseñas y sin reporte de medios de pago.,185,5.0,trc_01M1DFHV0XAZFFD2N2HRYT68Z3,1.0
ChIJFVnBNRm1KIQRDKEhyvVbE8g,Farmacia El Niño Doctor 24hrs.,Guadalajara,"Jesús de Nazareth 22, Santa Paula, 45420 Tonalá, Jal., Mexico",33 3335 1986,,5912,Farmacias,unknown,,50,False,sin señal de compra: unknown,"Hola, veo que en Farmacia El Niño Doctor atienden las 24 horas. Aceptar cobros con tarjeta ayuda a tus clientes en compras de emergencia y fortalece tu negocio. ¿Te interesa recibir información sobre las terminales Konfío?",Farmacia de servicio continuo sin registro explícito de métodos de pago.,11,4.5,trc_01M1DFHV0XAZFFD2N2HRYT68Z3,1.0
ChIJCdJeBua1KIQRYwQ9mb24d0Q,Consultorio dental Dr. Rodrigo Macías,Guadalajara,"Av. Juárez 804, Rancho de La Cruz, Coyula, 45410 Tonalá, Jal., Mexico",33 1008 7373,,8011,Médicos y dentistas,unknown,,50,False,sin señal de compra: unknown,"Hola Dr. Rodrigo, felicitaciones por las reseñas de tu consultorio dental. Al ofrecer cobro con tarjeta y meses sin intereses facilitas tratamientos y limpiezas a tus pacientes. ¿Te gustaría conocer la terminal Konfío?",Consultorio dental con gran volumen de reseñas positivas sin datos de medios de pago.,47,5.0,trc_01M1DFHV0XAZFFD2N2HRYT68Z3,1.0
ChIJ7zhFCISzKIQRne3cmlRClR4,Panadería La Providencia Tlaquepaque,Guadalajara,"C. 5 de Febrero 2719, Rancho Blanco, 45500 San Pedro Tlaquepaque, Jal., Mexico",33 3466 0572,,5462,Ventas al detalle (Retail),unknown,,50,False,sin señal de compra: unknown,"Hola, qué gran recibimiento tienen sus empanadas gourmet en Panadería La Providencia. Al incorporar una terminal Konfío permites a tus clientes pagar con tarjeta fácilmente. ¿Te gustaría que te platique cómo funciona?",Panadería gourmet con excelentes opiniones de clientes sin datos de cobro con tarjeta.,10,5.0,trc_01M1DFHV0XAZFFD2N2HRYT68Z3,1.0
ChIJcx6-l3dKL4QR6BEwqOhYXHU,Alee Nails,Guadalajara,"José Ma. Morelos 29a, Infonavit La Meza, 45680 El Salto, Jal., Mexico",33 1844 9561,,7230,Salones de belleza,unknown,,50,False,sin señal de compra: unknown,"Hola, note que en Alee Nails ofrecen servicios completos de unas, pedicure y pestanas. Cobrar con tarjeta les permite asegurar citas y dar comodidad a sus clientas. Con una terminal Konfio cobras rapido. ¿Te interesa revisarlo?",Salón de uñas y belleza clasificado en MCC 7230 sin registro de medios de pago.,13,4.7,trc_01M1DFHV0XAZFFD2N2HRYT68Z3,1.0
ChIJnxSUFeNJL4QRUMG9VFAMlEg,Barberia Studio 87,Guadalajara,"San patricio 11, La Purísima, 45680 El Salto, Jal., Mexico",33 1874 9568,,7230,Salones de belleza,unknown,,50,False,sin señal de compra: unknown,"Hola, vi las excelentes recomendaciones sobre el servicio y estilo en Barberia Studio 87. Aceptar tarjeta y pagos sin contacto agiliza la atencion a tus clientes y mejora tus ingresos. ¿Te gustaria probar una terminal para tu negocio?",Barbería y peluquería clasificada en MCC 7230 sin mención de pagos con tarjeta.,50,4.9,trc_01M1DFHV0XAZFFD2N2HRYT68Z3,1.0
ChIJsZMp6P5TL4QRJSYqZ8bgS94,Fonda Tomasita,Guadalajara,"Calle Flaviano Ramos Nte. 43 Mercado Municipal Eugenio Zúñiga Local 17, Mercado Municipal de Tlajomulco, Planta Al, Centro Tlajomulco, Centro, 45640 Tlajomulco de Zúñiga, Jal., Mexico",33 1025 9647,,5812,Restaurantes,unknown,,50,False,sin señal de compra: unknown,"Hola, vi que en Fonda Tomasita tienen excelentes opiniones por sus ricos chilaquiles en el Mercado Municipal. Aceptar tarjeta ayuda a tus comensales a pagar facil sin depender de efectivo. ¿Te gustaria conocer nuestra terminal?",Fonda/restaurante clasificado bajo MCC 5812 sin datos estructurados de cobro.,12,4.5,trc_01M1DFHV0XAZFFD2N2HRYT68Z3,1.0
ChIJQ8aeJACTYoYRZOFjah1LBF0,Alinea Consultorio Dental,Monterrey,"Av. Acueducto 861, Solidaridad Soc, 66073 Cdad. Gral. Escobedo, N.L., Mexico",81 1742 8571,,8011,Médicos y dentistas,unknown,,50,False,sin señal de compra: unknown,"Hola Dra. Quiroz, vi las excelentes recomendaciones de Alinea por tus tratamientos de ortodoncia y brackets. Para montos de tratamientos dentales, ofrecer cobro con tarjeta mediante una terminal Konfío da más comodidad a tus pacientes. ¿Te gustaría conocer nuestras opciones?",Consultorio dental con servicios de alto valor sin datos confirmados de medios de pago.,7,5.0,trc_01M1DFHV0XAZFFD2N2HRYT68Z3,1.0
ChIJ6aT14AGdYoYRfqk6u8fojcI,PANADERÍA DEL PUEBLO,Monterrey,"Garza Ayala, Cabecera Municipal, 66000 García, N.L., Mexico",81 1219 2846,,5462,Ventas al detalle (Retail),unknown,,50,False,sin señal de compra: unknown,"Hola, vi que en Panadería del Pueblo tienen gran tradición con pan recién horneado y café. Para hacer más ágil el cobro en mostrador y pedidos, la terminal Konfío te ayuda a recibir tarjetas fácilmente. ¿Te gustaría recibir más información?","Panadería popular sin reporte explícito de medios de pago, prospecto para TPV.",42,4.8,trc_01M1DFHV0XAZFFD2N2HRYT68Z3,1.0
ChIJPTbh-sD90YURrKJrusiW77w,Street One Outlet Mayoristas Ermita,Ciudad de México,"Ermita Iztapalapa 1788, Iztapalapa, Amp San Miguel, Iztapalapa, 09360 Ciudad de México, CDMX, Mexico",56 1061 2814,https://street1mayoristas.mx/,5651,Ventas al detalle (Retail),unknown,,50,False,sin señal de compra: unknown,"Hola, en Street One Outlet Ermita tus clientes buscan precios de mayoreo en ropa. Aceptando tarjetas con la terminal Konfío puedes facilitar compras más grandes y agilizar cada cobro en tienda. ¿Te gustaría conocer cómo adquirir tu terminal?","Comercio de ropa al mayoreo sin medios de pago especificados, apto para TPV.",3,5.0,trc_01M1DFHV0XAZFFD2N2HRYT68Z3,1.0
ChIJ3WVM_tEBzoURpJErnKCoDFY,Buen Pollo Xochimilco,Ciudad de México,"C. Pedro Ramírez del Castillo 127, El Rosario, Xochimilco, 16070 Ciudad de México, CDMX, Mexico",800 837 1377,http://buenpollo.com/,5814,Comida Rápida,unknown,,50,False,sin señal de compra: unknown,"Hola, vi que en Buen Pollo Xochimilco manejan paquetes familiares de comida. Con una terminal Konfío puedes cobrar con tarjeta al instante y darles mayor comodidad a quienes compran sus paquetes completos.",Comercio de pollo rostizado y comida rápida para llevar sin datos estructurados de medios de pago.,9,4.3,trc_01M1DFHV0XAZFFD2N2HRYT68Z3,1.0
ChIJp_xMVwABzoURmeDfA8bYoDg,Picky-Dental Consultorio Dental,Ciudad de México,"C. Pascual Orozco 4b, Paseos del Sur, Xochimilco, 16035 Ciudad de México, CDMX, Mexico",55 6537 0769,https://www.facebook.com/share/18xSZGp8bk/,8011,Médicos y dentistas,unknown,,50,False,sin señal de compra: unknown,"Hola, en Picky-Dental Consultorio Dental puedes facilitar el pago de consultas y tratamientos ofreciendo cobro con tarjeta mediante la terminal Konfío. Acepta todas las tarjetas y meses sin intereses sin complicaciones.",Consultorio dental sin información concluyente sobre medios de pago.,,,trc_01M1DFHV0XAZFFD2N2HRYT68Z3,1.0
ChIJrS-B1uD_0YURM3a5OM9UWNE,"Mercería y tejido ""El taller de Eva""",Ciudad de México,"Loc 40, Los Picos de Iztacalco I A, Iztacalco, 08770 Ciudad de México, CDMX, Mexico",55 3796 3985,http://www.facebook.com/EltallerdEva,5949,Ventas al detalle (Retail),unknown,,50,False,sin señal de compra: unknown,"Hola, en Mercería y tejido El taller de Eva puedes incrementar tus ventas cobrando con tarjeta mediante la terminal Konfío. Acepta cobros sin contacto y facilita las compras de tus clientes de mercería.",Mercería sin datos concretos sobre aceptación de medios de pago.,3,5.0,trc_01M1DFHV0XAZFFD2N2HRYT68Z3,1.0
ChIJxWVekI_80YURi9qJ2zOIHUk,Carnicería y Tocineria La Favorita,Ciudad de México,"Cuauhtémoc loc 99, 100 Mercado San Martín caballero, Manzana 001, Estado de Mexico, 57210 Cdad. Nezahualcóyotl, Méx., Mexico",15584319016,,5422,Misceláneos,unknown,,50,False,sin señal de compra: unknown,"Hola, en Carnicería y Tocineria La Favorita puedes consentir a tus clientes aceptando pagos con tarjeta de débito y crédito. Con la terminal Konfío cobras al momento y sin complicaciones en mostrador.",Carnicería sin señales explícitas de medios de pago en ficha ni reseñas.,6,5.0,trc_01M1DFHV0XAZFFD2N2HRYT68Z3,1.0
ChIJ8caqzvX90YURXFyXXm38Jqc,"Estética ""FL Salón""",Ciudad de México,"Cerca de, Lago Chapultepec 201, Agua Azul, 57500 Cdad. Nezahualcóyotl, Méx., Mexico",55 5793 6116,,7230,Salones de belleza,unknown,,50,False,sin señal de compra: unknown,"Hola, en estéticas con servicios de color y corte como FL Salón, ofrecer cobro con tarjeta ayuda a que tus clientes agreguen más tratamientos sin preocuparse por el efectivo. Con la terminal Konfío aceptas todas las tarjetas fácilmente. ¿Te gustaría conocerla?",Salón de belleza y estética sin mención sobre medios de pago en reseñas ni metadatos.,52,4.7,trc_01M1DFHV0XAZFFD2N2HRYT68Z3,1.0
ChIJdZywD4UfzoURv0qP-5nOu90,Man Up BarberShop,Ciudad de México,"Tláloc, Magnolias esquina, Culturas de Mexico, 56607 Chalco de Díaz Covarrubias, Méx., Mexico",55 1407 2524,,7230,Salones de belleza,unknown,,50,False,sin señal de compra: unknown,"Hola, vi las buenas recomendaciones sobre sus cortes y atención en Man Up BarberShop. Para facilitar el cobro a tus clientes y no perder ventas, una terminal Konfío te permite aceptar todas las tarjetas con comisiones claras y sin complicaciones. ¿Te gustaría conocerla?",Barbería con buen volumen de reseñas y sin señal explícita de métodos de pago.,50,4.4,trc_01M1DFHV0XAZFFD2N2HRYT68Z3,1.0
ChIJaRsbTfD10YURdL41sBAZgPE,Cremería arturo,Ciudad de México,"Central de de abastos S/n, Sin Nombre, 54910 Fuentes del Valle, Méx., Mexico",55 7719 2379,,5451,Ventas al detalle (Retail),unknown,,50,False,sin señal de compra: unknown,"Hola, en Cremería Arturo cuentas con clientes frecuentes por la frescura de tus productos. Para agilizar los cobros en tu local y no depender del cambio en efectivo, la terminal Konfío te ayuda a cobrar con tarjeta fácilmente. ¿Te comparto la información?",Cremería y lácteos ubicada en central de abastos sin información de cobro.,16,4.5,trc_01M1DFHV0XAZFFD2N2HRYT68Z3,1.0
ChIJWy5Aqqy1KIQRsOIWRWL0QUQ,Cirujanos Barber,Guadalajara,"Privada de Galeana #406 Tonalá, Tonalá Centro, 45400 Guadalajara, Jal., Mexico",33 2231 8866,https://www.facebook.com/cirujanosbarber.tonala,7230,Salones de belleza,unknown,,50,False,sin señal de compra: unknown,"Hola, vi las excelentes reseñas que tienen en Cirujanos Barber por la atención y el trabajo de sus barberos. Aceptar tarjeta en cada corte facilita el cobro a tus clientes que no traen efectivo. ¿Te gustaría probar una terminal sin complicaciones?",Barbería con buen volumen de reseñas y sin información registrada de pago con tarjeta.,64,4.8,trc_01M1DFHV0XAZFFD2N2HRYT68Z3,1.0
ChIJ742pidfCYoYRpwn-Q2xG5f4,Consultorio dental,Monterrey,"Gral. Bernardo Reyes 201, Centro de Benito Juárez, 67250 Cdad. Benito Juárez, N.L., Mexico",81 8233 1402,,8011,Médicos y dentistas,unknown,,50,False,sin señal de compra: unknown,"Hola doctor, veo que tus pacientes recomiendan mucho la honestidad y calidad de tus tratamientos dentales. Para facilitarles el pago de procedimientos mayores, una terminal Konfío te permite aceptar tarjetas de crédito y débito sin complicaciones. ¿Te comparto los detalles?",Consultorio dental con clientela recurrente y sin datos registrados de medios de pago.,8,5.0,trc_01M1DFHV0XAZFFD2N2HRYT68Z3,1.0
ChIJYV9HIjOdYoYRbPLIYz2Z7FA,Ferreteria el guero,Monterrey,"Hacienda San Pablo, 66000 García, N.L., Mexico",81 8258 0344,,5251,Refacciones y ferretería,unknown,,50,False,sin señal de compra: unknown,"Hola, vi que en Ferretería El Güero te reconocen por tus buenos precios en la zona. Para ventas de herramienta y material de mayor monto, una terminal Konfío te ayuda a cobrar con tarjeta fácilmente. ¿Te gustaría revisar cómo solicitar la tuya?",Ferretería local conocida por sus precios bajos sin registro de métodos de cobro.,4,3.5,trc_01M1DFHV0XAZFFD2N2HRYT68Z3,1.0
ChIJLdamq3v_0YURIJNCh2lvp-c,Cremería CheDaR,Ciudad de México,"C. 7 92, San Pedro de los Pinos, Benito Juárez, 03800 Ciudad de México, CDMX, Mexico",55 5273 0853,,5451,Ventas al detalle (Retail),unknown,,50,False,sin señal de compra: unknown,"Hola, vi que en Cremería CheDaR ofrecen quesos y productos de gran calidad. Si quieres impulsar tus ventas y permitir que más vecinos paguen con tarjeta de crédito o débito, en Konfío te ayudamos con una terminal rápida y sin complicaciones. ¿Te gustaría conocerla?",Cremería y venta de lácteos clasificada en 5451 sin información de métodos de pago.,3,3.3,trc_01M1DFHV0XAZFFD2N2HRYT68Z3,1.0
ChIJHw1b56f30YURwxqyihIGDwI,Carniceria Pepe,Ciudad de México,"Valle de Madero, Gustavo A. Madero, 07190 Mexico City, CDMX, Mexico",55 8544 3573,,5422,Misceláneos,unknown,,50,False,sin señal de compra: unknown,"Hola Pepe, sabemos que en Carnicería Pepe ofreces carne de primera calidad. Para que tus clientes no se limiten por el efectivo al comprar sus cortes, una terminal Konfío te permite aceptar todas las tarjetas fácilmente. ¿Te gustaría conocer nuestras opciones para tu carnicería?",Carnicería clasificada en 5422 sin señales explícitas de medios de pago.,3,5.0,trc_01M1DFHV0XAZFFD2N2HRYT68Z3,1.0
ChIJHw4i3qUDzoURwEj_bGL8cp4,MISCELÁNEA DOÑA QUETA,Ciudad de México,"Arabella MZA 27, Agrícola Metropolitana, Tláhuac, 13280 Ciudad de México, CDMX, Mexico",55 8290 4970,,5422,Misceláneos,unknown,,50,False,sin señal de compra: unknown,"Hola Doña Queta, muchas felicidades por tu miscelánea bien surtida. Para que tus clientes siempre puedan comprar lo que necesitan aunque no traigan efectivo, en Konfío tenemos terminales fáciles de usar para cobrar con tarjeta. ¿Te gustaría saber cómo solicitar la tuya?",Miscelánea de abarrotes clasificada en 5422 sin datos de medios de pago.,5,4.8,trc_01M1DFHV0XAZFFD2N2HRYT68Z3,1.0
ChIJg3Sq0SwDzoURnNXMH7CU0ps,Papelería Kiyuyi,Ciudad de México,"Salvador Díaz Mirón 108-Edif A1 Depto 202, Santa Ana Poniente, Tláhuac, 13300 Ciudad de México, CDMX, Mexico",55 4490 2696,,5943,Ventas al detalle (Retail),unknown,,50,False,sin señal de compra: unknown,"Hola, vi el perfil de Papelería Kiyuyi en Santa Ana Poniente. ¿Aceptas pagos con tarjeta en tu papelería? Con la terminal de Konfío cobras al instante sin complicaciones y aumentas tus ventas diarias. ¿Te gustaría conocer nuestras comisiones?",Papelería clasificada bajo el MCC 5943 de papelerías y artículos escolares.,,,trc_01M1DFHV0XAZFFD2N2HRYT68Z3,1.0
ChIJm0vzuvABzoURSS4UVjNogJo,"Cremeria ""La Chiquita""",Ciudad de México,"Cuauhtémoc 42, Santiago Tepalcatlalpan, Xochimilco, 16200 Ciudad de México, CDMX, Mexico",55 2698 7929,,5451,Ventas al detalle (Retail),unknown,,50,False,sin señal de compra: unknown,"Hola, leí las recomendaciones sobre el queso oaxaca y requesón en Cremeria La Chiquita. ¿Ya aceptas tarjeta en tu negocio? Con la terminal Konfío puedes recibir pagos con tarjeta y construir historial de facturación para tu comercio. ¿Te interesa?",Cremería y venta de lácteos clasificada bajo MCC 5451.,11,4.5,trc_01M1DFHV0XAZFFD2N2HRYT68Z3,1.0
ChIJAxxy-lkBzoURWLKo8CuKZYA,Consultorio Dental,Ciudad de México,"esquina Av Cuahutemoc, C. Pedro Ramírez del Castillo 35 C, San Pedro, Xochimilco, 16090 Ciudad de México, CDMX, Mexico",55 5653 9895,,8011,Médicos y dentistas,unknown,,50,False,sin señal de compra: unknown,"Hola, vi su Consultorio Dental en San Pedro Xochimilco. Al ofrecer tratamientos dentales, dar opción de pago con tarjeta brinda mucha comodidad a los pacientes. Con la terminal Konfío cobras de forma transparente y ágil. ¿Te gustaría conocer el equipo?",Consultorio dental clasificado dentro del ramo de médicos y dentistas.,1,1.0,trc_01M1DFHV0XAZFFD2N2HRYT68Z3,1.0
ChIJ-1w64kLj0YUReRPx9Uw1QYM,"Recaudería ""La surtidita""",Ciudad de México,"C. Jardines Manzana U Lote 3, 16 de Septiembre, 56350 Chimalhuacán, Méx., Mexico",55 7890 3255,,5422,Misceláneos,unknown,,50,False,sin señal de compra: unknown,"Hola, vi que en Recaudería La surtidita ofrecen servicio a domicilio de frutas, verduras y pollo fresco. Con la terminal Konfío puedes cobrar con tarjeta directo al entregar los pedidos y hacer crecer tus ventas. ¿Te gustaría revisarlo?",Recaudería y venta de perecederos sin señal explícita de métodos de pago.,5,5.0,trc_01M1DFHV0XAZFFD2N2HRYT68Z3,1.0
ChIJZ5qCEeEdzoURRdnR08znRr0,Barberia y estetica Danna,Ciudad de México,"Pte. 19 Manzana 021, San Miguel Xico, 56613 Valle de Chalco Solidaridad, Méx., Mexico",55 4691 7073,,7230,Salones de belleza,unknown,,50,False,sin señal de compra: unknown,"Hola, vi las buenas opiniones sobre el servicio en Barberia y estetica Danna. Si quieres dar más opciones a tus clientes al pagar sus cortes, en Konfío te ofrecemos terminales para aceptar tarjeta fácilmente.",Estética y barbería con buenas calificaciones pero sin evidencia de pagos.,17,4.4,trc_01M1DFHV0XAZFFD2N2HRYT68Z3,1.0
ChIJS_faQmC0KIQRaFmNb9eMLI4,Tortillas de Harina la Frontera,Guadalajara,"C. López Cotilla 174-a, Tonalá Centro, 45400 Tonalá, Jal., Mexico",33 1711 6524,,5422,Misceláneos,unknown,,50,False,sin señal de compra: unknown,"Hola, vi la gran tradición y demanda de Tortillas de Harina la Frontera en Tonalá. Para que tus pedidos grandes y ventas del día se cobren más fácil, en Konfío tenemos terminales para aceptar tarjeta.",Tortillería y elaboración de alimentos básicos.,14,4.4,trc_01M1DFHV0XAZFFD2N2HRYT68Z3,1.0
ChIJrai0YrSzKIQRdyz5YHOhc18,Panadería Tlaquepuerquitos,Guadalajara,"C. Leandro Valle 5A, Centro, 45500 San Pedro Tlaquepaque, Jal., Mexico",33 1169 6524,,5462,Ventas al detalle (Retail),unknown,,50,False,sin señal de compra: unknown,"Hola, vi la gran tradición de Panadería Tlaquepuerquitos y sus excelentes recomendaciones. Con la terminal Konfío puedes ofrecer cobro con tarjeta a tus clientes y generar un historial que respalde el crecimiento de tu panadería.",Panadería tradicional sin reporte de medios de pago.,74,4.8,trc_01M1DFHV0XAZFFD2N2HRYT68Z3,1.0
ChIJWTrqrP9LL4QRfo2i7UfXJ7Y,Equipos de bosque y jardín,Guadalajara,"Carr. el Salto 410, Potrero Nuevo, 45680 El Salto, Jal., Mexico",33 2384 0583,https://www.facebook.com/share/17KpzJqni7/?mibextid=wwXIfr,5261,Ventas al detalle (Retail),unknown,,50,False,sin señal de compra: unknown,"Hola, vi las buenas opiniones de Equipos de bosque y jardín sobre su surtido en maquinaria y refacciones. Con la terminal Konfío tus clientes pueden liquidar compras de mayor monto con tarjeta de crédito o débito.",Comercio de venta de equipo y accesorios de jardín sin información de medios de pago.,12,4.1,trc_01M1DFHV0XAZFFD2N2HRYT68Z3,1.0
ChIJnRbdkQ_BYoYRlSNQEki8fG4,Keeh Tacos,Monterrey,"Av. Pablo Livas y Fatima 5057, Av. Pablo Livas, Condado de STA LUCIA, 67184 Guadalupe, N.L., Mexico",81 1232 3056,https://www.facebook.com/share/1GwTwiXsb2/?mibextid=wwXIfr,5812,Restaurantes,unknown,,50,False,sin señal de compra: unknown,"Hola, vi las excelentes reseñas sobre la birria y tacos en Keeh Tacos. Para brindar una experiencia completa y no perder ventas cuando quieran pagar con tarjeta, te ofrecemos la terminal Konfío con cobros rápidos y comisiones claras.",Taquería con buena reputación y método de pago no especificado.,47,4.9,trc_01M1DFHV0XAZFFD2N2HRYT68Z3,1.0
ChIJ6Vn8qpidYoYROdHK8gNU4jg,DG Salón,Monterrey,"Maravilla 744, División del Nte., 66000 García, N.L., Mexico",81 2595 4895,,7230,Salones de belleza,unknown,,50,False,sin señal de compra: unknown,"Hola, vi que en DG Salón felicitan tu excelente trabajo y aplicación de uñas. Para ofrecer un servicio más completo, con la terminal Konfío puedes aceptar pagos con tarjeta y facilitar los cobros de tus citas.",Salón de belleza y aplicación de uñas clasificado bajo MCC 7230.,6,5.0,trc_01M1DFHV0XAZFFD2N2HRYT68Z3,1.0
ChIJxzslKwADzoURYuBm7NB-k0s,Pollería Eneldo,Ciudad de México,"Ana Bolena, Miguel Hidalgo, Tláhuac, 13200 Ciudad de México, CDMX, Mexico",55 6906 5351,,5422,Misceláneos,unknown,,50,False,sin señal de compra: unknown,"Hola, vi las buenas reseñas de Pollería Eneldo destacando la frescura de sus productos y la excelente atención. Para facilitar las compras de tus clientes, una terminal Konfío te permite aceptar tarjeta fácilmente. ¿Te comparto más detalles?",Pollería y comercio de alimentos perecederos clasificado en MCC 5422 sin señal de pago.,14,4.6,trc_01M1DFHV0XAZFFD2N2HRYT68Z3,1.0
ChIJE2j4VhxLL4QRJicZQYTKRzM,POLLERÍA “EL CARNAL” 🐥,Guadalajara,"Cañada puente esquina cañada poniente Glorieta, Prados de la Cañada, 45427 Tonalá, Jal., Mexico",33 1186 8605,https://www.facebook.com/share/1Dc4ve9AWR/?mibextid=wwXIfr,5422,Misceláneos,unknown,,50,False,sin señal de compra: unknown,"Hola, veo que Polleria El Carnal tiene excelente servicio y clientes satisfechos con la calidad de sus productos. Con la terminal Konfio puedes aceptar pagos con tarjeta de forma rapida y agilizar tus cobros diarios.",Pollería y venta de carnes clasificada en el rubro de carnicerías y misceláneas.,17,5.0,trc_01M1DFHV0XAZFFD2N2HRYT68Z3,1.0
ChIJLf7M225RL4QRgfAAI1l7Y9w,"Ciber Café & Papelería “Ciber Virus""",Guadalajara,"Av. de la Victoria 1, 45640 Galaxia la Noria, Jal., Mexico",33 1593 1030,https://www.facebook.com/cibervirusgdl,5943,Ventas al detalle (Retail),unknown,,50,False,sin señal de compra: unknown,"Hola, leí excelentes comentarios sobre el gran surtido de papelería en Ciber Café & Papelería Ciber Virus. Aceptar pagos con tarjeta y cobros sin contacto ayuda a no perder clientes que llevan poco efectivo. En Konfío te apoyamos con terminales para tu local. ¿Platicamos?",Papelería y cibercafé con alto flujo de personas y necesidad común de cobrar artículos escolares o servicios.,44,4.1,trc_01M1DFHV0XAZFFD2N2HRYT68Z3,1.0
ChIJveeWEQBTL4QRpd78_EGFOMc,Barbería Risueño,Guadalajara,"C. Orion 37, Coto del sol, 45654 Villas de la Hacienda, Jal., Mexico",33 4676 9887,,7230,Salones de belleza,unknown,,50,False,sin señal de compra: unknown,"Hola, vi las muy buenas calificaciones de Barbería Risueño por la atención y venta de producto adicional. Facilitar el cobro con tarjeta permite que tus clientes agreguen productos de cuidado personal a su corte sin preocuparse por el efectivo. ¿Te gustaría probar la terminal Konfío?","Barbería con venta adicional de productos y alta satisfacción de clientes, idónea para terminal punto de venta.",41,4.9,trc_01M1DFHV0XAZFFD2N2HRYT68Z3,1.0
ChIJKaUqbPvCYoYRKSb-m3cD6zU,Pollos Y Carne Asada Don Santos,Monterrey,"Av. las Torres 250, Paseo del Prado, 67275 Cdad. Benito Juárez, N.L., Mexico",81 2284 3636,,5814,Comida Rápida,unknown,,50,False,sin señal de compra: unknown,"Hola, tus paquetes de pollo y carne asada en Don Santos tienen excelente reputación. Cobra con tarjeta para ofrecer mayor comodidad a tus comensales y aprovechar al máximo la alta demanda de tu local.",Restaurante de pollo y carne asada para consumo rápido clasificado en MCC 5814.,60,4.5,trc_01M1DFHV0XAZFFD2N2HRYT68Z3,1.0
ChIJRe-mTqzdYoYRmshk-6pqUYY,Saloon Unisex Vicky,Monterrey,"Rosa Blanca 328b, Villas de San Juan, 67254 Cdad. Benito Juárez, N.L., Mexico",81 1986 8862,,7230,Salones de belleza,unknown,,50,False,sin señal de compra: unknown,"Hola, en Saloon Unisex Vicky tus clientes buscan cambios de look y cortes. Permite que paguen sus servicios y tratamientos con tarjeta de crédito o débito para facilitar compras de mayor valor en tu estética.",Salón de belleza y estética clasificado en MCC 7230.,51,4.5,trc_01M1DFHV0XAZFFD2N2HRYT68Z3,1.0
ChIJnQ9Uy5KdYoYRBuL8-ouWzCs,Tortillas de HARINA CASERAS,Monterrey,"C. 5 de Febrero 157, El Fraile II, 66005 García, N.L., Mexico",81 2921 3346,,5422,Misceláneos,unknown,,50,False,sin señal de compra: unknown,"Hola, en Tortillas de HARINA CASERAS puedes incrementar tus ventas cobrando con tarjeta de débito y crédito. Te ofrecemos una terminal fácil de usar para atender más rápido a tus clientes en García. ¿Te gustaría conocer nuestras promociones vigentes?",Tortillería/tienda de alimentos clasificada en el MCC 5422.,,,trc_01M1DFHV0XAZFFD2N2HRYT68Z3,1.0
ChIJAdU9Us0niIYR0xemSlRPPNU,"PAPELERÍA, MERCERÍA Y MAS LOS MONITOS",Monterrey,"Hacienda Cristales 235 B, Hacienda del Renacimiento, 66003 García, N.L., Mexico",81 2196 9792,,5943,Ventas al detalle (Retail),unknown,,50,False,sin señal de compra: unknown,"Hola, vi que en Papelería y Mercería Los Monitos destacan por su excelente atención y precios. Para facilitar las compras escolares y de mercería, una terminal para cobro con tarjeta te ayudará a no perder ventas. ¿Te comparto más detalles?",Papelería y mercería clasificada en artículos escolares y de oficina (MCC 5943).,2,5.0,trc_01M1DFHV0XAZFFD2N2HRYT68Z3,1.0
ChIJzeJ5RQCdYoYRETf3ZxqiLlc,LS Beauty Salon,Monterrey,"Hacienda Casa Grande 114, Privadas de las Villas, 66003 García, N.L., Mexico",81 2492 7097,https://www.instagram.com/ls_beauty_salon02?igsh=NnRoMTMxbDd1aWdt,7230,Salones de belleza,unknown,,50,False,sin señal de compra: unknown,"Hola, en LS Beauty Salon puedes ofrecer una mejor experiencia a tus clientes cobrando sus servicios de belleza con tarjeta. Con nuestra terminal recibes pagos al instante y sin complicaciones. ¿Te gustaría recibir más información hoy mismo?",Salón de belleza clasificado en el MCC 7230.,2,5.0,trc_01M1DFHV0XAZFFD2N2HRYT68Z3,1.0
ChIJnyLVosX_0YURcsQIaFQ1LWM,merceria la abejita rey,Ciudad de México,"Sur 101-A Mercado, Sector Popular, Popular, Iztapalapa, 09060 Ciudad de México, CDMX, Mexico",55 2971 4974,,5131,Ventas al detalle (Retail),unknown,,50,False,sin señal de compra: unknown,"Hola, tus clientes felicitan el gran surtido en Mercería La Abejita Rey. Con nuestra terminal punto de venta puedes cobrar con tarjeta y facilitar las compras de quienes buscan material completo. ¿Te gustaría conocer nuestras opciones para tu negocio?",Mercería clasificada en el MCC 5131.,9,4.4,trc_01M1DFHV0XAZFFD2N2HRYT68Z3,1.0
ChIJ1Ym-KtD70YURdE0-l61R-3k,Papeleria San Juan,Ciudad de México,"Pto. Cozumel 68, Héroes de Chapultepec, Gustavo A. Madero, 07939 Ciudad de México, CDMX, Mexico",55 5781 0902,,5943,Ventas al detalle (Retail),unknown,,50,False,sin señal de compra: unknown,"Hola, en Papeleria San Juan cuentas con amplia variedad de útiles escolares y de oficina. Aceptar pagos con tarjeta te permitirá facilitar compras grandes de listas escolares y aumentar tus cobros. ¿Te gustaría conocer nuestra terminal punto de venta?",Papelería con artículos escolares clasificada en el MCC 5943.,59,3.8,trc_01M1DFHV0XAZFFD2N2HRYT68Z3,1.0
ChIJPXDBjB4DzoURUhqmCdorWaQ,BARBERSHOP LATTICE,Ciudad de México,"Aquiles Serdán 4, Col. Santiago, Tláhuac, 13300 Ciudad de México, CDMX, Mexico",55 2749 3421,,7230,Salones de belleza,unknown,,50,False,sin señal de compra: unknown,"Hola, vi que tus clientes valoran mucho tus paquetes de corte y servicio de barberia. Si quieres facilitarles el pago y aumentar tu ticket promedio aceptando tarjetas de debito y credito, nuestra terminal es ideal para tu negocio. Cuentame si te interesa.",Barbería y peluquería clasificada en MCC 7230 sin evidencia directa sobre aceptación de tarjetas.,14,3.1,trc_01M1DFHV0XAZFFD2N2HRYT68Z3,1.0
ChIJrd0QgK8czoURt-YSvsdh5Qc,"Tlapaleria ""El Nacimiento''",Ciudad de México,"Av. Acueducto, Quiahuatla, Tláhuac, 13090 Ciudad de México, CDMX, Mexico",55 6964 8354,,5251,Refacciones y ferretería,unknown,,50,False,sin señal de compra: unknown,"Hola, vi las excelentes opiniones sobre los precios y atencion en tu tlapaleria. Para que tus clientes compren herramientas y materiales sin preocuparse por el efectivo, te ofrecemos una terminal para cobrar con tarjeta al instante. Te gustaria conocer los beneficios?",Tlapalería y ferretería minorista clasificada en MCC 5251 sin datos explícitos de cobro con tarjeta.,11,4.9,trc_01M1DFHV0XAZFFD2N2HRYT68Z3,1.0
ChIJsWW6rm0BzoURJK7B-MNQKVQ,Carnicería y tocinería LA CHIQUITA,Ciudad de México,"Constitucion de 1824 3, San Lorenzo la Cebada, Xochimilco, 16035 Ciudad de México, CDMX, Mexico",55 5544 3322,,5422,Misceláneos,unknown,,50,False,sin señal de compra: unknown,"Hola, vi las resenas sobre tu carniceria y tocineria en San Lorenzo la Cebada. Para agilizar el cobro de kilos de carne y compras grandes, una terminal para tarjetas te ayuda a no perder clientes que no traen efectivo. Te comparto los detalles.",Carnicería y tocinería asignada al MCC 5422 sin reporte específico de medios de pago.,9,4.2,trc_01M1DFHV0XAZFFD2N2HRYT68Z3,1.0
ChIJaU7QmKkHpE0Rwm4pGXrXw1o,"Polleria y Recauderia ""Del Recreo""",Ciudad de México,"Av. del Recreo 320, Tlazintla, Iztacalco, 08710 Ciudad de México, CDMX, Mexico",55 8186 3612,,5422,Misceláneos,unknown,,50,False,sin señal de compra: unknown,"Hola, en Pollería y Recaudería Del Recreo puedes cobrar con tarjeta de forma rápida para facilitar las compras de tus clientes. Con la terminal Konfío aceptas pagos con tarjeta sin complicaciones y construyes historial con tus ventas. ¿Te gustaría conocer cómo solicitarla?",Pollería y recaudería clasificada bajo MCC 5422 sin datos registrados de medios de pago.,1,5.0,trc_01M1DFHV0XAZFFD2N2HRYT68Z3,1.0
ChIJf9j-BbL70YURSaBF4qdfH6I,Recauderia El bosque,Ciudad de México,"Bosque de Cuba 1-Loc A, Bosques de Aragon, 57170 Cdad. Nezahualcóyotl, Méx., Mexico",55 1444 5344,,5422,Misceláneos,unknown,,50,False,sin señal de compra: unknown,"Hola, en Recaudería El Bosque tus clientes buscan fruta y verdura de temporada todos los días. Con la terminal Konfío puedes facilitar sus pagos con tarjeta y aumentar el ticket de compra en tu negocio. ¿Te interesa conocer las opciones que tenemos para ti?",Comercio de frutas y verduras clasificado bajo MCC 5422 sin registro de medios de pago.,40,3.3,trc_01M1DFHV0XAZFFD2N2HRYT68Z3,1.0
ChIJrwkrpCXj0YURNS1ZaKpcOLY,Barbería Montana's Barbers Arca de Noé,Ciudad de México,"Av Arca de Noe 62, Acuitlapilco, 56335 Chimalhuacán, Méx., Mexico",55 7853 3577,https://www.facebook.com/Montanas-Barbers-Arca-de-No%C3%A9-175113273400865,7230,Salones de belleza,unknown,,50,False,sin señal de compra: unknown,"Hola, vi las excelentes recomendaciones que tienen en Barbería Montana's por su atención y cortes. Facilitar el pago con tarjeta a tus clientes hace tu servicio aún más ágil y cómodo. En Konfío tenemos terminales diseñadas para negocios como el tuyo. ¿Platicamos?",Barbería con alto flujo de reseñas y clientes pero sin registro sobre aceptación de tarjetas.,98,4.4,trc_01M1DFHV0XAZFFD2N2HRYT68Z3,1.0
ChIJM3DgdM8ezoUR8R4ilipoLD0,Carnicería y Tocinería La Palomita,Ciudad de México,"Bodegas 12, Ejidal, 56604 Chalco de Díaz Covarrubias, Méx., Mexico",55 6582 5776,,5422,Misceláneos,unknown,,50,False,sin señal de compra: unknown,"Hola, vi las excelentes opiniones sobre la calidad de su carne en Carnicería La Palomita. Ofrecer cobro con tarjeta permite a tus clientes realizar compras más grandes sin preocuparse por traer efectivo. En Konfío te apoyamos con una terminal sencilla. ¿Te interesa?",Carnicería popular en su zona sin información disponible sobre métodos de cobro digital.,28,4.9,trc_01M1DFHV0XAZFFD2N2HRYT68Z3,1.0
ChIJm62FLzMczoURr_p7VT1T0q8,Consultorio médico de Similares,Ciudad de México,"Av. del Mazo Mz 631 Lt 104, Independiente, Independencia, 56617 Valle de Chalco Solidaridad, Méx., Mexico",800 911 6666,,8011,Médicos y dentistas,unknown,,50,False,sin señal de compra: unknown,"Hola, vi las opiniones de tus pacientes en Consultorio médico de Similares. Con la terminal Konfío puedes cobrar consultas con tarjeta de débito o crédito sin complicaciones y hacer crecer tu negocio. ¿Te gustaría conocer nuestras opciones?",Consultorio médico clasificado bajo el catálogo en MCC 8011 sin datos explícitos de medios de pago.,5,2.0,trc_01M1DFHV0XAZFFD2N2HRYT68Z3,1.0
ChIJK3VHFkgdzoURJGK1HC0HuRo,Consultorio Dental,Ciudad de México,"Av.. Leona Vicario, Calle Ote 3 esq, Independencia, 56617 Valle de Chalco Solidaridad, Méx., Mexico",55 3361 8704,,8011,Médicos y dentistas,unknown,,50,False,sin señal de compra: unknown,"Hola, tus pacientes destacan tu atención y precios accesibles en Consultorio Dental. Acepta cobros con tarjeta de débito y crédito con la terminal Konfío para ofrecer más opciones de pago. ¿Te comparto los detalles?",Consultorio dental clasificado en MCC 8011 sin reporte de medios de pago.,4,5.0,trc_01M1DFHV0XAZFFD2N2HRYT68Z3,1.0
ChIJBwsv8pT10YURDq3Ew6hM614,Cremeria La Mexicana,Ciudad de México,"Av San Antonio 19, San Bartolo, 54800 Tultitlán de Mariano Escobedo, Méx., Mexico",55 5888 1515,,5451,Ventas al detalle (Retail),unknown,,50,False,sin señal de compra: unknown,"Hola, tus clientes valoran la frescura de tus carnes frías en Cremeria La Mexicana. Con la terminal Konfío puedes aceptar cobros con tarjeta y aumentar tus ventas diarias de manera sencilla. ¿Te gustaría saber cómo funciona?",Cremería y venta de lácteos clasificada en MCC 5451 sin información de medios de pago.,11,4.5,trc_01M1DFHV0XAZFFD2N2HRYT68Z3,1.0
ChIJpSgOLQD10YURjGCj4GSSJZ4,Tacos Gaby,Ciudad de México,"Calle Ignacio Comonfort s/n, San Juan, 54900 Tultitlán de Mariano Escobedo, Méx., Mexico",55 5185 8070,,5814,Comida Rápida,unknown,,50,False,sin señal de compra: unknown,"Hola, en Tacos Gaby puedes facilitar el consumo de tus clientes aceptando pagos con tarjeta de débito y crédito con la terminal Konfío, sin complicaciones en tu negocio. ¿Te gustaría conocer la terminal?",Taquería y comida preparada para consumo inmediato clasificada en MCC 5814.,1,5.0,trc_01M1DFHV0XAZFFD2N2HRYT68Z3,1.0
ChIJhRUIO2y1KIQRnY4d_WXAE00,Baffi barberia,Guadalajara,"Herrera y Cairo 52-A, El Rosario, 45404 Tonalá, Jal., Mexico",33 4718 8459,,7230,Salones de belleza,unknown,,50,False,sin señal de compra: unknown,"Hola, vi las excelentes recomendaciones de Baffi barberia por su gran atención y cortes. Si buscas una mejor opción para cobrar con tarjeta a tus clientes y no depender del efectivo, en Konfío te ayudamos con terminales fáciles de usar. ¿Platicamos?",Barbería popular con alto volumen de opiniones y sin registro de medios de pago.,113,4.9,trc_01M1DFHV0XAZFFD2N2HRYT68Z3,1.0
ChIJ16t2OP9LL4QRCx8DrLoQDNo,Pasteles Nena,Guadalajara,"Jesús García 24, Centro, 45680 El Salto, Jal., Mexico",33 2045 7748,,5441,Ventas al detalle (Retail),unknown,,50,False,sin señal de compra: unknown,"Hola, vi las reseñas tan positivas sobre los postres de Pasteles Nena en El Salto. Para pedidos especiales y pasteles de eventos, ofrecer pago con tarjeta te ayuda a asegurar ventas de mayor monto. En Konfío te apoyamos con terminales fáciles de usar. ¿Platicamos?",Pastelería con buenas opiniones y potencial para cobros de montos mayores.,15,4.9,trc_01M1DFHV0XAZFFD2N2HRYT68Z3,1.0
ChIJdTyt5ExRL4QRaQGKzc67v_k,Cordoba's Barber Shop,Guadalajara,"Cam. Antiguo 2, Hacienda de Los Eucaliptos, 45640 Galaxia la Noria, Jal., Mexico",33 1323 0965,,7230,Salones de belleza,unknown,,50,False,sin señal de compra: unknown,"Hola, veo que tienes muy buenas recomendaciones por tus servicios y productos de cuidado de barba en Cordoba's Barber Shop. Con una terminal Konfío puedes cobrar citas y productos directamente con tarjeta. ¿Te gustaría conocer nuestras comisiones?",Barbería con venta de productos adicionales sin mención explícita de terminal.,32,4.8,trc_01M1DFHV0XAZFFD2N2HRYT68Z3,1.0
ChIJSVENiAnsYoYRZkCOis4GVYM,ESTETICA UNISEX Y SPA Vero Silva,Monterrey,"José María Morelos y Pavón # 302, Cabecera Municipal (Apodaca), Apodaca Centro, 66600 Cdad. Apodaca, N.L., Mexico",81 8799 0014,,7230,Salones de belleza,unknown,,50,False,sin señal de compra: unknown,"Hola Vero, vi las excelentes opiniones sobre tus trabajos de color y corte en Apodaca. En Konfío te ayudamos a equipar tu estética con una terminal para que tus clientas paguen fácilmente con tarjeta. ¿Te gustaría revisar cómo funciona?",Salón de belleza y estética con clientela frecuente sin medios de pago especificados.,39,4.6,trc_01M1DFHV0XAZFFD2N2HRYT68Z3,1.0
ChIJL6rjGZLDYoYR4n69TnDhX7o,PAPELERIA BURGOS,Monterrey,"Villa Juárez 68, 67256 Cdad. Benito Juárez, N.L., Mexico",81 1821 6644,,5943,Ventas al detalle (Retail),unknown,,50,False,sin señal de compra: unknown,"Hola, vi las buenas recomendaciones de Papelería Burgos y su práctico servicio por WhatsApp. En Konfío te ofrecemos una terminal para cobrar con tarjeta útiles, copias e impresiones al instante. ¿Te gustaría conocer nuestra propuesta?",Papelería con flujo constante de pedidos sin método de cobro con tarjeta reportado.,32,4.8,trc_01M1DFHV0XAZFFD2N2HRYT68Z3,1.0
ChIJm_IP4TkDzoURZRUFfqa5AQo,Barbería El Pelukas,Ciudad de México,"Palmitas No-32, Palmitas, Iztapalapa, 09670 Ciudad de México, CDMX, Mexico",55 1817 0085,,7230,Salones de belleza,unknown,,50,False,sin señal de compra: unknown,"Hola, vi que en Barberia El Pelukas atienden muchos cortes de cabello y barba. Con una terminal Konfio puedes ofrecer cobro con tarjeta a tus clientes para brindarles mayor comodidad al pagar.",Barbería con alto volumen de clientes sin datos de aceptación de tarjeta.,75,4.5,trc_01M1DFHV0XAZFFD2N2HRYT68Z3,1.0
ChIJ59N8bGn50YURbdV2whTMD1U,Estética D' Karina,Ciudad de México,"Ote 91 2713, Emiliano Zapata, Gustavo A. Madero, 07889 Ciudad de México, CDMX, Mexico",55 0000 0000,,7230,Salones de belleza,unknown,,50,False,sin señal de compra: unknown,"Hola, noté que en Estética D' Karina tienen excelentes opiniones por sus cortes y atención. Para que tus clientes paguen cómodamente con tarjeta sus servicios de estilismo, una terminal Konfío te ayuda a cobrar fácil. Te comparto la información.",Estética con clientela frecuente y sin datos registrados sobre aceptación de tarjeta.,58,4.7,trc_01M1DFHV0XAZFFD2N2HRYT68Z3,1.0
ChIJZVNWzeb50YURiXt2SV6OSTE,Goose barber,Ciudad de México,"FC Hidalgo 1138, Col. Estrella, Gustavo A. Madero, 07810 Ciudad de México, CDMX, Mexico",55 5456 0305,,7230,Salones de belleza,unknown,,50,False,sin señal de compra: unknown,"Hola, vi la gran atención y servicio de citas que ofrecen en Goose barber. Si buscas facilitar el pago de cortes y cuidado de barba con tarjeta, en Konfío te ofrecemos terminales prácticas y confiables. Te paso detalles.",Barbería concurrida con sistema de citas y sin confirmación de métodos de cobro digital.,35,4.6,trc_01M1DFHV0XAZFFD2N2HRYT68Z3,1.0
ChIJMQUk13oDzoURAlLZAdD5RP4,Pollos asados El azadero,Ciudad de México,"Av. Tlahuac 6638, Santiago Centro, Tláhuac, 13300 Ciudad de México, CDMX, Mexico",55 2410 1324,,5814,Comida Rápida,unknown,,50,False,sin señal de compra: unknown,"Hola, leí excelentes opiniones sobre el pollo a la diabla y el servicio a domicilio de Pollos asados El azadero. Con una terminal Konfío puedes cobrar con tarjeta tanto en local como contra entrega. Te cuento cómo adquirirla.",Restaurante de comida rápida y pollos con entrega a domicilio sin datos de pago con tarjeta.,5,5.0,trc_01M1DFHV0XAZFFD2N2HRYT68Z3,1.0
ChIJg-9nyzMDzoUR5h-Hy3MWQco,"""San Miguel"" Barber Shop",Ciudad de México,"La Africana 6, Miguel Hidalgo, Tláhuac, 13200 Ciudad de México, CDMX, Mexico",55 8776 7488,https://www.instagram.com/sanmiguel_barber_shop?igsh=Z2JtMHFsYmtmbXVn,7230,Salones de belleza,unknown,,50,False,sin señal de compra: unknown,"Hola, vi las excelentes recomendaciones sobre la calidad y el servicio de San Miguel Barber Shop. Para que tus clientes puedan pagar sus cortes y servicios con tarjeta, una terminal Konfío es la mejor opción. Te comparto la información.",Barbería con alta calificación y clientela satisfecha sin datos de cobro con tarjeta.,38,5.0,trc_01M1DFHV0XAZFFD2N2HRYT68Z3,1.0
ChIJow0LL1YDzoURp84qzPdGhBk,Cande,Ciudad de México,"Prolongación, C. Simón Saldaña 16, Cerrillos, Xochimilco, 16780 Ciudad de México, CDMX, Mexico",55 3504 3467,,5422,Misceláneos,unknown,,50,False,sin señal de compra: unknown,"Hola, vi que en Cande tienes gran surtido para tus clientes en Xochimilco. Si buscas cobrar con tarjeta de forma rapida y sin complicaciones para no perder ventas, te muestro nuestra terminal Konfio. ¿Te gustaria conocer las tarifas?",Miscelánea con comentarios sobre variedad de productos sin información de métodos de pago.,10,4.7,trc_01M1DFHV0XAZFFD2N2HRYT68Z3,1.0
ChIJsS52mEEBzoUR8NidNA1bDMw,Estética Unisex DIANA,Ciudad de México,"Av. Guadalupe I. Ramírez 464, Tierra Nueva, Xochimilco, 16050 Ciudad de México, CDMX, Mexico",55 5641 9331,,7230,Salones de belleza,unknown,,50,False,sin señal de compra: unknown,"Hola, en Estetica Unisex DIANA manejan servicios como maquillaje y corte. Con la terminal Konfio puedes ofrecer cobro con tarjeta a tus clientes para facilitarles el pago y aumentar tu ticket promedio. ¿Te gustaria recibir informes de la terminal?",Estética con reseñas de servicios de belleza pero sin evidencia concreta de medios de pago.,97,3.9,trc_01M1DFHV0XAZFFD2N2HRYT68Z3,1.0
ChIJFbQM3m4BzoURgLlLykiucAk,MAFIA BARBER SHOP XOCHIMILCO,Ciudad de México,"Av. Guadalupe I. Ramírez 266, San Marcos, Xochimilco, 16050 Ciudad de México, CDMX, Mexico",56 1507 3099,,7230,Salones de belleza,unknown,,50,False,sin señal de compra: unknown,"Hola, vi las buenas recomendaciones que tiene Aldair en Mafia Barber Shop Xochimilco. Para que tus clientes paguen comodamente sus cortes con tarjeta, te ofrezco la terminal Konfio, rapida y sencilla de usar. ¿Te gustaria ver como funciona?",Barbería con clientela frecuente y sin registro de medios de pago.,64,4.4,trc_01M1DFHV0XAZFFD2N2HRYT68Z3,1.0
ChIJkTRuOnX90YURsJl0vtHwEHA,"Tortillería ""nissi""",Ciudad de México,"Amanecer Ranchero 8, Benito Juárez, 57000 Cdad. Nezahualcóyotl, Méx., Mexico",55 7673 9466,,5422,Misceláneos,confirmed_no_card,campo de Google: solo efectivo,50,True,,"Hola, notamos que en Tortilleria nissi actualmente solo reciben efectivo. Con la terminal Konfio puedes cobrar con tarjeta a tus clientes de manera rapida y sin complicaciones en mostrador. ¿Te comparto los detalles para empezar a aceptar pagos digitales?",Tortilleria que opera solo en efectivo pero con poco historial de clientes en linea.,1,5.0,trc_01M1DHHXTHDDBWSFK9FJN1PV33,1.0
ChIJoYxdkAP10YUR7OY9uoXkWV0,Miscelanea La Guadalupana,Ciudad de México,"Jaime Torres Bodet 76, San Bartolo, 54900 Tultitlán de Mariano Escobedo, Méx., Mexico",56 1302 2827,,5422,Misceláneos,confirmed_no_card,campo de Google: solo efectivo,50,True,,"Hola, vi que en Miscelanea La Guadalupana únicamente aceptas efectivo. Con una terminal Konfío puedes ofrecer cobro con tarjeta y dar más alternativas a tus clientes.",Miscelánea pequeña que opera únicamente con efectivo.,2,5.0,trc_01M1DHHXTHDDBWSFK9FJN1PV33,1.0
ChIJjfRiq3CzKIQRxsJy9NzoLCI,Tortillería de harina la Abuela,Guadalajara,"C. Antonio Álvarez Esparza, Emiliano Zapata, 45628 San Pedro Tlaquepaque, Jal., Mexico",33 3492 4225,,5422,Misceláneos,confirmed_no_card,campo de Google: solo efectivo,50,True,,"Hola, vi que en Tortillería de harina la Abuela solo aceptas efectivo. Con una terminal Konfío puedes aceptar pagos con tarjeta de débito y crédito fácilmente, aumentar tus ventas de mostrador y construir historial para hacer crecer tu negocio. ¿Te gustaría conocer nuestras opciones?",Tortillería que opera únicamente con efectivo según el campo estructurado de Google.,4,4.8,trc_01M1DHHXTHDDBWSFK9FJN1PV33,1.0
ChIJFeCV8kQDzoUR3XXnFN2AndA,tortillería Los Reyes,Ciudad de México,"Av 5 de Mayo 1, Los Ángeles Apanoaya, Iztapalapa, 09710 Ciudad de México, CDMX, Mexico",55 6666 4203,,5422,Misceláneos,confirmed_no_card,campo de Google: solo efectivo,50,True,,"Hola, noté que en tortillería Los Reyes solo recibes pagos en efectivo. Si integras una terminal Konfío podrás aceptar cobros con tarjeta, facilitar la compra a tus clientes y respaldar tus ventas con historial. ¿Te gustaría saber cómo funciona?",Tortillería registrada que solo acepta efectivo según datos de Google.,4,4.8,trc_01M1DHHXTHDDBWSFK9FJN1PV33,1.0
ChIJs1vwdHsBzoUROOGzBQziOb4,Miscelánea Lalito,Ciudad de México,"Cto. Cuemanco Sur 4, Barrio 18, Xochimilco, 16034 Ciudad de México, CDMX, Mexico",55 5676 1419,,5422,Misceláneos,confirmed_no_card,campo de Google: solo efectivo,50,True,,"Hola, vi que en Miscelánea Lalito solo cobras en efectivo. Con una terminal Konfío puedes aceptar pagos con tarjeta a tus clientes, aumentar el ticket de compra y generar historial con tu facturación. ¿Te interesa conocer las comisiones?",Miscelánea que opera exclusivamente en efectivo.,3,3.3,trc_01M1DHHXTHDDBWSFK9FJN1PV33,1.0
ChIJNzuPFXrj0YURXwsvgYW8SDQ,Cocina Economica,Ciudad de México,"Av. Manuel Alas 15, Plateros, 56356 Chimalhuacán, Méx., Mexico",55 1128 9691,,5812,Restaurantes,confirmed_no_card,campo de Google: solo efectivo,50,True,,"Hola, noté que en tu cocina económica manejas únicamente cobros en efectivo. Con una terminal Konfío puedes ofrecer pago con tarjeta a tus comensales y elevar tu ticket promedio diario.",Establecimiento de comida corrida / cocina económica registrado con solo efectivo.,1,4.0,trc_01M1DHHXTHDDBWSFK9FJN1PV33,1.0
ChIJTR4g4iTj0YURlovk-ugo8H4,Cocina Económica Rosy,Ciudad de México,"Amanecer Ranchero 215, Benito Juárez, 57000 Cdad. Nezahualcóyotl, Méx., Mexico",55 4710 9813,,5812,Restaurantes,confirmed_no_card,campo de Google: solo efectivo,50,True,,"Hola, vi que en Cocina Economica Rosy solo reciben efectivo. Con la terminal Konfio puedes aceptar pagos con tarjeta de manera simple y empezar a crear historial con tu facturacion. Te gustaria probarla?",Cocina economica con bajo volumen pero confirmada solo efectivo.,3,4.7,trc_01M1DHHXTHDDBWSFK9FJN1PV33,1.0
ChIJBTQTNLb40YURuuMjMTaak0M,MISCELANEA LA GUADALUPANA,Monterrey,"Quetzalcoatl 57, Tlaxpana, Miguel Hidalgo, 11370 Ciudad de México, CDMX, Mexico",55 5535 2290,,5422,Misceláneos,confirmed_no_card,campo de Google: solo efectivo,50,True,,"Hola, veo que en Miscelánea La Guadalupana únicamente aceptan efectivo. Al integrar una terminal Konfío podrás cobrar con tarjeta a los vecinos y asegurar más ventas diarias. ¿Te gustaría conocer nuestra terminal?",Miscelánea tradicional que reporta operar únicamente en efectivo.,2,1.0,trc_01M1DHHXTHDDBWSFK9FJN1PV33,1.0
ChIJ_alPmi0dzoURDALzXrosvJA,"Miscelanea ""La Ranita""",Ciudad de México,"Unnamed Road, Tláhuac, 13100 Ciudad de México, CDMX, Mexico",55 4681 4260,,5422,Misceláneos,confirmed_no_card,campo de Google: solo efectivo,50,True,,"Hola, vi que en Miscelanea La Ranita únicamente manejan pagos en efectivo. Si agregas una terminal Konfío podrás aceptar pagos con tarjeta de débito y crédito fácilmente, atrayendo más ventas del día y generando historial comercial. ¿Te gustaría conocer las tarifas?",Tienda miscelánea de abarrotes con confirmación de cobro exclusivo en efectivo.,9,4.9,trc_01M1DHHXTHDDBWSFK9FJN1PV33,1.0
ChIJwfX5NMH90YURwmqdputc17M,Miscelanea la Chiquis,Ciudad de México,"Av. Pantitlán 425-MZ 014, Evolucion, 57700 Cdad. Nezahualcóyotl, Méx., Mexico",56 1372 1787,,5422,Misceláneos,confirmed_no_card,campo de Google: solo efectivo,50,True,,"Hola, vi que en Miscelánea la Chiquis actualmente solo cobran en efectivo. Con una terminal Konfío puedes aceptar tarjetas de débito y crédito sin mínimos de venta y sin complicaciones. ¿Te gustaría conocer cómo adquirirla?",Miscelánea local con cobro exclusivo en efectivo.,1,5.0,trc_01M1DHHXTHDDBWSFK9FJN1PV33,1.0
ChIJ3yAgDirx0YURbzotbXBBKBw,Tortillería Olguín,Ciudad de México,"San Agustín tercera sección Calle santa Rita, C. Sur 32 esquina, San Agustin 3ra Secc B, 55130 Ecatepec de Morelos, Méx., Mexico",55 4651 2053,,5422,Misceláneos,confirmed_no_card,campo de Google: solo efectivo,50,True,,"Hola, en Tortillería Olguín noté que solo reciben efectivo. Con la terminal Konfío puedes cobrar con tarjeta de forma fácil y rápida, evitando perder ventas cuando los clientes no traen efectivo. ¿Te gustaría conocer nuestras opciones?",Tortillería que opera exclusivamente con efectivo según datos de Google.,1,5.0,trc_01M1DHHXTHDDBWSFK9FJN1PV33,1.0
ChIJTzPzOcodzoURaEAkFX7rGJM,"Cocina Económica "" GONZALEZ""",Ciudad de México,"Calle Nte 2 MZ. 1135, Santa Cruz, 56617 Valle de Chalco Solidaridad, Méx., Mexico",55 3440 0094,,5812,Restaurantes,confirmed_no_card,campo de Google: solo efectivo,50,True,,"Hola, vi que en Cocina Económica González ofrecen ricos platillos pero solo manejan efectivo. Con la terminal Konfío puedes aceptar pagos con tarjeta fácilmente y facilitar la cuenta a tus clientes. ¿Te gustaría conocer el equipo?",Cocina económica con método exclusivo de pago en efectivo.,1,5.0,trc_01M1DHHXTHDDBWSFK9FJN1PV33,1.0
ChIJV7DHkRJTL4QRPCdCLqob69k,Tortilleria San Sebastian,Guadalajara,"C. Guerrero 127, Centro, 45650 San Sebastián el Grande, Jal., Mexico",33 1134 6402,,5422,Misceláneos,confirmed_no_card,campo de Google: solo efectivo,50,True,,"Hola, noté que en Tortillería San Sebastián solo reciben efectivo. Con la terminal Konfío puedes aceptar tarjetas de débito y crédito al instante, facilitando el cobro en mostrador. ¿Te gustaría conocer los detalles y costos?",Tortillería local con cobro exclusivo en efectivo.,2,5.0,trc_01M1DHHXTHDDBWSFK9FJN1PV33,1.0
ChIJH9SBHyYczoURuvQ1HXL15KM,MISCELÁNEA Santa Fe,Ciudad de México,"Calle Nte 10 Manzana 017 Mz1076 Lt11, San Isidro, 56617 Valle de Chalco Solidaridad, Méx., Mexico",55 2524 7516,,5422,Misceláneos,confirmed_no_card,campo de Google: solo efectivo,50,True,,"Hola, vi que en Miscelánea Santa Fe solo aceptas efectivo. Con una terminal Konfío puedes empezar a aceptar tarjetas de débito y crédito de inmediato, cobrando sin complicaciones y aumentando tus ventas diarias. ¿Te gustaría conocer nuestras comisiones y terminales?",Comercio de abarrotes y miscelánea que únicamente acepta efectivo según sus datos de Google.,3,1.7,trc_01M1DHHXTHDDBWSFK9FJN1PV33,1.0
ChIJzxvqL8P10YURBmTW2CvUH5c,Miscelánea La Perita,Ciudad de México,"C. Lago Seco Manzana 018, Cueyamil, 54918 Tultitlán de Mariano Escobedo, Méx., Mexico",56 5669 1530,,5422,Misceláneos,confirmed_no_card,campo de Google: solo efectivo,50,True,,"Hola, noté que en Miscelánea La Perita manejas cobros únicamente en efectivo. Si integras una terminal Konfío podrás aceptar pagos con tarjeta, evitando perder clientes que no traen efectivo y haciendo crecer tu negocio. ¿Te interesa ver cómo funciona?",Miscelánea con registro de operar solo en efectivo.,3,4.7,trc_01M1DHHXTHDDBWSFK9FJN1PV33,1.0
ChIJQ1AHMzmyKIQR2orqfmTT_pw,Merceria Alex,Guadalajara,"Río Mascota 1715, Atlas, 44871 Guadalajara, Jal., Mexico",33 3992 7549,,5131,Ventas al detalle (Retail),confirmed_no_card,campo de Google: solo efectivo,50,True,,"Hola, vi que en Mercería Alex tus cobros son únicamente en efectivo. Al sumar una terminal Konfío podrás aceptar pagos con tarjeta de débito y crédito, facilitando las compras de tus clientes y aumentando tus ventas. ¿Te comparto los detalles de nuestras terminales?",Mercería con medio de pago confirmado como solo efectivo.,3,4.0,trc_01M1DHHXTHDDBWSFK9FJN1PV33,1.0
ChIJ4egUiXYCzoURUvQGN2k6kbU,MISCELANEA LA VENTANITA,Ciudad de México,"Av. Puente Ramírez 28, San Juan, Iztapalapa, 09830 Ciudad de México, CDMX, Mexico",55 5612 0085,,5422,Misceláneos,confirmed_no_card,campo de Google: solo efectivo,50,True,,"Hola, vi que en Miscelánea La Ventanita aceptas solo efectivo. Con una terminal Konfío puedes recibir pagos con tarjeta de débito y crédito, permitiendo que tus clientes compren más sin preocuparse por traer cambio. ¿Te interesa conocer las comisiones que ofrecemos?",Miscelánea con medio de pago confirmado como solo efectivo.,5,4.4,trc_01M1DHHXTHDDBWSFK9FJN1PV33,1.0
ChIJp27BQB4DzoURBi-w8Vt89Aw,Miscelánea,Ciudad de México,"Av. Independencia 86, Santiago Nte., Tláhuac, 13300 Ciudad de México, CDMX, Mexico",56 1825 5028,,5422,Misceláneos,confirmed_no_card,campo de Google: solo efectivo,50,True,,"Hola, vi que en Miscelánea manejas cobros solo en efectivo. Con la terminal de Konfío puedes empezar a aceptar tarjetas de débito y crédito sin trámites complicados y aumentar tus ventas diarias. Te ayuda además a construir historial para tu negocio. ¿Te gustaría conocer nuestras comisiones?",Miscelánea de abarrotes registrada con cobro exclusivo en efectivo.,,,trc_01M1DHHXTHDDBWSFK9FJN1PV33,1.0
ChIJQZiM0q8ezoURLC1QwlPmWuA,Miscelánea Laura,Ciudad de México,"C. Amapola Mz.39 Lot.3, Jardines de Chalco, 56607 Chalco de Díaz Covarrubias, Méx., Mexico",15538785116,,5422,Misceláneos,confirmed_no_card,campo de Google: solo efectivo,50,True,,"Hola, vi que en Miscelánea Laura actualmente solo aceptas efectivo. Aceptar pagos con tarjeta mediante la terminal Konfío te ayuda a no perder clientes y a registrar más ventas día con día. ¿Te mando una cotización rápida?",Miscelánea con información directa de aceptación exclusiva de efectivo.,,,trc_01M1DHHXTHDDBWSFK9FJN1PV33,1.0
ChIJ48jOEhr90YURB4SfpQAHD54,Nordica Barberia,Ciudad de México,"Campaña del Ébano Lote 51, U.H. Vicente Guerrero, Iztapalapa, 09200 Ciudad de México, CDMX, Mexico",55 6575 4620,,7230,Salones de belleza,unknown,,45,False,sin señal de compra: unknown,"Hola Carlos, veo las excelentes opiniones del servicio en Nórdica Barbería. Si aún no aceptas tarjeta en tus cortes, con una terminal Konfío puedes cobrar fácil y rápido a tus clientes, haciendo crecer las ventas de tu negocio. ¿Te platico cómo funciona?",Barbería con buen volumen de reseñas sin información estructurada de pagos.,44,4.8,trc_01M1DFHV0XAZFFD2N2HRYT68Z3,1.0
ChIJpQc1QwD90YURGvz4FBtEx6c,Exclusive barbers,Ciudad de México,"Av. Nezahualcóyotl 174, col. Raúl Romero, 57630 Cdad. Nezahualcóyotl, Méx., Mexico",55 5285 0790,,7230,Salones de belleza,unknown,,45,False,sin señal de compra: unknown,"Hola, felicidades por las excelentes reseñas de Exclusive barbers. Para que tus clientes paguen sus cortes y servicios todavía más fácil con tarjeta, la terminal Konfío te ofrece comisiones claras y cobro ágil. ¿Te comparto más detalles?",Barbería con excelente reputación pero sin datos explícitos sobre aceptación de tarjeta.,101,5.0,trc_01M1DFHV0XAZFFD2N2HRYT68Z3,1.0
ChIJidaNLA3u0YUR01TS7fulWmU,CAMPEÓN AVICOLA,Ciudad de México,"Camino venta de carpio 3, Manzana 013, San Isidro Atlautenco, 55064 Ecatepec de Morelos, Méx., Mexico",55 2889 6661,,5811,Ventas al detalle (Retail),unknown,,45,False,sin señal de compra: unknown,"Hola, en CAMPEÓN AVICOLA manejan un gran volumen de venta de pollo para negocios y familias. Con la terminal Konfío puedes facilitar cobros con tarjeta en pedidos grandes y asegurar tus transacciones al instante. ¿Te gustaría recibir informes?",Distribuidora avícola de pollo al por mayor y menor sin datos de cobro con tarjeta.,116,4.4,trc_01M1DFHV0XAZFFD2N2HRYT68Z3,1.0
ChIJZ2foWQD70YURLWzZZxhhPLo,Consultorio dental,Ciudad de México,"Calle Batalla Puente De Las Cruces 103, Mexico Independiente, 55245 Ecatepec de Morelos, Méx., Mexico",55 6860 8500,,8011,Médicos y dentistas,unknown,,45,False,sin señal de compra: unknown,"Hola Doctora, para los tratamientos de ortodoncia y consultas en su consultorio dental, ofrecer pago con tarjeta facilita que sus pacientes inicien tratamientos de mayor valor. Con la terminal Konfío cobras de forma práctica y segura. ¿Te gustaría ver detalles?",Consultorio dental de práctica privada sin información pública de medios de pago.,2,5.0,trc_01M1DFHV0XAZFFD2N2HRYT68Z3,1.0
ChIJa9pgPgDj0YURDDDE28IDDRg,The Black Room Studio,Ciudad de México,"Av Patos Manzana 029 Lote 15, Herreros, 56334 Chimalhuacán, Méx., Mexico",55 2496 2790,https://theblackroomstudio.lovable.app/,7230,Salones de belleza,unknown,,45,False,sin señal de compra: unknown,"Hola, vi las calificaciones perfectas de The Black Room Studio por sus cortes y masajes faciales. Con una terminal Konfío puedes cobrar servicios y paquetes con tarjeta, facilitando el pago a tus clientes.",Barbería sin información de medios de pago ni mención en reseñas.,21,5.0,trc_01M1DFHV0XAZFFD2N2HRYT68Z3,1.0
ChIJW6DjWwAfzoUROBH4gtymDsc,Barber Turcio,Ciudad de México,"Av. López Mateos Manzana 031, Nueva San Isidro, 56605 Chalco de Díaz Covarrubias, Méx., Mexico",56 1182 9811,,7230,Salones de belleza,unknown,,45,False,sin señal de compra: unknown,"Hola, vi las excelentes recomendaciones y el buen servicio en Barber Turcio. Con la terminal Konfío puedes ofrecer cobros con tarjeta a todos tus clientes, mejorando su experiencia al pagar sus cortes de cabello.",Barbería con buena calificación pero sin señales de medios de pago.,51,5.0,trc_01M1DFHV0XAZFFD2N2HRYT68Z3,1.0
ChIJy8SIbLOzKIQRlOR4p7KYNDE,MERCERÍA TERE ARREGLOS DE ROPA Y BROCHES,Guadalajara,"C. Herrera y Cairo 69-A, Centro, 45500 San Pedro Tlaquepaque, Jal., Mexico",33 1337 7389,,5131,Ventas al detalle (Retail),unknown,,45,False,sin señal de compra: unknown,"Hola, vi el excelente surtido en hilos y arreglos de ropa en Mercería Tere. Para que tus clientes paguen fácil al recoger sus prendas, te ofrezco una terminal Konfío sin rentas mensuales para aceptar todas las tarjetas y hacer crecer tu negocio.",Mercería y taller de arreglos de ropa sin información explícita de métodos de pago.,10,4.9,trc_01M1DFHV0XAZFFD2N2HRYT68Z3,1.0
ChIJl2bFUQDBYoYRFibKnH89UqQ,Consultorio Dental Dr Luis Mellado,Monterrey,"Marco Tulio 3309, Camino Real, 67170 Guadalupe, N.L., Mexico",81 8137 9587,,8011,Médicos y dentistas,unknown,,45,False,sin señal de compra: unknown,"Hola Dr. Luis, tus pacientes valoran la excelente atención en tratamientos y urgencias dentales. Aceptar tarjetas de crédito y débito o meses sin intereses les facilita pagar procedimientos de mayor monto y hace crecer tu consultorio. ¿Te gustaría conocer nuestra terminal punto de venta?",Consultorio dental con buena reputación pero sin registro de medios de pago disponibles.,46,5.0,trc_01M1DFHV0XAZFFD2N2HRYT68Z3,1.0
ChIJKTrBI1frYoYRcli4uIQQyac,La Fondita,Monterrey,"Av. Los Fresnos #636, Fresnos II, 66635 Cdad. Apodaca, N.L., Mexico",81 3087 7763,,5812,Restaurantes,unknown,,45,False,sin señal de compra: unknown,"Hola, en La Fondita cuentas con un menú variado muy pedido para llevar en Apodaca. Implementar cobros con tarjeta en mostrador facilita el despacho rápido y mejora la atención a tus clientes. ¿Te gustaría conocer opciones de terminales para agilizar tus cobros diarios?",Restaurante mexicano sin datos estructurados de métodos de pago.,83,3.8,trc_01M1DFHV0XAZFFD2N2HRYT68Z3,1.0
ChIJu8eYYQD70YURDWQm1yhl0s0,Fonda económica,Ciudad de México,"Pto. Cozumel 22, Héroes de Chapultepec, Gustavo A. Madero, 07930 Ciudad de México, CDMX, Mexico",55 9710 3100,,5812,Restaurantes,unknown,,45,False,sin señal de compra: unknown,"Hola, qué gran sazón tienen en tu fonda en Héroes de Chapultepec. Para que más comensales disfruten tus platillos y postres sin preocuparse por traer efectivo, una terminal Konfío te permite aceptar tarjeta al instante. ¿Te interesa recibir información?",Fonda o restaurante pequeño con volumen bajo y sin datos de cobro.,5,5.0,trc_01M1DFHV0XAZFFD2N2HRYT68Z3,1.0
ChIJkSSDte3-0YUR_GVNBX3VPLE,Recaudería Coruña,Ciudad de México,"Sur 75 4404, Viaducto Piedad, Iztacalco, 08200 Ciudad de México, CDMX, Mexico",55 5440 0566,,5422,Misceláneos,unknown,,45,False,sin señal de compra: unknown,"Hola, vi que en Recaudería Coruña manejan entregas a domicilio y gran variedad de productos frescos. Con una terminal Konfío puedes cobrar con tarjeta al entregar o en mostrador, aumentando tu ticket promedio y ventas diarias. ¿Te gustaría conocer nuestras opciones?",Recaudería y abarrotes con servicio a domicilio sin información confirmada de medios de pago.,38,4.2,trc_01M1DFHV0XAZFFD2N2HRYT68Z3,1.0
ChIJT4qxPQAdzoURiO4I0MzcMKo,REFACCIONARIA VAZQUEZ,Ciudad de México,"Nte 29 102, Independencia, 56617 Valle de Chalco Solidaridad, Méx., Mexico",55 1228 7296,,5533,Refacciones y ferretería,unknown,,45,False,sin señal de compra: unknown,"Hola, vi que en REFACCIONARIA VAZQUEZ vendes refacciones como clutch y autopartes. Con la terminal Konfío puedes ofrecer cobros con tarjeta y meses sin intereses en piezas de mayor costo para cerrar más ventas fácilmente.",Refaccionaria con venta de autopartes y sin información confirmada de métodos de pago.,6,3.5,trc_01M1DFHV0XAZFFD2N2HRYT68Z3,1.0
ChIJ60kwC7tLL4QRY21mtlIs8wE,Costureritas Telas y Mercería,Guadalajara,"Calle Ignacio Allende 40, Centro, 45680 El Salto, Jal., Mexico",33 3499 8090,https://www.facebook.com/share/1G9Qitb2qS/,5949,Ventas al detalle (Retail),unknown,,45,False,sin señal de compra: unknown,"Hola, veo excelentes opiniones sobre la variedad de telas en Costureritas Telas y Mercería. Para que tus clientas compren sin preocuparse por traer efectivo, una terminal Konfío te permite cobrar con cualquier tarjeta fácilmente. ¿Te comparto más detalles?",Comercio de telas y mercería sin información específica de medios de pago.,8,5.0,trc_01M1DFHV0XAZFFD2N2HRYT68Z3,1.0
ChIJY5P3Z_lTL4QR3i6aYjVWgnY,Fruits and vegetables,Guadalajara,"Calle Juárez Eje Nrt. 81, Centro Tlajomulco, Sin Nombre, 45640 Tlajomulco de Zúñiga, Jal., Mexico",33 2528 3449,,5422,Misceláneos,unknown,,45,False,sin señal de compra: unknown,"Hola, tus clientes reconocen los buenos precios y frescura de Fruits and vegetables. Si quieres facilitarles la compra y aceptar tarjetas de débito o crédito directamente en mostrador, la terminal Konfío es muy fácil de usar. ¿Te platico de nuestras promociones?",Frutería y verdulería de barrio sin datos de métodos de pago.,13,4.4,trc_01M1DFHV0XAZFFD2N2HRYT68Z3,1.0
ChIJdwYMafdTL4QRLPAYAVLr5ls,Panaderia & Pasteleria TLAJOMULCO,Guadalajara,"C. Flaviano Ramos Nte. 24, Centro, 45640 Tlajomulco de Zúñiga, Jal., Mexico",37984541,,5462,Ventas al detalle (Retail),unknown,,45,False,sin señal de compra: unknown,"Hola, vi las reseñas felicitando los pasteles de Panaderia & Pasteleria TLAJOMULCO. Para que tus clientes paguen pedidos grandes con tarjeta sin batallar, la terminal Konfío te ofrece cobros seguros y sencillos. ¿Te gustaría recibir más información?",Panadería y pastelería con buen perfil de producto sin datos sobre aceptación de tarjeta.,6,4.5,trc_01M1DFHV0XAZFFD2N2HRYT68Z3,1.0
ChIJo0PkGcOTYoYR__BChM3PwiY,Áurea barbería,Monterrey,"Carr. a Colombia 336-Loc 4, Plaza, Las Hadas, 66058 Cdad. Gral. Escobedo, N.L., Mexico",81 8096 5436,https://aureabarberia.site.agendapro.com/mx,7230,Salones de belleza,unknown,,45,False,sin señal de compra: unknown,"Hola, vi que en Áurea barbería tienen excelentes calificaciones por sus cortes. ¿Te gustaría ofrecer cobro con tarjeta a tus clientes? Con una terminal Konfío cobras de forma rápida y segura, creando un historial con tu facturación.",Barbería activa con buena reputación pero sin datos explícitos sobre métodos de pago.,26,5.0,trc_01M1DFHV0XAZFFD2N2HRYT68Z3,1.0
ChIJiY-OEQCdYoYREMP3FDUYpAE,Barber Shop JG,Monterrey,"Nogales 525, Las Arboledas, 66004 García, N.L., Mexico",81 1976 5690,,7230,Salones de belleza,unknown,,45,False,sin señal de compra: unknown,"Hola, vi que tus clientes destacan tus excelentes cortes y diseños en García. Con la terminal Konfío puedes ofrecer cobros con tarjeta y dar una mejor experiencia a cada cliente. ¿Te gustaría probarla?",Barbería con buenas opiniones pero sin mención específica de terminal o métodos de cobro.,11,4.6,trc_01M1DFHV0XAZFFD2N2HRYT68Z3,1.0
ChIJdaYzQcn70YURSDAQpDf09MI,"Cremeria y Salchichoneria "" La única""",Ciudad de México,"Cda.Pto.Acapulco 115-Loc 18 y 19, Casas Alemán, Gustavo A. Madero, 07580 Ciudad de México, CDMX, Mexico",55 4356 1493,,5451,Ventas al detalle (Retail),unknown,,45,False,sin señal de compra: unknown,"Hola, vi tu cremería y salchichonería en el mercado Casas Alemán. Con la terminal Konfío puedes empezar a cobrar con tarjeta y agilizar las ventas en tu local. ¿Te gustaría conocer nuestras opciones?",Cremería y salchichonería de mercado sin registro explícito de métodos de pago.,3,3.3,trc_01M1DFHV0XAZFFD2N2HRYT68Z3,1.0
ChIJ4woKdQD50YURG1AUVGTmISI,Consultorio Dental CADENT,Ciudad de México,"Francisco Tamagno 313, Vallejo, Gustavo A. Madero, 07870 Ciudad de México, CDMX, Mexico",56 3788 4120,,8011,Médicos y dentistas,unknown,,45,False,sin señal de compra: unknown,"Hola, vi las excelentes recomendaciones de Consultorio Dental CADENT por su atencion profesional. Si buscas ofrecer cobro con tarjeta a tus pacientes para tratamientos y consultas, en Konfio te apoyamos con terminales sencillas para hacer crecer tu negocio.","Consultorio dental sin datos explicitos de aceptacion de tarjeta, candidato para TPV.",2,5.0,trc_01M1DFHV0XAZFFD2N2HRYT68Z3,1.0
ChIJKdUn_VgBzoURUTM7R25tl0w,CREMERÍA Y SALCHICHONERÍA HIDALGO LOCAL 47,Ciudad de México,"Francisco I. Madero 84, El Rosario, Xochimilco, 16070 Ciudad de México, CDMX, Mexico",55 5555 4512,,5451,Ventas al detalle (Retail),unknown,,45,False,sin señal de compra: unknown,"Hola, espero te encuentres bien. En Cremeria y Salchichoneria Hidalgo Local 47 pueden aumentar su ticket promedio aceptando cobros con tarjeta con una terminal Konfio, ofreciendo mas opciones de pago a tus clientes.","Cremeria sin informacion de metodos de pago, prospecto elegible.",2,4.5,trc_01M1DFHV0XAZFFD2N2HRYT68Z3,1.0
ChIJSUjIZe8BzoURfZ2ifwbOYTA,QS Papelería,Ciudad de México,"C. Gladiolas 51, San Marcos, Xochimilco, 16050 Ciudad de México, CDMX, Mexico",55 2337 9337,,5943,Ventas al detalle (Retail),unknown,,45,False,sin señal de compra: unknown,"Hola, vi las buenas opiniones de QS Papeleria por su atencion y surtido. Si te interesa comenzar a cobrar con tarjeta para utiles y articulos de oficina, en Konfio te ofrecemos una terminal accesible para impulsar tu negocio.",Papeleria con buena calificacion y sin registro de medios de pago.,23,4.3,trc_01M1DFHV0XAZFFD2N2HRYT68Z3,1.0
ChIJtaco6fT-0YURDdfcjaM8_8M,Cremería D Barrio,Ciudad de México,"Av. Santiago 288-Loc.1, Santiago Norte, Santiago Sur, Iztacalco, 08800 Ciudad de México, CDMX, Mexico",55 5698 7749,,5451,Ventas al detalle (Retail),unknown,,45,False,sin señal de compra: unknown,"Hola, vi que en Cremería D Barrio ofrecen gran variedad de productos lácteos y embutidos. Con la terminal Konfío puedes aceptar pagos con tarjeta de débito y crédito sin complicaciones, facilitando la compra a tus clientes y aumentando tus ventas diarias. ¿Te gustaría conocer nuestras comisiones?",Cremería clasificada en MCC 5451 con señal de pago desconocida.,11,4.3,trc_01M1DFHV0XAZFFD2N2HRYT68Z3,1.0
ChIJXYTayfP-0YUR9X2tGVg6ut8,"Papelería y Mercería ""Miriam""",Ciudad de México,"Cuauhtémoc 101, San Pedro Iztacalco, Iztacalco, 08220 Ciudad de México, CDMX, Mexico",55 5579 3950,,5943,Ventas al detalle (Retail),unknown,,45,False,sin señal de compra: unknown,"Hola, vi las excelentes opiniones de Papelería y Mercería Miriam por su gran surtido escolar y de oficina. Con la terminal Konfío puedes cobrar fácilmente con tarjeta a tus clientes, agilizando cada compra y aumentando tu ticket promedio. ¿Te interesa recibir información sobre nuestras tasas?",Papelería y mercería clasificada en MCC 5943 con señal de pago desconocida.,13,4.6,trc_01M1DFHV0XAZFFD2N2HRYT68Z3,1.0
ChIJUYl-5wPx0YURPv1BuX9uIzI,DIABLO’S BARBER STUDIO,Ciudad de México,"Edomex, ecatepec, Tollocan Manzana 445 Lote 20, Cd Azteca 3ra Secc, 55120 Mexico, Méx., Mexico",56 2748 4726,,7230,Salones de belleza,unknown,,45,False,sin señal de compra: unknown,"Hola, vi las excelentes calificaciones de DIABLO’S BARBER STUDIO sobre sus cortes y atención. Si quieres ofrecer cobro con tarjeta de débito y crédito a tus clientes, una terminal Konfío es la opción ideal para tu negocio. ¿Te gustaría recibir más información?",Barbería activa sin información explícita sobre métodos de pago.,16,5.0,trc_01M1DFHV0XAZFFD2N2HRYT68Z3,1.0
ChIJo2U21oAfzoUR3pPBBQFccRU,Betto Barber Chalco,Ciudad de México,"Calle 21 de Marzo, Av. Cuauhtémoc Pte. Local 3 esquina, San Miguel Jacalones, 56604 Chalco de Díaz Covarrubias, Méx., Mexico",55 2730 2871,,7230,Salones de belleza,unknown,,45,False,sin señal de compra: unknown,"Hola, vi que Betto Barber Chalco cuenta con buen flujo de clientes en corte y barba. Si quieres brindar la alternativa de pagar con tarjeta sin complicaciones, la terminal Konfío es perfecta para tu barbería. ¿Te gustaría saber cómo adquirirla?",Barbería con flujo comercial constante y método de pago desconocido.,99,4.5,trc_01M1DFHV0XAZFFD2N2HRYT68Z3,1.0
ChIJ_xIwPVL10YURV6u5hNnQmVo,Daniel's Barber Shop,Ciudad de México,"Manuel Acuña 19-MZ 018, Belem, 54900 Tultitlán de Mariano Escobedo, Méx., Mexico",55 7867 6065,,7230,Salones de belleza,unknown,,45,False,sin señal de compra: unknown,"Hola Daniel, tus clientes recomiendan mucho el servicio en tu barbería. Si quieres ofrecerles la comodidad de pagar con tarjeta de crédito o débito directamente al terminar su corte, la terminal Konfío es ideal para tu negocio. ¿Te interesa conocerla?",Barbería con buen volumen de reseñas y sin medio de pago especificado.,41,4.9,trc_01M1DFHV0XAZFFD2N2HRYT68Z3,1.0
ChIJC-ZF7rC1KIQR3cUNE8JVHQI,beler beauty nails salon,Guadalajara,"Tonalá, Loma Dorada Delegación a, 45402 Tonalá, Jal., Mexico",36904707,https://www.facebook.com/Beler-Beauty-Nails-Sal%C3%B3n-2042527749400990/,7230,Salones de belleza,unknown,,45,False,sin señal de compra: unknown,"Hola, veo que en Beler Beauty Nails Salon tienen excelentes opiniones por su trabajo en uñas y peinados. Con la terminal Konfío puedes ofrecer cobros con tarjeta en cada tratamiento y construir historial de ventas para tu salón. ¿Te platico más?",Salón de belleza y uñas con buena reputación sin datos explícitos de pago.,34,4.8,trc_01M1DFHV0XAZFFD2N2HRYT68Z3,1.0
ChIJs1TmVFG1KIQRJFd6RY2MzLk,Cachorro's Barber,Guadalajara,"Cuauhtémoc #49 Tonala Centro Tonalá, Centro, 45400 Guadalajara, Jal., Mexico",33 3803 0646,https://www.instagram.com/cachorrosbarber2024?igsh=a2ZkbDFvZmtzY2gx,7230,Salones de belleza,unknown,,45,False,sin señal de compra: unknown,"Hola, vi las excelentes recomendaciones de Cachorro's Barber por el buen corte y servicio. Con una terminal de cobro Konfío puedes facilitar el pago con tarjeta a tus clientes y hacer crecer tu negocio. ¿Te gustaría conocer nuestras opciones?",Barbería con excelente reputación sin información específica sobre medios de pago.,28,5.0,trc_01M1DFHV0XAZFFD2N2HRYT68Z3,1.0
ChIJu1FrylRLL4QRaUG_MI83rkQ,que rico pollote,Guadalajara,"Carr. el Salto 378, Potrero Nuevo, 45680 El Salto, Jal., Mexico",33 2041 6550,,5814,Comida Rápida,unknown,,45,False,sin señal de compra: unknown,"Hola, vi que en que rico pollote tienen alta demanda de comida para llevar y a domicilio. Al tener una terminal Konfío facilitas el cobro con tarjeta a tus clientes en cada pedido. ¿Te interesaría conocer nuestras opciones?",Restaurante de pollo con servicio para llevar sin mención de medios de pago.,27,3.7,trc_01M1DFHV0XAZFFD2N2HRYT68Z3,1.0
ChIJKzrXCXNKL4QR6ntFC7k8-FQ,Papeleria y Regalos MaryChuy,Guadalajara,"Constitución 225, Centro, 45680 El Salto, Jal., Mexico",33 3732 0861,,5947,Ventas al detalle (Retail),unknown,,45,False,sin señal de compra: unknown,"Hola, vi que en Papeleria y Regalos MaryChuy surten listas completas de utiles y mochilas. Aceptar pagos con tarjeta te ayuda a facilitar compras escolares grandes y aumentar tus ventas diarias. ¿Te gustaria conocer nuestra terminal sin complicaciones?",Papelería y tienda de regalos sin información explícita de métodos de pago.,22,3.8,trc_01M1DFHV0XAZFFD2N2HRYT68Z3,1.0
ChIJP_uTOI5RL4QRxJc4yH1V1cw,Papelería MK,Guadalajara,"C. Jacarandá 36, 45640 Tlajomulco de Zúñiga, Jal., Mexico",33 2820 7176,,5943,Ventas al detalle (Retail),unknown,,45,False,sin señal de compra: unknown,"Hola, en Papelería MK puedes sumar mas ventas de utiles y articulos escolares ofreciendo pago con tarjeta a tus clientes. Con la terminal Konfio cobras al instante y sin rentas forzosas. ¿Te gustaria mas informacion?",Papelería clasificada en MCC 5943 sin información sobre medios de pago.,2,5.0,trc_01M1DFHV0XAZFFD2N2HRYT68Z3,1.0
ChIJSa4WSdPBYoYRgFdZOwfxzM0,"Rosticería ""Fiesta""",Monterrey,"Colibrí, 67189 Guadalupe, Nuevo Leon, Mexico",81 2045 5991,,5814,Comida Rápida,unknown,,45,False,sin señal de compra: unknown,"Hola, vi las excelentes opiniones de tu Rosticería Fiesta por el sabor de tus pollos. Si buscas cobrar con tarjeta y ofrecer pagos rápidos a tus clientes en mostrador o entregas, una terminal Konfío te ayuda a cerrar más ventas. ¿Te platico más detalles?",Rosticería sin información confirmada de métodos de pago.,47,4.7,trc_01M1DFHV0XAZFFD2N2HRYT68Z3,1.0
ChIJA5eVTZrqYoYR4Z9kBBlKhrI,Marisol Luna Estilista,Monterrey,"Av. Poza Rica 500, Jose Maria Morelos y Pavon, 67150 Guadalupe, N.L., Mexico",81 1747 5562,,7230,Salones de belleza,unknown,,45,False,sin señal de compra: unknown,"Hola Marisol, vi las excelentes recomendaciones de tus clientes por tu profesionalismo en cortes y citas. Para facilitarle el pago a tus clientas en cada servicio, una terminal Konfío te permite aceptar tarjetas sin complicaciones. ¿Te gustaría conocer nuestras terminales?",Estética con buenas reseñas pero sin evidencia sobre aceptación de tarjetas.,57,4.8,trc_01M1DFHV0XAZFFD2N2HRYT68Z3,1.0
ChIJcdHX4ySTYoYRI7_NHNRIt3k,La Cocina Del Amiguito,Monterrey,"Azucena 463, jardines de Escobedo 3, 66058 Cdad. Gral. Escobedo, N.L., Mexico",81 1924 3764,,5812,Restaurantes,unknown,,45,False,sin señal de compra: unknown,"Hola, vi las buenas opiniones sobre la comida casera y el servicio en La Cocina Del Amiguito. Si buscas agilizar el cobro y permitir que tus comensales paguen con tarjeta, una terminal Konfío es una gran alternativa. ¿Te gustaría revisarla?",Restaurante de comida casera sin datos de medios de pago.,41,4.4,trc_01M1DFHV0XAZFFD2N2HRYT68Z3,1.0
ChIJp6LPXubtYoYR1y7SfuAGkls,Nivel 3 Barber club,Monterrey,"Av. Concordia 302, Prados de La Cieneguita, 66636 Cdad. Apodaca, N.L., Mexico",81 3121 3067,,7230,Salones de belleza,unknown,,45,False,sin señal de compra: unknown,"Hola, vi que en Nivel 3 Barber club destacan mucho tu excelente atencion y servicio de corte. Con una terminal Konfio puedes cobrar con tarjeta de debito y credito facil y rapido a tus clientes. Te gustaria conocer nuestras comisiones?",Barberia establecida con buen flujo de clientes y alta calificacion.,46,5.0,trc_01M1DFHV0XAZFFD2N2HRYT68Z3,1.0
ChIJ6XThJ3XDYoYRJlIWIwul23I,SALÓN FASHION SPA & BEAUTY,Monterrey,"Emiliano Zapata #518, Infonavit Francisco Villa, 67267 Cdad. Benito Juárez, N.L., Mexico",81 1339 6623,http://salonfashionspaandbeauty.com.mx/,7230,Salones de belleza,unknown,,45,False,sin señal de compra: unknown,"Hola, vi que en SALON FASHION realizan trabajos de corte y colorimetria con citas frecuentes. Para ofrecer mas comodidad a tus clientas, una terminal Konfio te permite aceptar tarjetas de debito y credito. Te gustaria conocer los detalles?",Salon de belleza con clientela regular para servicios capilares.,37,4.5,trc_01M1DFHV0XAZFFD2N2HRYT68Z3,1.0
ChIJDQIXV47BYoYRINs6iGJ0La8,"BARBER SHOOP ""LA MILAGROSA""",Monterrey,"santa Mónica, San Isidro, Santa Monica Sector 8, Jardines de la Silla, 67250 Jardines de la Silla, N.L., Mexico",81 2334 5765,,7230,Salones de belleza,unknown,,45,False,sin señal de compra: unknown,"Hola, vi que en BARBER SHOOP LA MILAGROSA tienen bastante movimiento de clientes todos los dias. Con una terminal Konfio puedes cobrar con tarjeta rapidamente y evitar perder servicios por falta de efectivo. Te gustaria recibir informacion?",Barberia concurrida idonea para diversificar medios de pago.,56,4.4,trc_01M1DFHV0XAZFFD2N2HRYT68Z3,1.0
ChIJTdPpkG0B0oURgnZKVa89JNE,Cremería La Nueva,Monterrey,"Av Centenario 185, Merced Gómez, Álvaro Obregón, 01600 Ciudad de México, CDMX, Mexico",55 5593 3813,,5451,Ventas al detalle (Retail),unknown,,45,False,sin señal de compra: unknown,"Hola, vi que en Cremeria La Nueva tienen excelentes resenas por su variedad de productos y atencion. Con una terminal Konfio puedes aceptar cobros con tarjeta en tu mostrador y agilizar cada compra. Te gustaria recibir informacion?",Cremeria con alta calificacion y surtido continuo de abarrotes.,7,5.0,trc_01M1DFHV0XAZFFD2N2HRYT68Z3,1.0
ChIJ7UiUKwCdYoYR6snsPZqW4Ww,RL Consultorio Dental,Monterrey,"Alamos 401-A, Las Arboledas, 66004 García, N.L., Mexico",81 8204 9496,,8011,Médicos y dentistas,unknown,,45,False,sin señal de compra: unknown,"Hola, en RL Consultorio Dental puedes facilitar el pago de tratamientos y consultas a tus pacientes aceptando tarjeta con la terminal Konfío. Brinda un servicio más completo y cómodo. ¿Te gustaría conocer las opciones que tenemos para tu consultorio?",Consultorio dental elegible para procesar pagos con tarjeta en consultas y procedimientos.,2,5.0,trc_01M1DFHV0XAZFFD2N2HRYT68Z3,1.0
ChIJaR1FVQADzoURAJPnc_3TtPw,Pastelería y panadería artesanal Golden,Ciudad de México,"7XPH+WJ, Tláhuac, 13400 Mexico City, CDMX, Mexico",56 5258 5778,,5462,Ventas al detalle (Retail),unknown,,45,False,sin señal de compra: unknown,"Hola, vi que tus clientes destacan el excelente sabor de Pastelería y panadería artesanal Golden. Para no perder ventas en pasteles grandes y pedidos especiales, una terminal Konfío te ayuda a cobrar con tarjeta fácilmente.",Panadería y pastelería artesanal sin información reportada de cobro con tarjeta.,2,5.0,trc_01M1DFHV0XAZFFD2N2HRYT68Z3,1.0
ChIJR6uZRA3j0YURXQ_6AgZxakg,Panadería Artesanal Familia García Luna,Ciudad de México,"Las Mixtecas 275, Benito Juárez, 57000 Cdad. Nezahualcóyotl, Méx., Mexico",56 2792 3457,,5462,Ventas al detalle (Retail),unknown,,45,False,sin señal de compra: unknown,"Hola, veo que tu panadería artesanal tiene excelentes reseñas por su calidad y atención. Para ayudarte a facilitar el cobro de pasteles y pedidos especiales, una terminal de cobro te permite aceptar tarjeta sin complicaciones. ¿Te gustaría conocer opciones para tu negocio?",Panadería artesanal con buena afluencia y sin mención explícita de métodos de pago.,46,4.9,trc_01M1DFHV0XAZFFD2N2HRYT68Z3,1.0
ChIJz0LVzW790YUREVF74DvzAlI,Barbería Men's Cave,Ciudad de México,"C. Escalerillas 176, Metropolitana 3ra Secc, 57750 Cdad. Nezahualcóyotl, Méx., Mexico",55 8961 1045,,7230,Salones de belleza,unknown,,45,False,sin señal de compra: unknown,"Hola, veo que en Barbería Men's Cave atienden a muchos clientes para cortes y arreglo personal. Equipar tu barbería con una terminal para cobros con tarjeta y contactless agiliza tu servicio y eleva tus ventas. ¿Te gustaría recibir más detalles sin compromiso?",Barbería con volumen moderado de opiniones y sin datos explícitos de métodos de pago.,40,4.6,trc_01M1DFHV0XAZFFD2N2HRYT68Z3,1.0
ChIJGfa8YcgezoURafGHpDs4ZQM,Cremería Siloé,Ciudad de México,"Av. 5 de Mayo Mz 2 Lt 17, Manzana 039, San Miguel Jacalones, 56604 Chalco de Díaz Covarrubias, Méx., Mexico",55 1734 2681,,5451,Ventas al detalle (Retail),unknown,,45,False,sin señal de compra: unknown,"Hola, veo que Cremería Siloé tiene una excelente reputación por sus quesos y mantequilla artesanal. Al aceptar tarjeta en tu local permites que tus clientes compren por kilo o surtido completo sin limitarse por el efectivo. ¿Te gustaría probar una terminal Konfío?",Cremería y tienda de lácteos sin datos sobre aceptación de tarjetas.,12,4.9,trc_01M1DFHV0XAZFFD2N2HRYT68Z3,1.0
ChIJE3Dv9mgdzoURetcYVzmqNBQ,"Papelería, Mercería, Regalos y más...""TERE""",Ciudad de México,"C. Paso de Cortes 24-15B, Cerro del Marquez, 56614 Valle de Chalco Solidaridad, Méx., Mexico",55 4102 5985,,5943,Ventas al detalle (Retail),unknown,,45,False,sin señal de compra: unknown,"Hola, vi la gran variedad de disfraces y artículos de temporada que ofreces en Papelería y Mercería Tere. Con la terminal Konfío puedes facilitar las compras grandes aceptando pagos con tarjeta de débito y crédito. ¿Te gustaría recibir más informes?",Papelería y mercería de barrio con potencial para terminal en temporadas altas.,2,5.0,trc_01M1DFHV0XAZFFD2N2HRYT68Z3,1.0
ChIJWeGrtRr10YUR012ptmVHqzE,Pollería josue,Ciudad de México,"Blvd. Tultitlan Ote. 125, San Juan, 54900 Tultitlán de Mariano Escobedo, Méx., Mexico",55 5888 5262,,5422,Misceláneos,unknown,,45,False,sin señal de compra: unknown,"Hola, vi que tus clientes valoran la calidad y peso exacto en Pollería Josue. Para brindarles mayor comodidad al comprar, con una terminal Konfío puedes recibir pagos con tarjeta de forma rápida y confiable. ¿Te gustaría conocer nuestras opciones?",Pollería y venta de perecederos clasificada en el MCC 5422.,3,5.0,trc_01M1DFHV0XAZFFD2N2HRYT68Z3,1.0
ChIJB14nrBi1KIQRyS07wRz-TkY,Cremería la tapatía,Guadalajara,"López Mateos 353, El Zapote, 45400 Tonalá, Jal., Mexico",33 1453 4882,,5451,Ventas al detalle (Retail),unknown,,45,False,sin señal de compra: unknown,"Hola, vi que en Cremería la tapatía tienen excelente atención y surtido. Para que no pierdas ventas cuando tus clientes quieran pagar con tarjeta, te ofrecemos una terminal fácil de usar y con comisiones claras. ¿Te gustaría conocer cómo funciona?",Cremería y tienda de lácteos sin datos explícitos de medios de pago.,5,4.6,trc_01M1DFHV0XAZFFD2N2HRYT68Z3,1.0
ChIJo8dOykT_0YURrt3zlLgz5j8,Recaudería González,Monterrey,"Fernando Montes de Oca 123, Colonia Condesa, Cuauhtémoc, 06140 Ciudad de México, CDMX, Mexico",55 8902 4198,,5422,Misceláneos,unknown,,45,False,sin señal de compra: unknown,"Hola, vi que en Recauderia Gonzalez destacan por la calidad de su fruta y servicio a domicilio. Para facilitar las compras de tus clientes al pedir, te ofrecemos una terminal para cobrar con tarjeta facil y rapido. ¿Platicamos sobre como adquirirla?",Recaudería en zona comercial con servicio a domicilio y sin datos de terminal registrada.,12,4.2,trc_01M1DFHV0XAZFFD2N2HRYT68Z3,1.0
ChIJNZF8qQXDYoYRj_tjunUCGKE,Asadero Él Virrey,Monterrey,"Palma 255, Valle Sur, 67257 Cdad. Benito Juárez, N.L., Mexico",81 1816 3061,,5812,Restaurantes,unknown,,45,False,sin señal de compra: unknown,"Hola, vi que muchas familias visitan Asadero El Virrey para disfrutar su carne asada cada fin de semana. Para brindarles mayor comodidad y elevar tus cobros por mesa, te ofrecemos terminales para aceptar tarjeta al instante. ¿Te interesa recibir mas informacion?",Restaurante de carne asada con buen volumen de clientes y sin registro de TPV.,107,4.4,trc_01M1DFHV0XAZFFD2N2HRYT68Z3,1.0
ChIJd2xnTVYB0oURrgHEWCjknkA,Barbería Juárez,Monterrey,"Calle 34, Esquina con, Av. Miguel Hidalgo 39-Local 1, Olivar del Conde 2da Secc, Álvaro Obregón, 01408 Ciudad de México, CDMX, Mexico",55 3406 1549,https://www.instagram.com/barberiajuarez34?igsh=MWQzOXowaHAzdGIwcg==&utm_source=qr,7230,Salones de belleza,unknown,,45,False,sin señal de compra: unknown,"Hola, vi las excelentes opiniones de Barbería Juárez y su servicio premium. Con la terminal Konfío puedes ofrecer cobro con tarjeta a tus clientes para que su experiencia sea todavía más cómoda y hacer crecer tu negocio. ¿Te gustaría conocer nuestras comisiones?",Barbería con excelentes calificaciones y sin información explícita de medios de pago.,8,5.0,trc_01M1DFHV0XAZFFD2N2HRYT68Z3,1.0
ChIJIWruSSj70YURc4dsVDBIhgU,Cremeria Villahermosa,Ciudad de México,"Ote. 185 73, Col del Obrero, Gustavo A. Madero, 07410 Ciudad de México, CDMX, Mexico",779 104 6186,,5451,Ventas al detalle (Retail),unknown,,45,False,sin señal de compra: unknown,"Hola, en Cremería Villahermosa puedes aumentar el ticket promedio de tus clientes permitiéndoles pagar con tarjeta de débito y crédito. Con la terminal Konfío cobras de inmediato y sin trámites pesados. ¿Te gustaría que te comparta cómo funciona para tu negocio?",Cremería clasificada en 5451 sin información de medios de pago ni reseñas.,4,4.3,trc_01M1DFHV0XAZFFD2N2HRYT68Z3,1.0
ChIJqckIqA8BzoURgyiIC0KGPSo,Papelería Lirio Acuatici,Ciudad de México,"Calle Lirio Acuático 10, Xaltocan, Xochimilco, 16090 Ciudad de México, CDMX, Mexico",55 1487 5538,,5943,Ventas al detalle (Retail),unknown,,45,False,sin señal de compra: unknown,"Hola, vi el perfil de Papelería Lirio Acuatici en Xochimilco. ¿Aceptas pagos con tarjeta para los útiles escolares y copias? Con la terminal Konfío nunca dejas ir una venta por falta de cambio. ¿Te gustaría recibir más información?",Papelería minorista clasificada en MCC 5943.,1,5.0,trc_01M1DFHV0XAZFFD2N2HRYT68Z3,1.0
ChIJ82bpBAD_0YURhgr9F5S1upw,Consultorio Dental C.D Ana Paola Lucio Flores,Ciudad de México,"Avenida Juan Nepomuceno Álvarez & Calzada de la Viga, Campamento 2 de Octubre, Iztacalco, 08930 Ciudad de México, CDMX, Mexico",55 4569 9315,,8011,Médicos y dentistas,unknown,,45,False,sin señal de compra: unknown,"Hola Dra. Ana Paola, vi las excelentes opiniones de tu consultorio dental. Al ofrecer cobro con tarjeta mediante una terminal Konfío, tus pacientes cubren tratamientos mayores fácilmente y tú construyes historial para tu negocio. ¿Platicamos?",Consultorio odontológico con calificaciones perfectas pero sin señal de pago explícita.,5,5.0,trc_01M1DFHV0XAZFFD2N2HRYT68Z3,1.0
ChIJ5-KKSZIfzoURrznllowQ5NE,Santo Gallo,Ciudad de México,"C. Reforma 54, Col. Centro, 56604 México, Méx., Mexico",62850400 ext. 9111,,5814,Comida Rápida,unknown,,45,False,sin señal de compra: unknown,"Hola, vi que en Santo Gallo venden pollos rostizados en mostrador y por aplicaciones de comida. Con la terminal Konfío puedes cobrar pedidos presenciales con tarjeta y facilitar el pago a tus clientes. ¿Te paso detalles?",Rosticería de comida preparada para llevar sin información estructurada de pagos.,39,3.9,trc_01M1DFHV0XAZFFD2N2HRYT68Z3,1.0
ChIJdQZ5rP4fzoURrmDBjeFiEK4,CLUBE BARBER SHOP SHALOM,Ciudad de México,"737X+QX, Manzana 020, Chalco Centro, 56600 Chalco de Díaz Covarrubias, State of Mexico, Mexico",55 8462 1812,,7230,Salones de belleza,unknown,,45,False,sin señal de compra: unknown,"Hola, vi las excelentes recomendaciones de tu barbería en Chalco Centro. Para ofrecer un servicio más completo y cobrar cortes o tratamientos con tarjeta, en Konfío tenemos terminales fáciles de usar.",Barbería con pocas reseñas y sin información sobre medios de pago.,2,5.0,trc_01M1DFHV0XAZFFD2N2HRYT68Z3,1.0
ChIJ1bvnI_W0KIQRbORhUGlqPhA,Rosticeria Y Pescado DON FER,Guadalajara,"López Pajar 38A, Tonalá Centro, 45400 Tonalá, Jal., Mexico",33 3683 3221,,5814,Comida Rápida,unknown,,45,False,sin señal de compra: unknown,"Hola, vi las excelentes opiniones de Don Fer en Tonalá Centro. Si buscas facilitar el cobro en pedidos a domicilio o en tus mesas, con la terminal Konfío aceptas tarjeta al instante y creces las ventas de tus paquetes.",Rosticería de comida preparada y consumo rápido sin información de medios de pago.,23,4.7,trc_01M1DFHV0XAZFFD2N2HRYT68Z3,1.0
ChIJYyCslLZLL4QRLpLMCJ0RmPk,Enchiladas y Chilaquiles El Salto,Guadalajara,"Vicente Guerrero 609, Centro, 45680 El Salto, Jal., Mexico",33 2933 3511,http://www.facebook.com/Enchiladas-Y-Chilaquiles-El-Salto,5812,Restaurantes,unknown,,45,False,sin señal de compra: unknown,"Hola, vi las reseñas felicitando el gran sazón de Enchiladas y Chilaquiles El Salto. Con la terminal Konfío puedes agilizar el cobro a tus clientes en mesa y a domicilio aceptando todas las tarjetas de forma sencilla.",Restaurante con buen flujo de comensales sin medios de pago registrados.,14,4.4,trc_01M1DFHV0XAZFFD2N2HRYT68Z3,1.0
ChIJIclFy9BLL4QRsYN2wz6rpjM,Papelería Fénix,Guadalajara,"45680, Parques Del Triunfo, 45680 El Salto, Jal., Mexico",33 3418 5178,,5943,Ventas al detalle (Retail),unknown,,45,False,sin señal de compra: unknown,"Hola, vi las excelentes opiniones de Papelería Fénix por su atención. Si buscas facilitar la compra de útiles y copias cobrando con tarjeta, con la terminal Konfío aceptas pagos al instante y haces crecer las ventas de tu negocio.",Papelería minorista de barrio sin información confirmada sobre cobro digital.,10,4.8,trc_01M1DFHV0XAZFFD2N2HRYT68Z3,1.0
ChIJ1cepe0dLL4QRI0ovGBLpqJw,Estética y productos innovadores Mimmy Flores,Guadalajara,"C. Jalisco 8, entre constitución y Gomez farias, Potrero Nuevo, 45680 El Salto, Jal., Mexico",33 1765 1077,https://www.facebook.com/profile.php?id=100083024807781&mibextid=LQQJ4d,7230,Salones de belleza,unknown,,45,False,sin señal de compra: unknown,"Hola, felicitaciones por el gran servicio en Estética Mimmy Flores. Para que tus clientas paguen sus tratamientos y productos con tarjeta de débito o crédito sin complicaciones, te ofrecemos la terminal Konfío con comisiones claras.",Salón de belleza local con señal de pago no identificada.,12,4.4,trc_01M1DFHV0XAZFFD2N2HRYT68Z3,1.0
ChIJOwZFeXaRYoYRyGPsCRKm5kI,La Barbería,Monterrey,"Av. las Torres L4, Pedregal del Topo Chico, 66061 Cdad. Gral. Escobedo, N.L., Mexico",81 1855 0899,https://www.facebook.com/profile.php?id=100065032599522&sk=photos,7230,Salones de belleza,unknown,,45,False,sin señal de compra: unknown,"Hola, vi que tus clientes en La Barbería valoran mucho tu rapidez y el horario extendido. Con una terminal Konfío puedes cobrar fácilmente con tarjeta física o digital, dando comodidad a tus clientes y registrando tu volumen diario. ¿Te gustaría recibir informes?",Barbería con buen volumen de reseñas y flujo continuo de clientes sin registro de método de pago.,63,4.9,trc_01M1DFHV0XAZFFD2N2HRYT68Z3,1.0
ChIJY2vV8OLDYoYRz1yYG6bfQxQ,Pollos Asados la Rotonda,Monterrey,"Vista de la Anacua 403, Vistas del Rio, 67267 Cdad. Benito Juárez, N.L., Mexico",81 1288 3098,,5814,Comida Rápida,unknown,,45,False,sin señal de compra: unknown,"Hola, en Pollos Asados la Rotonda tus comensales aprecian el servicio rápido y tus complementos. Ofrecer cobro con tarjeta mediante una terminal Konfío te permitirá agilizar pedidos para llevar y consolidar tu volumen de ventas. ¿Te gustaría conocer nuestras opciones?",Restaurante de comida rápida con flujo constante y sin especificación de medios de pago.,42,4.6,trc_01M1DFHV0XAZFFD2N2HRYT68Z3,1.0
ChIJYQ44EoHy0YURw84DExYMnOM,Recaudería García,Monterrey,"Paseo Acueducto 7, San Pedro Atzompa, 55770 Ojo de Agua, Méx., Mexico",55 5938 2839,,5422,Misceláneos,unknown,,45,False,sin señal de compra: unknown,"Hola, veo que en Recaudería García ofrecen productos frescos de gran calidad. Si buscas facilitar el cobro a tus clientes, con la terminal Konfío puedes aceptar todas las tarjetas y hacer crecer tu negocio.",Recaudería / frutería clasificada en MCC 5422 sin datos de medios de pago.,2,5.0,trc_01M1DFHV0XAZFFD2N2HRYT68Z3,1.0
ChIJ1WuAI50D0oURZ5kv2nWAp7w,Cremería García,Monterrey,"Lago Yuriria y, Av. Río San Joaquín s/n, Granada, Miguel Hidalgo, 11520 Ciudad de México, CDMX, Mexico",55 7429 7744,,5451,Ventas al detalle (Retail),unknown,,45,False,sin señal de compra: unknown,"Hola, vi que destacan a Cremería García por su gran variedad en productos lácteos a buen precio. Con una terminal Konfío puedes ofrecer cobro con tarjeta a tus clientes y generar más ventas fácilmente.",Cremería y productos lácteos clasificada bajo MCC 5451.,1,4.0,trc_01M1DFHV0XAZFFD2N2HRYT68Z3,1.0
ChIJJQ9pmzH50YURFIArATyyGyA,Recaudería Benny,Ciudad de México,"Calle Nte 92 4412, Nueva Tenochtitlan, Gustavo A. Madero, 07890 Ciudad de México, CDMX, Mexico",55 1114 1319,,5422,Misceláneos,unknown,,45,False,sin señal de compra: unknown,"Hola, vi las excelentes opiniones de Recaudería Benny sobre su gran surtido y atención. Con una terminal Konfío puedes ofrecer cobro con tarjeta a tus clientes para que compren más sin preocuparse por el efectivo. ¿Te gustaría conocer nuestras opciones?",Recaudería y verdulería clasificada bajo MCC 5422 sin evidencia explícita de medios de pago.,9,4.8,trc_01M1DFHV0XAZFFD2N2HRYT68Z3,1.0
ChIJYZpOQQMBzoUR0CW0J_0m7GQ,Taqueria El Arenal (El tijuanito),Ciudad de México,"14600, Av. de las Torres 6, Valle Escondido, Xochimilco, 16020 Ciudad de México, CDMX, Mexico",56 2060 4587,,5814,Comida Rápida,unknown,,45,False,sin señal de compra: unknown,"Hola, vi que tus burritos y tacos en Taqueria El Arenal tienen excelentes recomendaciones. Para agilizar los cobros tanto en mesas como en pedidos para llevar, una terminal Konfío te ayuda a recibir pagos con tarjeta sin complicaciones.",Taquería y restaurante de comida rápida sin datos confirmados sobre métodos de pago.,559,4.5,trc_01M1DFHV0XAZFFD2N2HRYT68Z3,1.0
ChIJdT9_mPO1KIQRPugXBMP26eY,Vivero Majahuitas,Guadalajara,"Priv. Nardo 21, Alameda, 45407 Tonalá, Jal., Mexico",33 1406 8154,,5193,Ventas al detalle (Retail),unknown,,45,False,sin señal de compra: unknown,"Hola, vi que en Vivero Majahuitas tienen excelente surtido de plantas y arboles grandes. Con una terminal Konfio puedes cobrar facil con tarjeta las ventas de mayor volumen y hacer crecer tu negocio sin perder clientes.",Vivero y venta de plantas clasificado como comercio al por menor/mayor de flores y viveros.,15,5.0,trc_01M1DFHV0XAZFFD2N2HRYT68Z3,1.0
ChIJHyefvqS1KIQRnAwjesr4P4s,"Panadería y Pastelería Sígala ""Río Nilo""",Guadalajara,"Av Río Nilo #8004-A, Loma Dorada (Ejidal), 45402 Tonalá, Jal., Mexico",33 1594 7521,https://5d4346859a3a1.site123.me/,5462,Ventas al detalle (Retail),unknown,,45,False,sin señal de compra: unknown,"Hola, en Panaderia y Pasteleria Sigala ofrecen variedad de pasteles y pan en Rio Nilo. Con una terminal Konfio puedes cobrar pedidos especiales con tarjeta y ofrecer facilidades a quienes compran sus eventos.",Panadería y pastelería clasificada en el código correspondiente a panaderías.,18,3.2,trc_01M1DFHV0XAZFFD2N2HRYT68Z3,1.0
ChIJndTp9DtLL4QRKNpztVaNz6k,Sushero sushi-wok,Guadalajara,"Pbro. Rafael Gómez Parra 1335, Centro, 45680 El Salto, Jal., Mexico",33 2071 2746,https://m.facebook.com/SusheroSushiEnCasa/,5812,Restaurantes,unknown,,45,False,sin señal de compra: unknown,"Hola, en Sushero sushi-wok tienen gran demanda en sus pedidos. Con la terminal Konfío puedes agilizar tus cobros con tarjeta y ofrecer un mejor servicio a tus clientes. ¿Te mando detalles?",Restaurante de sushi con buen volumen de reseñas sin señal explícita de pago.,170,4.0,trc_01M1DFHV0XAZFFD2N2HRYT68Z3,1.0
ChIJ5aCJvohRL4QRNfp_Jf8Ziq8,Tortillería y Molino San Carlos Escobedo,Guadalajara,"Prolongacion Mariano Escobedo 230-int.f, Los Mezquites, 45640 Tlajomulco de Zúñiga, Jal., Mexico",33 1918 5137,https://www.facebook.com/Tortiller%C3%ADa-y-Molino-San-Carlos-106516644107390,5422,Misceláneos,unknown,,45,False,sin señal de compra: unknown,"Hola, vi las excelentes opiniones de Tortillería y Molino San Carlos Escobedo por surtir eventos con tortillas calientitas. Para pedidos grandes de fiestas, ofrecer cobro con tarjeta te facilita cerrar ventas al instante. En Konfío tenemos terminales sin complicaciones. ¿Te gustaría conocer nuestras opciones para tu negocio?","Tortillería de barrio con venta al por menor y para eventos, giro elegible sin información de cobro electrónico.",2,5.0,trc_01M1DFHV0XAZFFD2N2HRYT68Z3,1.0
ChIJl62XwvjDYoYRY_GUYezP05I,Panadería Gabriel,Monterrey,"Vista de la Primavera 900, Vistas del Rio, 67180 Cdad. Benito Juárez, N.L., Mexico",81 2250 4886,,5462,Ventas al detalle (Retail),unknown,,45,False,sin señal de compra: unknown,"Hola, las reseñas destacan la calidad y variedad de tu pan recién horneado en Panadería Gabriel. Ofrece pago con tarjeta a tus clientes para incrementar tus ventas promedio y modernizar el cobro en tu mostrador.",Panadería artesanal clasificada en MCC 5462 sin datos de medios de pago.,29,4.7,trc_01M1DFHV0XAZFFD2N2HRYT68Z3,1.0
ChIJW06fcin50YUR-AA6QM7FnQU,MERCERÍA Y MANUALIDADES SAMAEL & ANAEL,Ciudad de México,"Gral. Pedro María Anaya, 5 de Febrero esq, Villa Gustavo A. Madero, Gustavo A. Madero, 07050 Ciudad de México, CDMX, Mexico",55 7326 6838,,5131,Ventas al detalle (Retail),unknown,,45,False,sin señal de compra: unknown,"Hola, vi las buenas recomendaciones sobre la calidad y precio de tus manualidades y merceria. Para no perder ninguna venta con clientes que prefieren pagar con tarjeta, te ofrecemos una terminal facil y rapida. Te comparto la informacion para que comiences a cobrar hoy mismo.",Mercería y tienda de manualidades clasificada bajo MCC 5131 sin información explícita de medios de pago.,2,5.0,trc_01M1DFHV0XAZFFD2N2HRYT68Z3,1.0
ChIJX1wpJzX_0YURpiA6DFr8fXQ,Cremeria y abarrotes JORDY,Ciudad de México,"Francisco y madero 32, Barrio de San Miguel, Iztacalco, 08650 Ciudad de México, CDMX, Mexico",55 4567 0079,,5451,Ventas al detalle (Retail),unknown,,45,False,sin señal de compra: unknown,"Hola, vi que en tu cremeria y abarrotes tienes gran variedad de productos bien valorados. Para que tus clientes compren mas articulos sin limitarse por el efectivo en mano, te ofrecemos una terminal para cobrar con tarjeta. Te gustaria recibir detalles?",Cremería y tienda de abarrotes clasificada bajo MCC 5451 sin información confirmada de pagos.,1,5.0,trc_01M1DFHV0XAZFFD2N2HRYT68Z3,1.0
ChIJywfK9Pjj0YURI8Fe5Rrwe5Q,Papelería Day,Ciudad de México,"Calle Caminante 145, Benito Juárez, 57000 Cdad. Nezahualcóyotl, Méx., Mexico",56 2005 7313,,5943,Ventas al detalle (Retail),unknown,,45,False,sin señal de compra: unknown,"Hola, en Papelería Day apoyas a tus clientes con documentación y material escolar. Para que no pierdas compras cuando no traigan efectivo, la terminal Konfío te permite cobrar con tarjeta de forma muy sencilla. ¿Te gustaría saber cómo adquirirla?",Papelería clasificada en MCC 5943 sin evidencia concluyente sobre medios de cobro.,1,5.0,trc_01M1DFHV0XAZFFD2N2HRYT68Z3,1.0
ChIJvS9XFB_j0YUR9Oi8-R96I88,Consultorio Dental Dra Julia Quintero,Ciudad de México,"Poniente 25, #335 La Perla Nezahualcóyotl, La Perla, 57820 Mexico, Méx., Mexico",57423025,,8011,Médicos y dentistas,unknown,,45,False,sin señal de compra: unknown,"Hola Dra. Julia, en tu consultorio dental los pacientes aprecian alternativas cómodas para pagar sus tratamientos. Con la terminal Konfío puedes cobrar con tarjetas de débito y crédito con total tranquilidad en cada consulta. ¿Te gustaría que te platique las opciones disponibles?",Consultorio dental clasificado bajo MCC 8011 sin datos estructurados de medios de pago.,1,5.0,trc_01M1DFHV0XAZFFD2N2HRYT68Z3,1.0
ChIJOVYGa5vj0YUR-8TUfszk0Rw,Papeleria De La Rosa,Ciudad de México,"Geranio 4, Tlatel Xochitenco, 56336 Chimalhuacán, Méx., Mexico",0000000,,5943,Ventas al detalle (Retail),unknown,,45,False,sin señal de compra: unknown,"Hola, vi que en Papelería De La Rosa surten listas escolares completas. Aceptar tarjeta les permite cerrar compras de mayor valor sin depender del efectivo de tus clientes. Con una terminal Konfío comienzas a cobrar fácil y rápido. ¿Te gustaría conocer los detalles?",Papelería tradicional orientada a útiles escolares sin información de medios de pago electrónicos.,8,4.3,trc_01M1DFHV0XAZFFD2N2HRYT68Z3,1.0
ChIJmXJuvLofzoURoFlVbb_H-8g,Barber chapu,Ciudad de México,"Ote. 50 Manzana 163 Lote 11, col, Unión de Guadalupe, 56606 Chalco de Díaz Covarrubias, Méx., Mexico",56 3068 3955,,7230,Salones de belleza,unknown,,45,False,sin señal de compra: unknown,"Hola, vi las buenas recomendaciones de tus clientes en Barber Chapu. Para no perder a clientes que no traen efectivo al momento del corte, una terminal Konfío te permite aceptar tarjeta al instante. ¿Te gustaría saber cómo adquirirla?",Barbería con buena calificación pero sin evidencia de cobro con tarjeta.,12,4.7,trc_01M1DFHV0XAZFFD2N2HRYT68Z3,1.0
ChIJN9EqQQAdzoURGHXwaLbuvpE,Bad Boys Club Salon & Barberia,Ciudad de México,"Sur 9 ,mz 234 , lt 9 , col. Guadalupana 2da secc valle de chalco Referencia sur 9, av. Plutarco E. Calles esquina, Guadalupana, 56616 Valle de Chalco Solidaridad, Méx., Mexico",56 1058 7351,https://www.instagram.com/_bad_boys_crew?igsh=b2pqMnlwOXdnNHd2,7230,Salones de belleza,unknown,,45,False,sin señal de compra: unknown,"Hola, vi la gran atención y servicio por cita que brindan en Bad Boys Club Salon. Cobrar con tarjeta en tu negocio te ayuda a agilizar la caja y vender productos adicionales. Te ofrezco una terminal Konfío lista para usar. ¿Te platico más?",Barbería con atención por cita y buena reputación sin datos de cobro con tarjeta.,7,5.0,trc_01M1DFHV0XAZFFD2N2HRYT68Z3,1.0
ChIJ25lMUQD10YURflZ1LSS7aRI,Molino y Tortilleria TLAYOLLI,Ciudad de México,"C. Lago Seco, Cueyamil, 54918 Tultitlán de Mariano Escobedo, Méx., Mexico",56 2468 3475,,5422,Misceláneos,unknown,,45,False,sin señal de compra: unknown,"Hola, en Molino y Tortilleria TLAYOLLI puedes agilizar tus ventas cobrando con tarjeta mediante la terminal Konfío. Acepta todas las tarjetas y aumenta el volumen de tu negocio. ¿Te gustaría recibir información?",Tortillería y molino clasificada en MCC 5422 sin información sobre métodos de pago.,,,trc_01M1DFHV0XAZFFD2N2HRYT68Z3,1.0
ChIJbXgd_YyyKIQROftxQbGRrGU,"Molino y Tortillería ""Don Jose""",Guadalajara,"C. Rivera 4832, Las Juntas, 45590 San Pedro Tlaquepaque, Jal., Mexico",33 1691 8831,http://wa.me/523316918831,5422,Misceláneos,unknown,,45,False,sin señal de compra: unknown,"Hola, vi los comentarios positivos sobre la calidad de las tortillas en Molino y Tortillería Don Jose. Si atiendes pedidos grandes para taquerías o eventos, aceptar pagos con tarjeta puede facilitar tus cobros. En Konfío te equipamos con una terminal. ¿Platicamos?",Tortillería tradicional con buena reputación y sin información de cobro con tarjeta.,9,5.0,trc_01M1DFHV0XAZFFD2N2HRYT68Z3,1.0
ChIJnUkVFwBLL4QR3X6PXojkZJg,THE BEARDS BARBER SHOP,Guadalajara,"Pino Suárez 131, Plaza Dominos, 45680 El Salto, Jal., Mexico",33 3446 2343,,7230,Salones de belleza,unknown,,45,False,sin señal de compra: unknown,"Hola, vi las buenas recomendaciones que tienen tus clientes en The Beards Barber Shop por tu excelente atención. Con una terminal Konfío puedes facilitar el cobro con tarjeta a tus clientes y hacer crecer las ventas de tu barbería sin complicaciones. ¿Te gustaría conocer nuestras comisiones?",Barbería con buenas calificaciones sin información concluyente sobre sus medios de pago.,8,4.5,trc_01M1DFHV0XAZFFD2N2HRYT68Z3,1.0
ChIJmUMUhrGTYoYRjBtfTuRrayg,Pollos y carne asada El Yaqui,Monterrey,"Carr. a Colombia, Niños Héroes, 66052 Cdad. Gral. Escobedo, N.L., Mexico",81 3602 6971,,5812,Restaurantes,unknown,,45,False,sin señal de compra: unknown,"Hola, vi las excelentes recomendaciones de su pollo asado en Escobedo. En Konfío te ofrecemos una terminal para cobrar con tarjeta sin complicaciones y agilizar tus cobros diarios. ¿Te gustaría conocer nuestras comisiones?",Restaurante de comida asada sin información pública sobre medios de pago.,7,5.0,trc_01M1DFHV0XAZFFD2N2HRYT68Z3,1.0
ChIJIb7BodYB0oURgHChJ5BO-1o,Mi Fonda,Monterrey,"Av. Central 217, San Pedro de los Pinos, Álvaro Obregón, 01180 Ciudad de México, CDMX, Mexico",56 2409 7381,,5812,Restaurantes,unknown,,45,False,sin señal de compra: unknown,"Hola Eva, leí excelentes opiniones sobre tus desayunos y chiles en nogada en Mi Fonda. Para consentir a tus clientes, una terminal Konfio te permite cobrar con tarjeta rapidamente y hacer crecer tu negocio.",Restaurante con buen volumen de reseñas y sin información explícita de métodos de pago.,160,4.6,trc_01M1DFHV0XAZFFD2N2HRYT68Z3,1.0
ChIJRxTXvdedYoYRK2B8cEA3QWo,Sister's beauty,Monterrey,"Nopal 405, Los Nogales, 66000 García, N.L., Mexico",81 3235 2704,,7230,Salones de belleza,unknown,,45,False,sin señal de compra: unknown,"Hola, vi las buenas resenas de rapidez y atencion en Sister's beauty. Con una terminal Konfio tus clientas pueden pagar sus servicios de belleza con tarjeta de debito y credito comodamente.",Salón de belleza clasificado en MCC 7230 sin registro de medios de pago.,6,5.0,trc_01M1DFHV0XAZFFD2N2HRYT68Z3,1.0
ChIJyROYOwv50YUR-3BH1f8ZE8g,MERCERIA NEWER5,Ciudad de México,"LA CONSTANCIA S/N MERCADO RAMON CORONA LOCAL 369-370-376, COL. INDUSTRIAL, Industrial, Gustavo A. Madero, 07800 DISTRITO FEDERAL, CDMX, Mexico",55 5118 6367,http://mercerianewer5.mercadoshops.com.mx/,5131,Ventas al detalle (Retail),unknown,,45,False,sin señal de compra: unknown,"Hola, vi que en Mercería NEWER5 tienen gran variedad de estambres y mucha clientela haciendo fila. Con una terminal Konfío puedes agilizar tus cobros con tarjeta y reducir tiempos de espera. Te muestro cómo obtenerla sin complicaciones.",Mercería tradicional con alta afluencia de clientes y sin registro de medios de pago electrónicos.,12,4.5,trc_01M1DFHV0XAZFFD2N2HRYT68Z3,1.0
ChIJCTwZSuUCzoURI69wLC4RRBo,Cremería Marfil,Ciudad de México,"Amado Nervo 16, Santa Ana Poniente, Tláhuac, 13300 Ciudad de México, CDMX, Mexico",55 5863 6601,,5451,Ventas al detalle (Retail),unknown,,45,False,sin señal de compra: unknown,"Hola, vi que en Cremería Marfil tienen muy buenas recomendaciones por sus ricos quesos. Si quieres aceptar pagos con tarjeta de débito o crédito para tus ventas diarias, en Konfío tenemos la solución ideal. Te mando detalles.",Comercio de lácteos y cremería local sin información de aceptación de tarjetas.,4,4.0,trc_01M1DFHV0XAZFFD2N2HRYT68Z3,1.0
ChIJeY9dS-ICzoURQc3DhwOaytQ,AMEB Tláhuac,Ciudad de México,"Av. Tlahuac 6497, Zapotitlán, Tláhuac, 13300 Ciudad de México, CDMX, Mexico",55 1466 3052,https://m.facebook.com/academiamexicanadeestilismoybelleza/,7230,Salones de belleza,unknown,,45,False,sin señal de compra: unknown,"Hola, vi que en AMEB Tláhuac tienen gran trayectoria impartiendo cursos de belleza. Para que tus alumnas paguen sus mensualidades e inscripciones fácilmente con tarjeta, en Konfío te ofrecemos terminales prácticas. Te platico cómo funcionan.",Academia de estilismo y belleza sin datos de medios de pago electrónicos registrados.,26,4.7,trc_01M1DFHV0XAZFFD2N2HRYT68Z3,1.0
ChIJNbaIF5GTYoYRvfKb4fVuc1g,Tortillería La Gran Espiga,Monterrey,"Villas de México 300-A, Roble Nuevo, 66055 Cdad. Gral. Escobedo, N.L., Mexico",81 2704 3842,,5422,Misceláneos,confirmed_no_card,campo de Google: solo efectivo,45,True,,"Hola, vi que en Tortillería La Gran Espiga manejas cobros únicamente en efectivo. Con la terminal Konfío puedes aceptar pagos con tarjeta de forma sencilla, evitar perder ventas por falta de cambio y crear historial comercial. ¿Te interesa recibir información sin compromiso?",Tortillería local con cobro exclusivo en efectivo confirmado.,2,3.0,trc_01M1DHHXTHDDBWSFK9FJN1PV33,1.0
ChIJ8cw1smf_0YURhL7ds3Vrrjk,tortillería,Ciudad de México,"Melchor Ocampo mz 18, Campamento 2 de Octubre, Iztacalco, 08930 Ciudad de México, CDMX, Mexico",55 8341 4931,,5422,Misceláneos,confirmed_no_card,campo de Google: solo efectivo,45,True,,"Hola, noté que en tu tortillería solo recibes efectivo. Con la terminal Konfío puedes comenzar a cobrar con tarjeta para no perder ventas cuando los clientes no traigan cambio y crear historial comercial. ¿Te gustaría recibir información?",Tortillería registrada con medio de pago exclusivo en efectivo.,2,5.0,trc_01M1DHHXTHDDBWSFK9FJN1PV33,1.0
ChIJwc9hJRjj0YURhPlGbXMrpR4,Tortillería,Ciudad de México,"Av. Sor Juana Inés de La Cruz 0, Benito Juárez, 57000 Cdad. Nezahualcóyotl, Méx., Mexico",55 6290 6066,,5422,Misceláneos,confirmed_no_card,campo de Google: solo efectivo,45,True,,"Hola, vi que en tu tortillería solo manejas efectivo. Al incorporar una terminal Konfío puedes aceptar pagos con tarjeta de débito y crédito, facilitando la compra de tus clientes y respaldando tu negocio con historial. ¿Te platico cómo funciona?",Comercio de tortillas que solo opera con efectivo.,1,5.0,trc_01M1DHHXTHDDBWSFK9FJN1PV33,1.0
ChIJ7cFQK3MDzoURYacPEo8pOH0,Tortillería San Martín,Ciudad de México,"Av. Puente Ramírez lucal 3, 2da Amp San Juan, Iztapalapa, 09830 Ciudad de México, CDMX, Mexico",55 1148 9439,,5422,Misceláneos,confirmed_no_card,campo de Google: solo efectivo,45,True,,"Hola, vi que en Tortillería San Martín sólo reciben efectivo. Con la terminal de Konfío puedes aceptar tarjetas de débito y crédito al instante, evitando perder ventas de clientes que no traen morralla. Te ayuda a construir historial para hacer crecer tu negocio. ¿Te comparto más información?",Tortillería clasificada en MCC 5422 con confirmación de cobro exclusivo en efectivo.,3,4.7,trc_01M1DHHXTHDDBWSFK9FJN1PV33,1.0
ChIJR_QndF3_0YURYrwzcWVe8bY,Miscelanea 3 Hermanos,Ciudad de México,"C. Bajío 264, código 2, Roma Sur, Cuauhtémoc, 06100 Ciudad de México, CDMX, Mexico",55 8423 1200,,5422,Misceláneos,confirmed_no_card,campo de Google: solo efectivo,45,True,,"Hola, noté que en Miscelanea 3 Hermanos únicamente cobran en efectivo. Con una terminal Konfío puedes recibir pagos con tarjeta de débito y crédito sin complicaciones, aumentando el ticket de tus clientes y creando historial con cada venta. ¿Te gustaría conocer nuestras comisiones transparentes?",Miscelánea de barrio con indicador explícito de solo efectivo.,3,3.7,trc_01M1DHHXTHDDBWSFK9FJN1PV33,1.0
ChIJ3RjTRGwCzoURYjA8VRYXgCE,TORTILLERIA,Ciudad de México,"Catarroja & Caniles 38, Cerro de la Estrella, Iztapalapa, 09860 Ciudad de México, CDMX, Mexico",55 6598 1706,,5422,Misceláneos,confirmed_no_card,campo de Google: solo efectivo,45,True,,"Hola, vi que en la tortillería solo reciben efectivo. Hoy muchos clientes prefieren pagar con tarjeta sus compras diarias. Con una terminal Konfío puedes cobrar fácil, rápido y sin trámites pesados. ¿Te gustaría recibir más información?",Tortillería tradicional registrada con medio de pago exclusivamente en efectivo.,,,trc_01M1DHHXTHDDBWSFK9FJN1PV33,1.0
ChIJSybABzvj0YUR1bKtjexsgik,Miscelanea San José,Ciudad de México,"Av. Dr. Gustavo Baz 295, Benito Juárez, 57000 Cdad. Nezahualcóyotl, Méx., Mexico",55 1167 1611,,5422,Misceláneos,confirmed_no_card,campo de Google: solo efectivo,45,True,,"Hola, noté que en Miscelanea San José solo aceptan efectivo. Aceptar pagos con tarjeta te permite atender a más vecinos que no traen efectivo y hacer crecer tus ventas diarias con Konfío. ¿Te gustaría conocer la terminal?",Comercio de abarrotes y miscelánea con cobro confirmado únicamente en efectivo.,2,2.5,trc_01M1DHHXTHDDBWSFK9FJN1PV33,1.0
ChIJQ_0HkJxML4QRjg6kiYltTLc,Molino y tortillería la morenita,Guadalajara,"Priv. Primitivo Torres 20B, El Terrero, 45681 El Quince, Jal., Mexico",33 3333 3494,,5422,Misceláneos,confirmed_no_card,campo de Google: solo efectivo,45,True,,"Hola, noté que en Molino y Tortillería La Morenita solo aceptas efectivo. Con la terminal Konfío puedes ofrecer cobro con tarjeta a tus clientes para que compren más sin limitarse por el efectivo. ¿Te gustaría que te platique sobre las opciones disponibles?",Molino y tortillería clasificada bajo giro misceláneo que solo acepta efectivo.,,,trc_01M1DHHXTHDDBWSFK9FJN1PV33,1.0
ChIJfbltB-_-0YURHa7hLwxKInk,Recaudería Maryel,Ciudad de México,"La Coruña 286-a, Viaducto Piedad, Iztacalco, 08200 Ciudad de México, CDMX, Mexico",55 5519 3140,,5422,Misceláneos,unknown,,40,False,sin señal de compra: unknown,"Hola, en Recaudería Maryel puedes facilitar la compra de frutas y verduras aceptando cobros con tarjeta. Con la terminal Konfío atiendes más rápido en horas pico y construyes historial para tu negocio. ¿Te interesa recibir más información sin compromiso?",Recaudería de barrio sin información de medios de pago en su ficha de negocio.,25,3.5,trc_01M1DFHV0XAZFFD2N2HRYT68Z3,1.0
ChIJ32imIgAdzoURzjX0TM4kd_A,Morales barber shop jr,Ciudad de México,"56617 Valle de chalco, Av. Emiliano zapata y leona vicario, Manzana 031, San Isidro, 56617 Estado de mexico, Méx., Mexico",55 1924 0061,,7230,Salones de belleza,unknown,,40,False,sin señal de compra: unknown,"Hola, vi que Morales barber shop jr tiene excelentes recomendaciones por su servicio y atencion. Si buscas facilitar el cobro a tus clientes aceptando pagos con tarjeta de credito y debito para incrementar tus ventas, en Konfio te apoyamos con una terminal facil de usar.",Barbería con buen volumen de reseñas pero sin información de métodos de pago.,89,4.6,trc_01M1DFHV0XAZFFD2N2HRYT68Z3,1.0
ChIJg_kgpQRLL4QRiexii6xNtEk,"Estambres, Mercería y más ""La Raíz de papá""",Guadalajara,"Calz. del Trabajo 95-Int 4, Parques Del Triunfo, 45687 El Salto, Jal., Mexico",33 1061 3046,,5131,Ventas al detalle (Retail),unknown,,40,False,sin señal de compra: unknown,"Hola, vi tu tienda Estambres, Mercería y más La Raíz de papá en El Salto. Para facilitar las compras de estambres y materiales a tus clientes, una terminal Konfío te permite recibir pagos con tarjeta sin costos fijos.",Mercería sin información sobre medios de pago.,4,5.0,trc_01M1DFHV0XAZFFD2N2HRYT68Z3,1.0
ChIJOVvvRQD90YURv1vK2p-Ray4,Mi pequeña fonda restaurante,Ciudad de México,"Ermita Iztapalapa 3430, Santa María Aztahuacan, Iztapalapa, 09640 Ciudad de México, CDMX, Mexico",56 4879 4145,,5814,Comida Rápida,unknown,,40,False,sin señal de compra: unknown,"Hola, tus comensales destacan el buen sazón y servicio en Mi pequeña fonda restaurante. Sumar cobros con tarjeta a tu local te ayuda a captar más consumos de paso y facilitar pedidos. ¿Te interesaría conocer cómo funciona nuestra terminal punto de venta?",Fonda de comida rápida sin registro de medios de pago.,3,5.0,trc_01M1DFHV0XAZFFD2N2HRYT68Z3,1.0
ChIJdc_BkKIdzoURDr-87GEYTCw,Recaudería nissi,Ciudad de México,"13420, Amp. Selene, Tláhuac, 13420 Ciudad de México, CDMX, Mexico",55 7092 4023,https://nissi.whatsshops.com/,5422,Misceláneos,unknown,,40,False,sin señal de compra: unknown,"Hola, en Recaudería Nissi destacan por la frescura y calidad de sus productos en Tláhuac. Con la terminal Konfío puedes empezar a aceptar pagos con tarjeta y facilitar las compras diarias de tus clientes. ¿Te gustaría probarla?",Recaudería de barrio clasificada en misceláneos de alimentos sin datos de pago.,7,4.7,trc_01M1DFHV0XAZFFD2N2HRYT68Z3,1.0
ChIJcctSMRb_0YURNGCUYQN-nWU,Cocina economica,Ciudad de México,"H.Congreso de la Unión 74, Santa Anita, Iztacalco, 08300 Ciudad de México, CDMX, Mexico",55 3125 5244,,5812,Restaurantes,unknown,,40,False,sin señal de compra: unknown,"Hola, qué gran sazón casero tienen en Cocina económica. Para facilitar el cobro a los comensales y no perder ventas por falta de cambio, una terminal Konfío te ayuda a aceptar todas las tarjetas de forma rápida. ¿Te platico cómo funciona?",Cocina económica pequeña con pocas reseñas y sin registro de medios de pago.,2,5.0,trc_01M1DFHV0XAZFFD2N2HRYT68Z3,1.0
ChIJj9y84ZyzKIQREfp0Uq6W16U,Tortilleria y Molino Lo Supremo del Maiz,Guadalajara,"Av. Rio de la Plata 241, Camichines II, 45418 Tonalá, Jal., Mexico",33 3680 0420,,5422,Misceláneos,unknown,,40,False,sin señal de compra: unknown,"Hola, vi tu negocio Tortilleria y Molino Lo Supremo del Maiz en Tonalá. Con una terminal Konfío puedes empezar a aceptar cobros con tarjeta sin complicaciones y brindar una opción más práctica a tus clientes habituales.",Tortillería y molino local sin datos explícitos de métodos de pago.,3,4.7,trc_01M1DFHV0XAZFFD2N2HRYT68Z3,1.0
ChIJZ5chduZLL4QRp_2Z_7sLMB0,Pollería (La Casa Del Pollo),Guadalajara,"Campanula 78, 45680 El Salto, Jal., Mexico",33 3725 5637,,5422,Misceláneos,unknown,,40,False,sin señal de compra: unknown,"Hola, en Pollería La Casa Del Pollo tus clientes valoran la atención rápida. Con una terminal Konfío puedes aceptar pagos con tarjeta al instante y facilitar las compras del día a día. ¿Te gustaría ver cómo funciona para tu negocio?",Pollería local sin información pública sobre medios de pago aceptados.,1,5.0,trc_01M1DFHV0XAZFFD2N2HRYT68Z3,1.0
ChIJ7yYz_uH90YURo3yx2Fw71tg,"Recaudería ""Pirules""",Ciudad de México,"Av. Pirules, Las Fuentes, 57600 Cdad. Nezahualcóyotl, Méx., Mexico",55 4050 2207,,5422,Misceláneos,unknown,,40,False,sin señal de compra: unknown,"Hola, en Recaudería Pirules puedes hacer crecer tus ventas diarias cobrando con tarjeta de débito y crédito mediante la terminal Konfío. Ofrece mayor comodidad a tus clientes para sus compras de frutas y verduras frescas. ¿Te gustaría conocer los beneficios y comisiones?",Recaudería clasificada en MCC 5422 con señal de pago desconocida.,1,5.0,trc_01M1DFHV0XAZFFD2N2HRYT68Z3,1.0
ChIJKfXSZxPj0YUR7dUIcYYsgH0,CONSULTORIO DENTAL,Ciudad de México,"Av. 4 15, Las Aguilas, 57900 Cdad. Nezahualcóyotl, Méx., Mexico",55 5185 9151,,8011,Médicos y dentistas,unknown,,40,False,sin señal de compra: unknown,"Hola, en tu CONSULTORIO DENTAL de Las Águilas puedes facilitar el pago de consultas y tratamientos ofreciendo cobro con tarjeta mediante la terminal Konfío. Brinda más opciones a tus pacientes y aumenta tus ingresos. ¿Te gustaría recibir más información sobre nuestras terminales?",Consultorio dental clasificado en MCC 8011 con señal de pago desconocida.,,,trc_01M1DFHV0XAZFFD2N2HRYT68Z3,1.0
ChIJ98i1L2Xj0YURG2ecpnhURk4,Consultorio Dental 6 de Enero,Ciudad de México,"Av. Acuitlapilco 6715, Acuitlapilco, 56335 Chimalhuacán, Méx., Mexico",55 4464 6404,,8011,Médicos y dentistas,unknown,,40,False,sin señal de compra: unknown,"Hola, vi que en Consultorio Dental 6 de Enero ofrecen ortodoncia y consulta general. Para que tus pacientes paguen sus tratamientos fácilmente con tarjeta de crédito o débito, puedes integrar una terminal Konfío. ¿Te gustaría conocer las opciones para tu consultorio?",Consultorio odontológico general sin datos sobre métodos de cobro.,2,3.0,trc_01M1DFHV0XAZFFD2N2HRYT68Z3,1.0
ChIJn4QoP5oezoURRi4VNzAzP9k,Consultorio Dental 🦷,Ciudad de México,"Av. Solidaridad 45, Unión de Guadalupe, 56606 Chalco de Díaz Covarrubias, Méx., Mexico",56 5694 6874,,8011,Médicos y dentistas,unknown,,40,False,sin señal de compra: unknown,"Hola, vi las buenas valoraciones de Consultorio Dental por su excelente atención a pacientes. Para facilitar el cobro de consultas y procedimientos con tarjetas de débito o crédito, te ofrecemos la terminal Konfío. ¿Te gustaría recibir detalles hoy mismo?",Consultorio dental sin datos estructurados ni menciones sobre cobro con tarjeta.,3,5.0,trc_01M1DFHV0XAZFFD2N2HRYT68Z3,1.0
ChIJDY2ME8L10YURB2eDyLYkkRM,Verduzco Tortilladoras Tultitlán,Ciudad de México,"Blvd. Tultitlán Pte. 178, Los Reyes, 54900 Tultitlán de Mariano Escobedo, Méx., Mexico",55 8501 4436,http://www.tortilladoras.com.mx/,5046,Ventas al detalle (Retail),unknown,,40,False,sin señal de compra: unknown,"Hola, en Verduzco Tortilladoras manejan refacciones y maquinaria comercial importante. Ofrecer cobro con tarjeta mediante una terminal Konfío les permite a tus clientes pagar piezas de alto valor fácilmente y a ti crear historial de facturación. ¿Te gustaría recibir más información?",Comercio de refacciones y equipo comercial sin información explícita de métodos de pago.,27,3.8,trc_01M1DFHV0XAZFFD2N2HRYT68Z3,1.0
ChIJiSubHbKdYoYRAieJKwcoNto,Papeleria y merceria Chavita,Monterrey,"66005, Nuevo Amanecer, 66005 García, N.L., Mexico",81 8094 5739,,5943,Ventas al detalle (Retail),unknown,,40,False,sin señal de compra: unknown,"Hola, en Papeleria y merceria Chavita puedes facilitar el cobro de utiles y articulos escolares aceptando tarjetas. Con la terminal Konfio tus clientes pueden pagar con debito o credito sin friccion. Te interesa conocer mas?",Papeleria y merceria de colonia con potencial para TPV.,4,3.0,trc_01M1DFHV0XAZFFD2N2HRYT68Z3,1.0
ChIJsz22MACdYoYRe_4ygR3Ba3U,BARBERIA FENIX,Monterrey,"Sor Juana Inés de La Cruz 407, Fray Juan Antonio de Sobrevilla, 66005 García, N.L., Mexico",0000000000,,7230,Salones de belleza,unknown,,40,False,sin señal de compra: unknown,"Hola, en Barbería Fénix puedes brindar mayor comodidad a tus clientes aceptando pagos con tarjeta de crédito o débito con la terminal Konfío. Es muy práctica y rápida para tu servicio. ¿Te gustaría que te platique cómo funciona?",Barbería con poca actividad registrada y sin información sobre medios de pago.,1,5.0,trc_01M1DFHV0XAZFFD2N2HRYT68Z3,1.0
ChIJw7GYF1b50YURrMG16GLYzPc,Cremería Americana Suc. Vallejo,Ciudad de México,"Pte. 148 512, Nueva Industrial Vallejo, Gustavo A. Madero, 07720 Ciudad de México, CDMX, Mexico",55 5719 2171,http://www.cremeria-americana.com.mx/,5451,Ventas al detalle (Retail),unknown,,40,False,sin señal de compra: unknown,"Hola, en Cremería Americana Vallejo puedes agilizar las compras de tus clientes aceptando tarjetas con la terminal Konfío. Te ayuda a recibir cobros sin fricción y generar historial con cada venta.",Cremería y lácteos clasificada en retail sin información específica de cobro.,23,4.5,trc_01M1DFHV0XAZFFD2N2HRYT68Z3,1.0
ChIJeTrMQmzj0YUR8B6YrBGqepg,"""El botonazo"" mercería",Ciudad de México,"C. la Ardilla 232, Benito Juárez, 57000 Cdad. Nezahualcóyotl, Méx., Mexico",55 7621 3339,,5131,Ventas al detalle (Retail),unknown,,40,False,sin señal de compra: unknown,"Hola, noté que en tu mercería El botonazo destacan por sus precios y buen surtido de mercancía. Para que no pierdas ventas cuando tus clientes compren por mayoreo, una terminal para cobrar con tarjeta te sería muy útil. ¿Te interesa recibir información?",Mercería minorista sin información de medios de pago disponibles.,4,5.0,trc_01M1DFHV0XAZFFD2N2HRYT68Z3,1.0
ChIJZ7mooMAfzoUR89hbgEWHRO8,Pollería Juárez,Ciudad de México,"Av. Altamirano mz.1121, Manzana 017 entre Av. Zapata y oriente 12, San Isidro, 56617 Valle de Chalco Solidaridad, Méx., Mexico",55 4457 5914,,5422,Misceláneos,unknown,,40,False,sin señal de compra: unknown,"Hola, en Pollería Juárez puedes sumar clientes ofreciendo pago con tarjeta de débito y crédito. Con la terminal Konfío cobras al instante de forma segura y sin trámites complicados. ¿Te comparto más detalles para tu negocio?",Comercio minorista de pollo clasificado en misceláneos sin reseñas de pagos.,1,5.0,trc_01M1DFHV0XAZFFD2N2HRYT68Z3,1.0
ChIJ_WMPiitRL4QRrvjcnxvUEXM,"Pollos asados ""LESMA""",Guadalajara,"Valle de Los Sauces 208, 45640 Tlajomulco de Zúñiga, Jal., Mexico",33 1012 9769,,5814,Comida Rápida,unknown,,40,False,sin señal de compra: unknown,"Hola, vi los buenos comentarios sobre el chicharron y sabor de tus pollos en Pollos asados LESMA. Acepta pagos con tarjeta con una terminal Konfio y dales a tus clientes una forma mas comoda de pagar. ¿Hablamos hoy para activarla?",Restaurante de comida rápida con flujo constante y sin evidencia de terminal.,12,4.6,trc_01M1DFHV0XAZFFD2N2HRYT68Z3,1.0
ChIJa28Z2GIniIYRppZy5DzyPHE,Papelería HI,Monterrey,"Sta. Margarita, 66012 García, N.L., Mexico",81 1530 2101,,5943,Ventas al detalle (Retail),unknown,,40,False,sin señal de compra: unknown,"Hola, veo que en Papelería HI destacan por su excelente servicio. Si buscas facilitar las compras escolares y de oficina aceptando pagos con tarjeta de crédito y débito, una terminal Konfío es la solución ideal. ¿Te gustaría conocer nuestras tarifas transparentes?",Papelería local con pocas reseñas y sin información de medios de pago.,4,5.0,trc_01M1DFHV0XAZFFD2N2HRYT68Z3,1.0
ChIJV72bRwDj0YUReJdz_0GiPO8,Consultorio Dental,Ciudad de México,"Av. Chimalhuacán 671, Esperanza, 57800 Cdad. Nezahualcóyotl, Méx., Mexico",55 8765 0475,,8011,Médicos y dentistas,unknown,,40,False,sin señal de compra: unknown,"Hola, vi tu Consultorio Dental en Neza. Ofrecer cobro con tarjeta con la terminal Konfío permite a tus pacientes liquidar sus consultas y tratamientos con facilidad, mejorando el flujo de tu negocio. ¿Te gustaría recibir información?",Consultorio dental sin datos de medios de pago disponibles.,1,5.0,trc_01M1DFHV0XAZFFD2N2HRYT68Z3,1.0
ChIJ23EDDL4fzoURIoEChzpSsns,"Mercería ""ALE""",Ciudad de México,"Sta. Cruz 4, Santa Cruz Amalinalco, 56609 Chalco de Díaz Covarrubias, Méx., Mexico",56 4600 0113,,5131,Ventas al detalle (Retail),unknown,,40,False,sin señal de compra: unknown,"Hola, vi tu mercería en Santa Cruz Amalinalco. Si buscas cobrar con tarjeta y recibir tus pagos de inmediato sin complicaciones, en Konfío te apoyamos con una terminal rápida para que no pierdas ventas.",Mercería minorista sin información de medios de pago ni reseñas.,,,trc_01M1DFHV0XAZFFD2N2HRYT68Z3,1.0
ChIJc9PqFwD10YURCGWK7EHoW3o,Marber la Cremería S031 Tultitlan N-4 B-23,Ciudad de México,"De las Torres 64, Sin Nombre, 54910 Fuentes del Valle, Méx., Mexico",56 1025 7648,https://i-sml.mtrbio.com/public/smartlink/marber-la-cremeria,5451,Ventas al detalle (Retail),unknown,,40,False,sin señal de compra: unknown,"Hola, vi tu cremería Marber en Fuentes del Valle. Si quieres agilizar el cobro de tus productos lácteos y aceptar tarjetas de débito o crédito, en Konfío tenemos terminales pensadas para tu negocio.",Cremería y tienda de lácteos sin datos explícitos de métodos de pago.,1,5.0,trc_01M1DFHV0XAZFFD2N2HRYT68Z3,1.0
ChIJkUn2HkrAYoYRd9JR4S5eLFg,Leo Salón de Belleza,Monterrey,"Raymundo Albaguer #3904, Raymundo Almaguer, 67182 Guadalupe, N.L., Mexico",81 8360 6764,https://www.facebook.com/LeoSalondeBelleza/,7230,Salones de belleza,unknown,,40,False,sin señal de compra: unknown,"Hola, vi que atienden diversos servicios de corte y aplicación de uñas en Leo Salón de Belleza. Con la terminal Konfío puedes facilitar el pago con tarjeta a tus clientas y registrar todo tu volumen de ventas sin complicaciones. ¿Te comparto más detalles hoy?",Salón de belleza con 50 reseñas sin información explícita sobre métodos de pago aceptados.,50,4.5,trc_01M1DFHV0XAZFFD2N2HRYT68Z3,1.0
ChIJjw-c31YDzoURUZz_eJev5YQ,RECAUDERÍA ARNOL,Ciudad de México,"Emilio Berliner, Fuego Nuevo, Iztapalapa, 09800 Ciudad de México, CDMX, Mexico",248 488 5149,,5422,Misceláneos,unknown,,40,False,sin señal de compra: unknown,"Hola, veo que atiendes a tu comunidad con excelentes productos en Recaudería Arnol. Con la terminal Konfío puedes aceptar pagos con tarjeta fácilmente y brindar una opción más práctica a tus clientes.",Recaudería clasificada bajo MCC 5422 sin evidencia de métodos de pago.,1,5.0,trc_01M1DFHV0XAZFFD2N2HRYT68Z3,1.0
ChIJtbnWJ9EDzoURIlBRwy9E-ig,Barber Shop el Punto,Ciudad de México,"Av. Tlahuac 5161, San Lorenzo Tezonco, Iztapalapa, 09790 Ciudad de México, San Lorenzo, Iztapalapa, 09790 CDMX, Mexico",55 2034 5145,,7230,Salones de belleza,unknown,,40,False,sin señal de compra: unknown,"Hola, te contacto de Konfío. Si en Barber Shop el Punto buscas sumar cobros con tarjeta para comodidad de tus clientes en cada corte, nuestras terminales son ideales para tu negocio. ¿Te gustaría que te comparta más información?",Barbería y peluquería clasificada bajo MCC 7230 sin información de medios de pago.,,,trc_01M1DFHV0XAZFFD2N2HRYT68Z3,1.0
ChIJ4xXyYXEBzoURbj_qXWb_pJE,Tortilleria Del sur,Ciudad de México,"Constitucion de 1917 31-Loc 1, San Lorenzo la Cebada, Xochimilco, 16035 Ciudad de México, CDMX, Mexico",55 7808 4218,,5422,Misceláneos,unknown,,40,False,sin señal de compra: unknown,"Hola, te escribo de Konfío. Queremos ayudarte en Tortilleria Del sur a equipar tu mostrador con una terminal para aceptar cobros con tarjeta rápido y sin perder ventas cuando la gente no trae efectivo. ¿Te interesaría conocer las opciones?",Tortillería clasificada bajo MCC 5422 sin datos de medios de pago registrados.,1,4.0,trc_01M1DFHV0XAZFFD2N2HRYT68Z3,1.0
ChIJidNQP0cfzoURB9_rIhxT9-Y,Blissman Barberia,Ciudad de México,"C. Reforma 1-5, Chalco Centro, 56600 Chalco de Díaz Covarrubias, Méx., Mexico",55 6220 6091,,7230,Salones de belleza,unknown,,40,False,sin señal de compra: unknown,"Hola, leí excelentes opiniones sobre el servicio y atención en Blissman Barbería. Ofrecer cobro con tarjeta a través de una terminal moderna mejora la experiencia de tus clientes y respalda tu volumen de venta. ¿Te gustaría revisarlo?",Barbería con 74 opiniones y sin información específica sobre cobro con tarjeta.,74,4.6,trc_01M1DFHV0XAZFFD2N2HRYT68Z3,1.0
ChIJJytdGMwdzoURil3HOhk7RNM,"Consultorio Dental ""Cecy""",Ciudad de México,"Av Soto y Gama 6, Alfredo del Mazo, 56619 Valle de Chalco Solidaridad, Méx., Mexico",15559441011,,8011,Médicos y dentistas,unknown,,40,False,sin señal de compra: unknown,"Hola Dra. Cecy, vi las excelentes opiniones sobre tu atención en Consultorio Dental Cecy. Para ofrecer pagos con tarjeta en tus tratamientos dentales y construir historial de cobro, te ofrezco la terminal Konfío. ¿Te interesa recibir más información?",Consultorio dental sin datos estructurados de cobro pero giro ideal para TPV.,5,5.0,trc_01M1DFHV0XAZFFD2N2HRYT68Z3,1.0
ChIJMZW5spX10YURcb3tIzru8eY,"CARNICERÍA Y VERDULERÍA ""LA VICTORIA""",Ciudad de México,"C. 16 de Septiembre 26, Santiaguito, 54900 Tultitlán de Mariano Escobedo, Méx., Mexico",55 8341 1116,,5422,Misceláneos,unknown,,40,False,sin señal de compra: unknown,"Hola, vi que en Carnicería y Verdulería La Victoria destacan por la calidad de sus productos frescos. Con la terminal Konfío puedes empezar a aceptar tarjeta en tu mostrador y facilitar las compras grandes de tus clientes. ¿Te mando información?",Carnicería y verdulería de venta al por menor sin reporte de medios de pago.,3,4.7,trc_01M1DFHV0XAZFFD2N2HRYT68Z3,1.0
ChIJQS13gjz10YURO6Q6uzQ3Kn4,Papelería Andy,Ciudad de México,"Av. Alamo Los reyes Tultitlán, Los Reyes, 54915 Estado De Mexico, Méx., Mexico",56 3970 2825,,5943,Ventas al detalle (Retail),unknown,,40,False,sin señal de compra: unknown,"Hola, vi que en Papelería Andy atienden a los vecinos de Los Reyes. Para que puedas cobrar útiles y trámites escolares con tarjeta, te ofrezco la terminal Konfío con activación inmediata. ¿Te interesa recibir detalles?",Papelería minorista sin registro de métodos de pago.,3,3.7,trc_01M1DFHV0XAZFFD2N2HRYT68Z3,1.0
ChIJA4XSotz30YURZZoxIQCAhgY,Mercería y Reparación de Ropa el Hilo de Oro,Ciudad de México,"54958, Manzana 002, Lomas de Cartagena, 54958 Tultitlán de Mariano Escobedo, Méx., Mexico",55 4936 0423,,5131,Ventas al detalle (Retail),unknown,,40,False,sin señal de compra: unknown,"Hola, vi que en Mercería y Reparación de Ropa el Hilo de Oro ofrecen gran variedad de hilos y composturas. Aceptar pagos con tarjeta con la terminal Konfío te permitirá asegurar cobros de trabajos especiales. ¿Te gustaría información?",Mercería y arreglo de ropa sin medios de pago estructurados.,4,5.0,trc_01M1DFHV0XAZFFD2N2HRYT68Z3,1.0
ChIJFbxjABGzKIQRvseVfBVchdQ,La Fonda de teresita,Guadalajara,"Oasis 184, Lomas del Camichin I, 45403 Tonalá, Jal., Mexico",33 1757 4930,,5812,Restaurantes,unknown,,40,False,sin señal de compra: unknown,"Hola, vi que tienes La Fonda de teresita en Tonala. Si buscas facilitar el cobro de tus desayunos y comidas, con una terminal Konfio puedes aceptar tarjeta sin complicaciones tecnicas ni rentas fijas.",Fonda y restaurante de desayunos clasificado en restaurantes.,,,trc_01M1DFHV0XAZFFD2N2HRYT68Z3,1.0
ChIJL4B042BLL4QRFx3qia0Vt2Y,Celeste Art,Guadalajara,"GR89+FQW, Calle Ignacio Allende 33, Centro, 45680 El Salto, Jal., Mexico",33 2830 1392,https://www.instagram.com/this.celesteart/profilecard/?igsh=MXZ6Nm54a2cwdjdzNA==,7230,Salones de belleza,unknown,,40,False,sin señal de compra: unknown,"Hola, en Celeste Art hacen un trabajo excelente en uñas y manicure. Con una terminal Konfío puedes cobrar fácilmente con tarjeta todos tus servicios y citas. ¿Te interesa conocerla?",Salón de uñas y estética sin señales explícitas de cobro con tarjeta.,11,4.6,trc_01M1DFHV0XAZFFD2N2HRYT68Z3,1.0
ChIJhYZKYwBLL4QRdvFAAWqQRRY,Barbería La Curva,Guadalajara,"A Juanacatlán 510, La Haciendita, 45680 El Salto, Jal., Mexico",33 1764 0206,,7230,Salones de belleza,unknown,,40,False,sin señal de compra: unknown,"Hola, en Barbería La Curva ofrecen cortes y venta de camisas y gorras. Con la terminal Konfío puedes cobrar tanto servicios como productos con tarjeta al instante. ¿Te platico más?",Barbería con venta de accesorios sin mención de terminal o métodos de pago.,9,5.0,trc_01M1DFHV0XAZFFD2N2HRYT68Z3,1.0
ChIJi3cqNQBRL4QRSuFZmBAeq7c,Papelería y Mercería La Gloria Tabachines,Guadalajara,"C. Valle de los Eucaliptos 189, 45656 Tlajomulco de Zúñiga, Jal., Mexico",33 2626 2752,,5131,Ventas al detalle (Retail),unknown,,40,False,sin señal de compra: unknown,"Hola, vi que Papelería y Mercería La Gloria Tabachines apoya a la comunidad con su horario flexible. Para que tus clientes compren material escolar y mercería sin limitarse al efectivo, una terminal Konfío es la solución ideal. ¿Te gustaría recibir detalles para tu negocio?","Mercería y papelería local clasificada en ventas al detalle, candidata a incorporar cobro con tarjeta.",1,5.0,trc_01M1DFHV0XAZFFD2N2HRYT68Z3,1.0
ChIJDURvN9X30YURhgFaT2IH4dU,Recauderia Rud,Monterrey,"Sieerra de Guadalupe, Manzana 021, Sierra de Guadalupe, 54957 México, Méx., Mexico",56 4731 7100,,5422,Misceláneos,unknown,,40,False,sin señal de compra: unknown,"Hola, te contacto de Konfío para apoyar a Recauderia Rud. Aceptar tarjetas de débito y crédito en la venta de frutas y verduras te permite captar más ventas del día a día y aumentar el ticket de tus clientes. ¿Te gustaría conocer nuestra terminal punto de venta?",Recaudería/verdulería clasificada bajo MCC 5422 sin evidencia explícita de terminal.,,,trc_01M1DFHV0XAZFFD2N2HRYT68Z3,1.0
ChIJhzoFDpj_0YURtBGcVRP2pQg,Recaudería Lulú y Raúl,Monterrey,"Mercado De Nativitas Local 44, Narvarte Poniente, Benito Juárez, 03420 Ciudad de México, CDMX, Mexico",55 3902 5278,,5422,Misceláneos,unknown,,40,False,sin señal de compra: unknown,"Hola, en Recaudería Lulú y Raúl puedes aumentar las ventas de tus frutas y verduras aceptando tarjetas de crédito y débito. Equipa tu puesto con una terminal fácil de usar y sin complicaciones para tus clientes.",Recaudería / verdulería ubicada en mercado clasificada bajo MCC 5422 sin datos estructurados de cobro.,,,trc_01M1DFHV0XAZFFD2N2HRYT68Z3,1.0
ChIJYf-d2X__0YUR9txsmCcc_TM,Cremería y Salchichonería,Monterrey,"13 24, San Pedro de los Pinos, Benito Juárez, 03630 Ciudad de México, CDMX, Mexico",55 5672 7551,,5451,Ventas al detalle (Retail),unknown,,40,False,sin señal de compra: unknown,"Hola, en Cremería y Salchichonería puedes facilitar el pago a tus clientes recibiendo tarjetas. Una terminal te ayuda a cerrar compras más altas y llevar un mejor registro de tus ventas del día a día.",Cremería clasificada con MCC 5451 sin información de medios de pago.,,,trc_01M1DFHV0XAZFFD2N2HRYT68Z3,1.0
ChIJL2YqO-L_0YURizBTwktLBO0,Miscelánea de Barrio,Ciudad de México,"And. 4, Gabriel Ramos Millán, Iztacalco, 08730 Ciudad de México, CDMX, Mexico",55 1180 6430,,5422,Misceláneos,unknown,,40,False,sin señal de compra: unknown,"Hola, me pongo en contacto con tu miscelanea para ofrecerte una solucion de cobro con tarjeta. Aceptar pagos electronicos te ayuda a sumar mas clientes del barrio que ya no usan efectivo. Te paso la informacion sin compromiso.",Miscelánea de barrio clasificada en MCC 5422 sin presencia de reseñas ni datos de pago.,,,trc_01M1DFHV0XAZFFD2N2HRYT68Z3,1.0
ChIJsaeZEU7j0YUR2Y986YDsLHo,"Mercería, papelería, regalos, cosméticos y novedades Gaby",Ciudad de México,"Av. Vasco de Quiroga 3, San Pablo, 56334 Chimalhuacán, Méx., Mexico",55 2848 6736,,5947,Ventas al detalle (Retail),unknown,,40,False,sin señal de compra: unknown,"Hola, en tu tienda Gaby manejas gran variedad de regalos y cosméticos. Cobrar con tarjeta te ayuda a asegurar compras por impulso y tickets más altos. Te ofrezco una terminal Konfío con comisiones claras para tu negocio. ¿Te interesa recibir información?",Tienda de novedades y regalos sin datos registrados sobre aceptación de pagos con tarjeta.,4,4.5,trc_01M1DFHV0XAZFFD2N2HRYT68Z3,1.0
ChIJb7kVkUYczoURKNX3guLLOZY,Salón de Belleza D'camila,Ciudad de México,"Av. Cuautemoc Esquina con, Av Tlaloc, Niños Heroes, 56610 Valle de Chalco Solidaridad, Méx., Mexico",55 2645 2902,,7230,Salones de belleza,unknown,,40,False,sin señal de compra: unknown,"Hola, vi las valoraciones positivas sobre tu trabajo en Salón de Belleza D'camila. Aceptar tarjeta te ayuda a ofrecer servicios completos sin que tus clientas se limiten por el efectivo disponible. Con la terminal Konfío cobras de forma muy simple. ¿Te interesa?",Salón de belleza y estética sin datos públicos de aceptación de tarjetas.,6,4.8,trc_01M1DFHV0XAZFFD2N2HRYT68Z3,1.0
ChIJVVWmfjn_0YUR_9CICEUebKY,La Miscelánea,Guadalajara,"Tonalá 95, Roma Nte., Cuauhtémoc, 06700 Ciudad de México, CDMX, Mexico",55 2331 1422,http://lamiscelaneamx.com/,5422,Misceláneos,unknown,,40,False,sin señal de compra: unknown,"Hola, en La Miscelánea puedes modernizar tus cobros aceptando todas las tarjetas con la terminal Konfío. Ofrece mayor comodidad a tus clientes y genera más ventas en tu negocio. ¿Te gustaría conocer cómo funciona?",Tienda miscelánea clasificada en MCC 5422 sin evidencia de medios de pago.,1,3.0,trc_01M1DFHV0XAZFFD2N2HRYT68Z3,1.0
ChIJATP0fwBLL4QRqmpgTQyN4o8,Ferreteria del Angel Coto C Solo Herramientas,Guadalajara,"El Tabaquillo 3215, 44690 El Salto, Jal., Mexico",33 2600 1769,,5251,Refacciones y ferretería,unknown,,40,False,sin señal de compra: unknown,"Hola, noté que tienes excelentes opiniones por tu surtido en Ferretería del Angel. Con una terminal Konfío puedes aceptar pagos con tarjeta de débito y crédito al instante y facilitar las compras de tus clientes. ¿Te comparto más detalles para tu ferretería?",Ferretería local sin datos registrados de medios de pago.,2,5.0,trc_01M1DFHV0XAZFFD2N2HRYT68Z3,1.0
ChIJ9UvsbACdYoYRpfQoYsm-li8,Tacos los García,Monterrey,"Av. Hacienda del Sol 533, Heroes De Capellania, 66003 García, N.L., Mexico",81 2569 3474,https://www.facebook.com/profile.php?id=100057458739574&mibextid=ZbWKwL,5814,Comida Rápida,unknown,,40,False,sin señal de compra: unknown,"Hola, vi que a tus clientes les encantan los hot dogs y la comida en Tacos los Garcia. Con una terminal Konfio puedes aceptar tarjetas y cobrar al instante a quienes van por sus cenas.",Establecimiento de comida rápida sin datos de medios de pago disponibles.,3,5.0,trc_01M1DFHV0XAZFFD2N2HRYT68Z3,1.0
ChIJDW2MpwT50YURGPcFRuL5FPU,Tortillería Juanita,Ciudad de México,"Brahms 63-A, Guadalupe Victoria II, Gustavo A. Madero, 07790 Ciudad de México, CDMX, Mexico",55 6311 0224,,5422,Misceláneos,unknown,,40,False,sin señal de compra: unknown,"Hola, vi que en Tortilleria Juanita destacan por su atencion rapida y tortillas calientitas. Con una terminal Konfio puedes aceptar cobros con tarjeta y ofrecer una opcion comoda de pago a tus clientes.",Tortillería local sin datos estructurados de medios de pago.,3,4.7,trc_01M1DFHV0XAZFFD2N2HRYT68Z3,1.0
ChIJRW8xHAADzoURCRFBB2ksZyc,Recauderia RD,Ciudad de México,"Juan de Dios Peza 29, Villa Centroamericana I, Tláhuac, 13278 Ciudad de México, CDMX, Mexico",55 7503 5826,,5422,Misceláneos,unknown,,40,False,sin señal de compra: unknown,"Hola, en Recaudería RD surtes diario a tu colonia. Con una terminal Konfío puedes aceptar pagos con tarjeta de tus clientes y asegurar más ventas todos los días sin perder compras. Te platico cómo funciona.",Recaudería y frutería de barrio sin registro de cobro con tarjeta.,,,trc_01M1DFHV0XAZFFD2N2HRYT68Z3,1.0
ChIJwxa68X330YURsjJ62dnkOxg,Tortilleria Azteca,Ciudad de México,"07290, Cuauhtémoc MZ48LT33, La Pastora, Gustavo A. Madero, 07290 Ciudad de México, CDMX, Mexico",55 2227 2222,,5422,Misceláneos,confirmed_no_card,campo de Google: no acepta tarjetas de débito,40,True,,"Hola, veo que en Tortilleria Azteca no manejas cobro con tarjeta de débito. Con una terminal Konfío puedes empezar a aceptar plásticos de forma muy sencilla, facilitando las compras diarias a tus clientes y generando historial con tu facturación. ¿Te gustaría que te platique cómo funciona?",Tortillería que registra no aceptar tarjetas de débito en sus medios de pago estructurados.,2,5.0,trc_01M1DHHXTHDDBWSFK9FJN1PV33,1.0
ChIJfTcpc3P70YURY5ZkiTPl_VA,"Tortillería ""Itzel""",Ciudad de México,"Valle de Sagitario Manzana 070 entre calle crisantemos y calle Dalias, Jardines de Aragon, 55140 Ecatepec de Morelos, Méx., Mexico",56 3073 9300,,5422,Misceláneos,confirmed_no_card,campo de Google: solo efectivo,40,True,,"Hola, noté que en Tortillería Itzel operan únicamente con efectivo. Con la terminal portátil de Konfío puedes empezar a cobrar con tarjeta al momento, dando mejor servicio a tus clientes y sumando historial con cada cobro. ¿Te gustaría recibir más información sin compromiso?",Tortillería local con campo de medio de pago exclusivo en efectivo.,1,5.0,trc_01M1DHHXTHDDBWSFK9FJN1PV33,1.0
ChIJ-czfFnMCzoURyJsKfEJzRy8,miscelánea la chiquita,Ciudad de México,"lt, Bugambilias, San Juan Xalpa, Iztapalapa, 09850 Ciudad de México, CDMX, Mexico",55 1111 5111,,5422,Misceláneos,confirmed_no_card,campo de Google: solo efectivo,40,True,,"Hola, vi que en miscelánea la chiquita solo manejas cobros en efectivo. Si integras una terminal Konfío puedes aceptar tarjetas y aumentar las ventas de tu tienda fácilmente. ¿Te gustaría saber cómo conseguirla?",Miscelánea pequeña con señal confirmada de solo efectivo.,1,3.0,trc_01M1DHHXTHDDBWSFK9FJN1PV33,1.0
ChIJNwse6wH70YURl-RotmzAXGY,mercería paquita,Ciudad de México,"Av 414 6, San Juan de Aragón VII Secc, Gustavo A. Madero, 07910 Ciudad de México, CDMX, Mexico",55 4519 5708,,5131,Ventas al detalle (Retail),unknown,,35,False,sin señal de compra: unknown,"Hola, vi que Mercería Paquita tiene más de 50 años de tradición atendiendo proyectos de tejido. Con la terminal Konfío puedes ofrecer cobro con tarjeta a tus clientes y modernizar tus ventas sin complicaciones. ¿Te gustaría recibir más detalles?",Mercería tradicional sin datos de medios de pago disponibles.,1,5.0,trc_01M1DFHV0XAZFFD2N2HRYT68Z3,1.0
ChIJ4yMkUQAZzoUREsspb_0CPn4,Tortillería y Molino El Abuelo,Ciudad de México,"Calle Hidalgo 76, La Conchita, 56600 Chalco de Díaz Covarrubias, Méx., Mexico",55 4943 8698,,5422,Misceláneos,unknown,,35,False,sin señal de compra: unknown,"Hola, vi la excelente calificación de Tortillería y Molino El Abuelo y su servicio a domicilio. Con la terminal Konfío puedes cobrar con tarjeta tanto en mostrador como en entregas, sumando más ventas para tu negocio.",Tortillería y molino con bajo volumen de reseñas y sin datos de pago.,3,5.0,trc_01M1DFHV0XAZFFD2N2HRYT68Z3,1.0
ChIJAUGm8TP10YUR7A89EW68Tio,"Panadería ""La Güera"" 2",Ciudad de México,"Av San Antonio 33, Belén, 54900 Tultitlán de Mariano Escobedo, Méx., Mexico",55 1060 9340,https://www.facebook.com/panaderialaguera2020?mibextid=ZbWKwL,5462,Ventas al detalle (Retail),unknown,,35,False,sin señal de compra: unknown,"Hola, vi que en Panaderia La Guera 2 tienen muy buenas resenas por su pan horneado y pedidos. Para que tus clientes paguen comodamente sus pedidos especiales con tarjeta, en Konfio te ofrecemos una terminal practica y transparente.",Panadería pequeña sin datos explícitos de formas de pago.,4,5.0,trc_01M1DFHV0XAZFFD2N2HRYT68Z3,1.0
ChIJR6sK6Ii1KIQRwc0fTAfLmQc,MERCERIA CHIVAS GUADALAJARA,Guadalajara,"Morelos 77, Tonalá Centro, 45400 Tonalá, Jal., Mexico",33 1450 0232,,5131,Ventas al detalle (Retail),unknown,,35,False,sin señal de compra: unknown,"Hola, vi que en MERCERIA CHIVAS GUADALAJARA tienen un excelente surtido de hilos y estambres. Para facilitar las compras grandes de tus clientes mediante cobro con tarjeta, ponemos a tu disposicion la terminal Konfio sin complicaciones.",Mercería con bajo volumen de reseñas y sin información de pago registrada.,6,4.3,trc_01M1DFHV0XAZFFD2N2HRYT68Z3,1.0
ChIJq17EMNgB0oUR-vE-MM9qAdQ,Polleria and Recauderia Garcia,Monterrey,"C. Zenzontle 8-Loc 1, Bellavista, Álvaro Obregón, 01140 Ciudad de México, CDMX, Mexico",55 5272 0654,,5422,Misceláneos,unknown,,35,False,sin señal de compra: unknown,"Hola, en Pollería y Recaudería García ofreces productos frescos para el día a día. Aceptar pagos con tarjeta y tecnología sin contacto te permite atraer vecinos que no cargan efectivo. ¿Te gustaría recibir información de nuestra terminal para tu negocio?",Comercio de abarrotes y perecederos con poca actividad en reseñas y pago desconocido.,1,5.0,trc_01M1DFHV0XAZFFD2N2HRYT68Z3,1.0
ChIJ_RAd91VTL4QRAPnkA1MYDuM,La purisima merceria,Guadalajara,"Calle Hidalgo Pte 33, Centro, 45640 Tlajomulco de Zúñiga, Jal., Mexico",33 3798 1230,,5131,Ventas al detalle (Retail),unknown,,35,False,sin señal de compra: unknown,"Hola, en La purisima merceria puedes incrementar tus ventas diarias aceptando tarjetas de débito y crédito. Con la terminal Konfío cobras de inmediato y comienzas a crear historial de facturación para tu negocio. ¿Te gustaría que te enviemos detalles?",Mercería tradicional sin reseñas ni datos de medios de pago.,,,trc_01M1DFHV0XAZFFD2N2HRYT68Z3,1.0
ChIJ_5jjkd0B0oURj1vYHrs-VgQ,Mercería y Artículos Para Regalos El Sol,Monterrey,"Gral. José Montesinos 50, Amp Daniel Garza, Miguel Hidalgo, 11830 Ciudad de México, CDMX, Mexico",55 5516 5096,,5947,Ventas al detalle (Retail),unknown,,35,False,sin señal de compra: unknown,"Hola, vi que destacan la envoltura de regalos en Mercería El Sol. Si buscas ofrecer pagos con tarjeta a tus clientes para regalos o mercería, la terminal Konfío te permite cobrar al instante y construir historial con tus ventas.",Tienda de mercería y regalos con bajo volumen de reseñas y sin señal de pago.,1,5.0,trc_01M1DFHV0XAZFFD2N2HRYT68Z3,1.0
ChIJD4x2eB-dYoYRZOwBx-51u9E,POLLO SONICO,Monterrey,"Maravilla 146, Los Nogales, 66000 García, N.L., Mexico",81 3579 0145,,5814,Comida Rápida,unknown,,35,False,sin señal de compra: unknown,"Hola, vi tu local POLLO SONICO en García. Para facilitarle el pago a tus clientes y no perder ventas por falta de efectivo, la terminal Konfío te permite aceptar cobros con tarjeta de manera rápida y segura.",Restaurante de comida rápida con bajo volumen de reseñas y sin señal de pago.,1,5.0,trc_01M1DFHV0XAZFFD2N2HRYT68Z3,1.0
ChIJJ_AolwIfzoURCH-uCeY8r-c,Recaudería Hnos Martínez,Ciudad de México,"Oriente 33 Mz.44, Lote 3 Local B, Providencia, 56616 Valle de Chalco Solidaridad, Méx., Mexico",55 1810 2297,,5422,Misceláneos,unknown,,35,False,sin señal de compra: unknown,"Hola, te contacto de Konfío. Si en Recaudería Hnos Martínez buscas ofrecer cobro con tarjeta a tus clientes para surtir su mandado con mayor facilidad, te podemos equipar con una terminal fácil de usar. ¿Te gustaría revisar cómo solicitarla?",Comercio de venta de verduras y abarrotes con bajo número de reseñas y sin medio de pago especificado.,2,4.0,trc_01M1DFHV0XAZFFD2N2HRYT68Z3,1.0
ChIJMyZhPQD10YURdlS8EYbL0WA,Polleria Charly,Ciudad de México,"Priv. Hidalgo 16, Santiaguito, 54900 Tultitlán de Mariano Escobedo, Méx., Mexico",56 1512 3151,,5422,Misceláneos,unknown,,35,False,sin señal de compra: unknown,"Hola, tus clientes destacan la frescura del producto en Polleria Charly. Si buscas facilitarles el cobro diario con tarjeta y agilizar las ventas en mostrador, la terminal Konfío es una gran opción. ¿Te muestro cómo empezar a cobrar con tarjeta?",Pollería de venta directa de cárnicos sin datos específicos sobre medios de pago.,4,5.0,trc_01M1DFHV0XAZFFD2N2HRYT68Z3,1.0
ChIJFa4SU8-1KIQRqBKWyWM1-FA,CREMERIA SAN ANDRES,Guadalajara,"C. San Andrés 521, Tonalá, 45400 Tonalá, Jal., Mexico",33 1597 7090,,5451,Ventas al detalle (Retail),unknown,,35,False,sin señal de compra: unknown,"Hola, vi los buenos comentarios sobre el surtido en Cremería San Andrés. Implementar una terminal Konfío para cobrar con tarjeta te permite brindar un servicio más rápido y asegurar compras más grandes. ¿Te comparto las comisiones?",Cremería y tienda de lácteos con datos de pago no especificados.,12,4.6,trc_01M1DFHV0XAZFFD2N2HRYT68Z3,1.0
ChIJFziHPADDYoYR8iSAdj8VKuU,tortillas de harina Adri,Monterrey,"residencial santa julia, Sta. Eugenia 166-3er sector, 67280 Cdad. Benito Juárez, N.L., Mexico",81 1009 8605,,5422,Misceláneos,unknown,,35,False,sin señal de compra: unknown,"Hola, en tortillas de harina Adri puedes incrementar tus ventas aceptando pagos con tarjeta de debito y credito. Con la terminal Konfio cobras sin complicaciones y aumentas tu ticket promedio. Te gustaria recibir informacion?",Tortilleria de harina minorista apta para cobro con terminal.,1,5.0,trc_01M1DFHV0XAZFFD2N2HRYT68Z3,1.0
ChIJcyroRPadYoYRvS9olpgHusw,Tortilleria Yolotl HH,Monterrey,"De Loreto 510, Paseo de Capellania, 66007 García, N.L., Mexico",81 1896 6736,,5422,Misceláneos,unknown,,35,False,sin señal de compra: unknown,"Hola, vi las buenas recomendaciones que tiene Tortilleria Yolotl HH. Para que cobres mas rapido a tus clientes en mostrador, la terminal Konfio te permite aceptar tarjetas de forma sencilla. Te gustaria saber los costos y beneficios?",Tortilleria minorista que puede beneficiarse de aceptar tarjetas.,4,5.0,trc_01M1DFHV0XAZFFD2N2HRYT68Z3,1.0
ChIJD0owvdT50YURsbsAzW8SWbI,"Tortillería ""La Tradición""",Ciudad de México,"Av. Río Blanco 80, Industrial, Gustavo A. Madero, 07800 Ciudad de México, CDMX, Mexico",55 4610 8695,,5422,Misceláneos,unknown,,35,False,sin señal de compra: unknown,"Hola, vi que administras Tortillería La Tradición. Si buscas facilitar el cobro a tus clientes, una terminal Konfío te permite aceptar pagos con tarjeta de forma rápida, sin trámites complicados y acumulando historial con tus ventas.",Tortillería clasificada con MCC 5422 sin datos estructurados ni reseñas sobre medios de pago.,2,5.0,trc_01M1DFHV0XAZFFD2N2HRYT68Z3,1.0
ChIJFXszn94ezoURv-Za4c3EDgk,Pollos A La Leña San Martin,Ciudad de México,"Av Tierra y Libertad 3, Emiliano Zapata, 56608 Chalco de Díaz Covarrubias, Méx., Mexico",55 7697 7786,,5812,Restaurantes,unknown,,35,False,sin señal de compra: unknown,"Hola, en Pollos A La Leña San Martin preparar comida rica requiere agilidad en el servicio. Con una terminal portátil para cobrar con tarjeta puedes atender a tus clientes más rápido y evitar pérdidas de ventas por falta de efectivo. ¿Te gustaría recibir informes?",Restaurante de pollos a la leña con bajo volumen de reseñas y sin evidencia de métodos de pago.,2,4.5,trc_01M1DFHV0XAZFFD2N2HRYT68Z3,1.0
ChIJGZI0WZ_10YURDMedxczd40Y,Alpha Manualidades,Ciudad de México,"Amecameca 2, La Concepción, 54900 Tultitlán de Mariano Escobedo, Méx., Mexico",56 2085 2799,,5970,Ventas al detalle (Retail),unknown,,35,False,sin señal de compra: unknown,"Hola, para tu tienda Alpha Manualidades, contar con una terminal de cobro con tarjeta te ayuda a cerrar más ventas de materiales y proyectos creativos. Con Konfío cobras de forma práctica y segura. ¿Te gustaría recibir más detalles?",Tienda de manualidades y artículos de arte sin actividad ni reseñas registradas.,,,trc_01M1DFHV0XAZFFD2N2HRYT68Z3,1.0
ChIJ2bzdC9qzKIQR-eKRMXqxquE,Pollería Palma,Guadalajara,"C. Glendale 93, Centro, 45500 San Pedro Tlaquepaque, Jal., Mexico",33 1549 4204,,5422,Misceláneos,unknown,,35,False,sin señal de compra: unknown,"Hola Don Lupe, vi las buenas opiniones sobre el pollo fresco que ofrecen en Pollería Palma. Para facilitar las compras del día a tus clientes y sumar cobros con tarjeta, te ofrecemos una terminal muy práctica. ¿Te interesa conocerla?",Pollería local con bajo volumen de reseñas y sin medios de pago especificados.,1,5.0,trc_01M1DFHV0XAZFFD2N2HRYT68Z3,1.0
ChIJT7fVHwBLL4QR38-DrGjVVfE,Papelería CAREMIS,Guadalajara,"Libramiento a Juanacatlan, Cruza con, Mártires de Cananea 491 B, La Haciendita, 45680 El Salto, Jal., Mexico",33 3034 0729,,5943,Ventas al detalle (Retail),unknown,,35,False,sin señal de compra: unknown,"Hola, vi que en Papelería CAREMIS destacan su gran surtido en artículos y regalitos. Para que tus clientes puedan pagar útiles o regalos con tarjeta sin complicaciones, te ofrecemos una terminal práctica. ¿Te gustaría conocer nuestras opciones?",Papelería y tienda de regalos sin información confirmada de cobro con tarjeta.,1,5.0,trc_01M1DFHV0XAZFFD2N2HRYT68Z3,1.0
ChIJ7cpOIMtLL4QRHSA_l7HnFSQ,The Black D Barber estudio,Guadalajara,"Cto. Sur 99, Jesús María, 45680 El Salto, Jal., Mexico",33 1408 1738,https://www.instagram.com/damianbarba197?igsh=Mmk4cWp1bDlkNDQy&utm_source=qr,7230,Salones de belleza,unknown,,35,False,sin señal de compra: unknown,"Hola, vi las excelentes recomendaciones de The Black D Barber estudio por su gran atencion al cliente. Para facilitar el cobro al terminar cada corte, te ofrecemos una terminal para aceptar pagos con tarjeta de forma rapida y segura. ¿Te gustaria conocerla?",Barbería con excelentes calificaciones y sin registro público de aceptación de pagos con tarjeta.,10,5.0,trc_01M1DFHV0XAZFFD2N2HRYT68Z3,1.0
ChIJWS1jU6T_0YURjwonbhCzlfo,"Tortillería "" Las Flores""",Monterrey,"Merida 11, Niños Heroes de Chapultepec, Miguel Alemán, Benito Juárez, 03420 Ciudad de México, CDMX, Mexico",55 6448 4551,,5422,Misceláneos,unknown,,35,False,sin señal de compra: unknown,"Hola, vi los buenos comentarios sobre los sopes y tortillas en Tortilleria Las Flores. Si quieres modernizar tu negocio y ofrecer cobro con tarjeta a tus clientes habituales, en Konfio tenemos terminales practicas y sin complicaciones. ¿Te gustaria conocerlas?",Tortillería local con clientela regular sin medios de pago estructurados.,6,4.7,trc_01M1DFHV0XAZFFD2N2HRYT68Z3,1.0
ChIJxett-XKRYoYR0m0sLLbZnZQ,Tortillería Monterreal,Monterrey,"Lic. Santiago Roel 106, Solidaridad Soc, 66056 Cdad. Gral. Escobedo, N.L., Mexico",81 8385 7449,http://www.tortillasmonterreal.com/,5422,Misceláneos,unknown,,35,False,sin señal de compra: unknown,"Hola, tus clientes destacan la calidad de tus tortillas de harina y salsas caseras en Tortillería Monterreal. Aceptar pagos con tarjeta mediante una terminal Konfío te ayuda a agilizar el cobro en mostrador y respaldar tu volumen comercial. ¿Te gustaría conocer los beneficios?",Tortillería de barrio con pocas reseñas y sin registro de medios de pago en su perfil.,7,4.1,trc_01M1DFHV0XAZFFD2N2HRYT68Z3,1.0
ChIJq7VoAOPx0YURSKOtyaCN_sI,BARBER SHOP DADDY FUSION,Ciudad de México,"5 de Mayo, El Charco, 55404 Ecatepec de Morelos, Manzana 002, El Charco, 55404 México, Méx., Mexico",56 4437 0982,https://www.facebook.com/share/1RKjjWVUAk/,7230,Salones de belleza,unknown,,35,False,sin señal de compra: unknown,"Hola, vi el perfil de Barber Shop Daddy Fusion en Ecatepec. Aceptar pagos con tarjeta te ayuda a no perder clientes que buscan comodidad y a construir tu historial de ventas. ¿Te gustaría conocer nuestra terminal?",Barbería sin información explícita de métodos de pago ni reseñas detalladas.,1,5.0,trc_01M1DFHV0XAZFFD2N2HRYT68Z3,1.0
ChIJoaCWYpX10YURZ3sM0ANZA_s,Molino Y Tortillería Serafín,Ciudad de México,"Gustavo Díaz Ordaz 5, Los Reyes, 54900 Tultitlán de Mariano Escobedo, Méx., Mexico",55 5888 5280,,5422,Misceláneos,unknown,,35,False,sin señal de compra: unknown,"Hola, vi que en Tortillería Serafín ofrecen venta de tortilla al mayoreo y menudeo. Con una terminal Konfío puedes facilitar el cobro con tarjeta a tus clientes mayoristas y agilizar tus cobros diarios. ¿Platicamos?",Tortillería y molino sin información explícita de métodos de pago.,8,2.6,trc_01M1DFHV0XAZFFD2N2HRYT68Z3,1.0
ChIJC2fC1I__zYURAsFkt2FioYc,"Cremería ""El Salto""",Guadalajara,"Av. San Jerónimo, Subida a San Bernabé esquina, El Rosal, La Magdalena Contreras, 10640 Ciudad de México, CDMX, Mexico",55 7026 3244,,5451,Ventas al detalle (Retail),unknown,,35,False,sin señal de compra: unknown,"Hola, para Cremería El Salto tenemos una terminal Konfío que te ayuda a agilizar el cobro y evitar filas aceptando tarjetas de débito y crédito. ¿Te gustaría probarla?",Cremería y tienda de lácteos sin datos específicos sobre medios de pago.,8,2.0,trc_01M1DFHV0XAZFFD2N2HRYT68Z3,1.0
ChIJw-777-pLL4QRJwqQnbJrKN8,SEKHEM Spa de belleza,Guadalajara,"Calle Independencia, Esquina con, C. Reforma 201, Centro, 45680 El Salto, Jal., Mexico",33 3324 0648,https://gamma.app/docs/SEKHEM-actzj1b88mnha51?mode=doc,7230,Salones de belleza,unknown,,35,False,sin señal de compra: unknown,"Hola, nos ponemos en contacto con SEKHEM Spa de belleza. Para ofrecer una mejor experiencia a tus clientes y facilitar el cobro de tratamientos con tarjeta de crédito o débito, en Konfío te brindamos terminales de cobro accesibles. ¿Te gustaría información?",Establecimiento de belleza sin reseñas ni medios de pago reportados.,,,trc_01M1DFHV0XAZFFD2N2HRYT68Z3,1.0
ChIJLV88WwDDYoYR2FMF09Mci0M,Consultorio Dental Santa Fe,Monterrey,"Boulevard San Francisco, C. San Francisco 478, 67280 Cdad. Benito Juárez, N.L., Mexico",81 2859 0518,https://www.facebook.com/share/1BvjF7BLu1/,8011,Médicos y dentistas,unknown,,35,False,sin señal de compra: unknown,"Hola, en Konfío ayudamos a consultorios dentales como Santa Fe a facilitar el cobro de consultas y tratamientos mediante terminales de tarjeta con opción a meses sin intereses. ¿Te interesaría ver cómo implementarlo?",Consultorio dental sin registro de medios de pago en línea.,1,5.0,trc_01M1DFHV0XAZFFD2N2HRYT68Z3,1.0
ChIJmWcwg2kdzoUR6SxSP3V9oJU,Miscelánea Dante,Ciudad de México,"56613 Xico, Manzana 006, segunda sección, 56613 Valle de Chalco Solidaridad, Méx., Mexico",55 5960 0855,,5422,Misceláneos,unknown,,30,False,sin señal de compra: unknown,"Hola, vi la reseña positiva de Miscelánea Dante destacando la limpieza y atención. Con la terminal Konfío puedes aceptar pagos con tarjeta en tu tienda, ayudándote a captar más ventas del día a día sin complicaciones.",Miscelánea con una sola reseña y sin datos sobre cobro con tarjeta.,1,5.0,trc_01M1DFHV0XAZFFD2N2HRYT68Z3,1.0
ChIJG1mmXCEczoURqw-2XbgN-l8,Cremeria MAGO,Ciudad de México,"Adolfo López Mateos Mz 1166 Lt 31, Manzana 005, San Isidro, 56617 Valle de Chalco Solidaridad, Méx., Mexico",55 3091 7776,,5451,Ventas al detalle (Retail),unknown,,30,False,sin señal de compra: unknown,"Hola, vi tu negocio Cremeria MAGO en San Isidro. Si buscas facilitar las compras de tus clientes de lácteos y abarrotes, con la terminal Konfío puedes aceptar tarjetas de débito y crédito de forma rápida y segura.",Cremería con escasas reseñas y sin evidencia directa sobre métodos de pago.,4,3.8,trc_01M1DFHV0XAZFFD2N2HRYT68Z3,1.0
ChIJYUXxWmC0KIQRBIVnq-Wsb_c,Consultorio Dental Tonala,Guadalajara,"Av de los Maestros 180, Tonalá Centro, 45400 Tonalá, Jal., Mexico",33 3683 4680,,8011,Médicos y dentistas,unknown,,30,False,sin señal de compra: unknown,"Hola, te contacto del equipo Konfio. Para facilitar el pago de tratamientos y consultas dentales en tu consultorio mediante tarjeta de credito o debito, te ofrecemos una terminal sencilla que te ayuda a construir historial de facturacion.",Consultorio dental con escasa actividad de reseñas y medios de pago no especificados.,3,3.7,trc_01M1DFHV0XAZFFD2N2HRYT68Z3,1.0
ChIJjx98gGv_0YURZf5Oc68fr50,Consultorio dental Sin Nombrte,Monterrey,"Av. Nuevo León 270-Interior 302, código 2, Hipódromo, Cuauhtémoc, 06100 Ciudad de México, CDMX, Mexico",55 1998 3745,,8011,Médicos y dentistas,unknown,,30,False,sin señal de compra: unknown,"Hola, vi que tienes tu consultorio dental en la colonia Hipódromo. Para brindar mayor comodidad a tus pacientes en tratamientos dentales, con la terminal Konfío puedes recibir pagos con tarjeta de débito y crédito de forma transparente y sencilla.",Consultorio dental activo con información básica y sin datos de medios de pago.,1,5.0,trc_01M1DFHV0XAZFFD2N2HRYT68Z3,1.0
ChIJS4M44dWdYoYRFeVIHNG9Wkg,Distribuidora la miscelánea,Monterrey,"Sierra Real 257, Col. Hacienda Del Sol, 66004 García, N.L., Mexico",81 8800 9522,,5422,Misceláneos,unknown,,30,False,sin señal de compra: unknown,"Hola, vi tu negocio Distribuidora la miscelánea en García. Si buscas una solución para cobrar con tarjeta a tus clientes y crear historial con tus ventas diarias, la terminal Konfío es muy fácil de usar y sin rentas fijas.",Miscelánea con registro básico sin reseñas ni medios de pago confirmados.,,,trc_01M1DFHV0XAZFFD2N2HRYT68Z3,1.0
ChIJ8SRYdwAfzoURpBKu_FUnjj4,Rectificadora Bases de Tortilleria,Ciudad de México,"Av. José María Martínez 1456, San Miguel Jacalones, 56604 Chalco de Díaz Covarrubias, Méx., Mexico",55 3117 1726,,7699,Ventas al detalle (Retail),unknown,,30,False,sin señal de compra: unknown,"Hola, vi las buenas recomendaciones de tu servicio de rectificado. Con una terminal Konfío puedes cobrar tus trabajos y reparaciones con tarjeta de forma práctica, ofreciendo facilidades de pago a tus clientes. ¿Te gustaría recibir información sin compromiso?",Taller de rectificación de maquinaria clasificado como taller de reparación misceláneo.,1,5.0,trc_01M1DFHV0XAZFFD2N2HRYT68Z3,1.0
ChIJJSWVFnG1KIQRh_PYAfNvyrM,Frutería Valenzuela,Guadalajara,"Cam. a Matatlán 152, Coyula, 45410 Tonalá, Jal., Mexico",33 2924 3292,,5422,Misceláneos,unknown,,30,False,sin señal de compra: unknown,"Hola, en Frutería Valenzuela puedes agilizar el cobro de tu mercancía aceptando pagos con tarjeta de débito y crédito con la terminal Konfío, evitando la falta de cambio en caja. ¿Te gustaría conocer cómo funciona?",Comercio minorista de frutas y verduras sin reseñas ni información de pago.,,,trc_01M1DFHV0XAZFFD2N2HRYT68Z3,1.0
ChIJeXD5VQAFzoURbzSWzxOBte8,Tortillería puebla,Ciudad de México,"Francisco I. Madero 8 Bis, Santa María Nativitas, Xochimilco, 16450 Ciudad de México, CDMX, Mexico",55 2527 1801,,5422,Misceláneos,unknown,,30,False,sin señal de compra: unknown,"Hola, vi tu negocio Tortillería Puebla. Si quieres ofrecer más alternativas de cobro y agilizar el cambio a tus clientes, una terminal Konfío te permite aceptar tarjeta rápidamente y respaldar tu negocio con historial de ventas.",Tortillería local sin datos registrados de medios de pago.,,,trc_01M1DFHV0XAZFFD2N2HRYT68Z3,1.0
ChIJaRKlUQ1KL4QRLJPORycK8qY,No,Guadalajara,"Álvarez del Castillo, 45680 El Salto, Jalisco, Mexico",33 1044 1565,,5462,Ventas al detalle (Retail),unknown,,30,False,sin señal de compra: unknown,"Hola, vi las buenas reseñas sobre su birote y bolillo en El Salto. Si buscas dar a tus clientes la alternativa de pagar con tarjeta de manera rápida, te ofrecemos una terminal sencilla de usar. ¿Te gustaría recibir información?",Panadería tradicional con pocas reseñas y sin información de medios de pago.,3,5.0,trc_01M1DFHV0XAZFFD2N2HRYT68Z3,1.0
ChIJjUnLc8HBYoYRlnDzQXC8SL8,Edu BarberShop,Monterrey,"Av. Central 737, Los Lermas, 67188 Guadalupe, N.L., Mexico",81 1031 2305,,7230,Salones de belleza,unknown,,30,False,sin señal de compra: unknown,"Hola, espero que todo vaya excelente en Edu BarberShop. Si buscas equipar tu barberia para recibir pagos con tarjeta de tus clientes y hacer crecer tu facturacion, en Konfio tenemos terminales listas para usar. ¿Te gustaria conocer nuestras opciones?",Barbería pequeña sin información explícita sobre medios de pago aceptados.,1,5.0,trc_01M1DFHV0XAZFFD2N2HRYT68Z3,1.0
ChIJW1xyjBCTYoYR0QcvsdMLv1M,Lacmeg Distribuidora De Lácteos Y Carnes Frías,Monterrey,"Salamanca 106, Sin Nombre de Col 15, 66056 Cdad. Gral. Escobedo, N.L., Mexico",81 2235 3963,,5451,Ventas al detalle (Retail),unknown,,30,False,sin señal de compra: unknown,"Hola, en Lacmeg Distribuidora puedes facilitar el cobro de lácteos y embutidos a tus clientes aceptando tarjetas. Una terminal Konfío te permite procesar cobros rápidos y generar un historial claro de ventas para tu negocio. ¿Platicamos para darte más información?",Distribuidora de productos lácteos y carnes frías con mínima presencia digital y medios de pago desconocidos.,1,5.0,trc_01M1DFHV0XAZFFD2N2HRYT68Z3,1.0
ChIJC78DpOj_0YUR6bOQ4q8N6MY,Mercería Lupita,Ciudad de México,"local 207, La Cruz Coyuya, Iztacalco, 08310 Ciudad de México, CDMX, Mexico",55 4463 6048,,5131,Ventas al detalle (Retail),unknown,,30,False,sin señal de compra: unknown,"Hola, en Mercería Lupita puedes incrementar tus ventas facilitando el pago con tarjeta a tus clientes. Con la terminal Konfío aceptas todas las tarjetas de débito y crédito de forma rápida y sencilla para las compras en tu negocio.",Mercería con bajo volumen de reseñas y sin información explícita de cobro.,1,4.0,trc_01M1DFHV0XAZFFD2N2HRYT68Z3,1.0
ChIJjWxKh8kezoURL1cGbQxHlrY,Styling and Beauty School Chalco,Ciudad de México,"C. San Sebastián 3-C, Chalco Centro, 56600 Chalco de Díaz Covarrubias, Méx., Mexico",55 3092 1408,,7230,Salones de belleza,unknown,,30,False,sin señal de compra: unknown,"Hola, vi los servicios de corte y cursos en Styling and Beauty School Chalco. Cobrar colegiaturas y servicios con terminal te permite aceptar pagos con tarjeta y llevar mejor control de tus ingresos. ¿Te gustaría conocer nuestras opciones?",Academia y salón de belleza sin información sobre medios de pago.,6,3.5,trc_01M1DFHV0XAZFFD2N2HRYT68Z3,1.0
ChIJcZcuJc2yKIQRzXt4C4Qsrn8,Tortilleria San Isidro,Guadalajara,"Emiliano Zapata, Centro, 45690 El Salto, Jal., Mexico",33 3695 5570,,5422,Misceláneos,unknown,,30,False,sin señal de compra: unknown,"Hola, en Tortilleria San Isidro ofrecen excelente calidad en tortillas. Con una terminal Konfío puedes aceptar pagos con tarjeta de forma fácil y hacer crecer tu negocio. ¿Te interesa recibir información?",Tortillería de bajo volumen de reseñas sin información sobre métodos de pago.,2,3.0,trc_01M1DFHV0XAZFFD2N2HRYT68Z3,1.0
ChIJlX3EdwBLL4QRENt7NEfQL3A,Papeleria Chavarría ll,Guadalajara,"María Arcelia Díaz 10, La Haciendita, 45680 El Salto, Jal., Mexico",33 3409 0183,,5943,Ventas al detalle (Retail),unknown,,30,False,sin señal de compra: unknown,"Hola, en Papeleria Chavarría ll puedes facilitar las compras escolares aceptando tarjetas. Con la terminal Konfío cobras fácil y mejoras tus ventas. ¿Te gustaría recibir información?",Papelería pequeña sin información de medios de pago.,1,5.0,trc_01M1DFHV0XAZFFD2N2HRYT68Z3,1.0
ChIJ8zg4IVS1KIQRyWw9JC6nROo,USANA DISTRIBUIDOR INDEPENDIENTE,Guadalajara,"Loma Zacapu 482, Loma Dorada Delegación D, 45400 Tonalá, Jal., Mexico",33 1193 6611,,5422,Misceláneos,unknown,,30,False,sin señal de compra: unknown,"Hola, vi tu distribución de productos Usana en Tonalá. Con una terminal Konfío puedes cobrar a tus clientes con tarjeta donde sea que entregues tus pedidos, facilitando tus ventas y cerrando más compras al momento. ¿Te gustaría conocerla?",Distribuidor independiente de suplementos con bajo registro de actividad.,1,5.0,trc_01M1DFHV0XAZFFD2N2HRYT68Z3,1.0
ChIJIfnmOa2zKIQRTjk_lmI2uQA,Cremeria San Miguel,Guadalajara,"Calle Progreso 376, La Capacha, 45520 San Pedro Tlaquepaque, Jal., Mexico",33 3659 2036,,5451,Ventas al detalle (Retail),unknown,,30,False,sin señal de compra: unknown,"Hola, nos ponemos en contacto con Cremeria San Miguel. Si buscas equipar tu mostrador para aceptar cobros con tarjeta y agilizar las compras del día a día, en Konfío tenemos terminales sin rentas mensuales. ¿Te gustaría recibir más información?",Cremería y tienda de lácteos con bajo número de reseñas.,3,3.7,trc_01M1DFHV0XAZFFD2N2HRYT68Z3,1.0
ChIJ500k4z7AYoYRo5Du3w0wqao,ferreteria x,Monterrey,"C. Montreal 76, Lomas de La Silla (FOMERREY-26), 67177 Guadalupe, N.L., Mexico",81 1941 7733,,5251,Refacciones y ferretería,unknown,,30,False,sin señal de compra: unknown,"Hola, te contacto de Konfío para ofrecerte una terminal de cobro con tarjeta para ferreteria x. Puedes aceptar todas las tarjetas y facilitar las compras de material a tus clientes. ¿Te gustaría conocer nuestras tarifas preferenciales?",Ferretería con poco historial y sin información de medios de pago.,2,2.5,trc_01M1DFHV0XAZFFD2N2HRYT68Z3,1.0
ChIJW3a786ORYoYR8AHHIS0HHqU,Farmacia La Regia,Monterrey,"Av. Vista Regia 643, 66583 Buena Vista, N.L., Mexico",81 2531 0037,http://www.facebook.com/farmacialaregia,5912,Farmacias,unknown,,30,False,sin señal de compra: unknown,"Hola, en Konfío apoyamos a farmacias locales como Farmacia La Regia con terminales punto de venta para cobrar con tarjetas de débito y crédito de forma rápida y segura. ¿Te gustaría recibir más información sobre nuestras tarifas?",Farmacia local con mínima actividad registrada y sin datos de medios de pago.,1,5.0,trc_01M1DFHV0XAZFFD2N2HRYT68Z3,1.0
ChIJH30Hhp7DYoYRva_roWD1R4M,Instituto & Salón de Belleza La Beaute,Monterrey,"Av. Lic. Arturo B. de La Garza 702, Joaquín Garza y Garza, 67251 Cdad. Benito Juárez, N.L., Mexico",81 3408 8907,https://www.facebook.com/profile.php?id=61558106572833,7230,Salones de belleza,unknown,,30,False,sin señal de compra: unknown,"Hola, en Konfío apoyamos a salones de belleza como La Beauté con terminales para cobrar servicios y cursos con tarjeta de manera práctica. ¿Te gustaría conocer nuestras opciones para tu negocio?",Instituto y salón de belleza con bajo historial de reseñas y sin señal de pago.,1,5.0,trc_01M1DFHV0XAZFFD2N2HRYT68Z3,1.0
ChIJu0qd3xLj0YURkf4EM3UAO3Y,Salón de Belleza & Barber LA NUEVA ERA,Ciudad de México,"Av. Agrarismo 27 esquina entre calle Huactli, C. Tollin y, Tlatelco, 56353 Chimalhuacán, Méx., Mexico",55 2184 7997,https://www.facebook.com/SalonNuevaEra/,7230,Salones de belleza,accepts_card,"campo de Google: acceptsCashOnly false, acceptsNfc true",25,False,sin señal de compra: accepts_card,"Hola, veo que en Salón de Belleza & Barber LA NUEVA ERA ya aceptan pagos electrónicos. En Konfío ofrecemos terminales con comisiones competitivas y soporte continuo para optimizar el cobro de tus servicios.",Salón de belleza y barbería que ya recibe medios de pago electrónicos.,8,4.8,trc_01M1DFHV0XAZFFD2N2HRYT68Z3,1.0
ChIJNYT6knRKL4QRlB1IsDx-j9I,Pastelería El Portón,Guadalajara,"C. Ma. Gpe. Mtz. de Hdez Loza 415, Centro, 45680 El Salto, Jal., Mexico",33 3732 1469,,5441,Ventas al detalle (Retail),accepts_card,Pagué con tarjeta y me cobró el doble.,25,False,sin señal de compra: accepts_card,"Hola, noté que en Pastelería El Portón ya aceptas pagos con tarjeta pero han tenido incidentes al registrar cobros. La terminal Konfío te da total claridad en cada transacción y cobros rápidos para tu tranquilidad. ¿Te gustaría evaluar una alternativa?",Pastelería que ya acepta tarjeta conforme a una reseña de cliente que reportó un cobro duplicado.,37,4.1,trc_01M1DFHV0XAZFFD2N2HRYT68Z3,1.0
ChIJy4hhhbSzKIQR2_XLEz_aUNc,Cremería Contreras,Guadalajara,"C. Morelos 43-A, Centro, 45500 San Pedro Tlaquepaque, Jal., Mexico",33 3659 9249,,5451,Ventas al detalle (Retail),accepts_card,El día de hoy realice el pago con tarjeta y hubo cobro doble,25,False,sin señal de compra: accepts_card,"Hola, vi que en Cremería Contreras ya cobras con tarjeta, pero han tenido reportes de cobros dobles. Con la terminal Konfío aseguras transacciones estables y confiables para tus clientes. ¿Te gustaría conocer nuestra tecnología?",Comercio que ya acepta tarjetas pero presenta fallas técnicas con su proveedor actual.,83,4.1,trc_01M1DFHV0XAZFFD2N2HRYT68Z3,1.0
ChIJAS5jFo_-0YURDUPXEPvrI0s,"Distribuidora De Carnes ""El Recreo""",Ciudad de México,"Av. del Recreo 154, Barrio de los Reyes, Iztacalco, 08620 Ciudad de México, CDMX, Mexico",55 2759 2054,,5422,Misceláneos,accepts_card,Cuenta con todas las formas de pago.,25,False,sin señal de compra: accepts_card,"Hola, vi que en Distribuidora De Carnes El Recreo ofrecen todas las formas de pago. Si buscas mejorar tu comisión o renovar tu terminal para tus entregas a domicilio, en Konfío te ofrecemos excelente tecnología.",Carnicería que ya cuenta con aceptación amplia de medios de pago según clientes.,29,4.8,trc_01M1DFHV0XAZFFD2N2HRYT68Z3,1.0
ChIJiQXXbTjj0YURNzphVHRjx7Q,CIMART tu mercado de carnes,Ciudad de México,"Av. Manuel Alas, Lt 15, Mz 237 Barrio Talabarteros, Chimalhuacán Edo de Mex, Cp. 56356 Chimalhuacan Edo de Mex C.p. 56356, Manzana 042, Talabarteros, 56356 Mexico, Méx., Mexico",55 4287 5231,https://cimart.mdce.com.mx/Inicio/,5422,Misceláneos,accepts_card,ese día se me cayó mi tarjeta con la que pague,25,False,sin señal de compra: accepts_card,"Hola, vimos en tus reseñas que tus clientes ya pueden pagar con tarjeta al comprar carne y productos en CIMART. En Konfío ofrecemos terminales con comisiones competitivas y liquidación rápida para optimizar tus cobros actuales. ¿Te gustaría conocer nuestra propuesta?",Carnicería que ya acepta tarjeta según se evidencia en la reseña de un cliente.,24,4.8,trc_01M1DFHV0XAZFFD2N2HRYT68Z3,1.0
ChIJ7_AYBRf-0YURgPCgRZijYqs,Recaudería Carlos,Ciudad de México,"Campesinos s/n esquina soja, Soja 102, Granjas esmeralda, Granjas Esmeralda, Iztapalapa, 09810 Ciudad de México, CDMX, Mexico",55 5646 8470,,5422,Misceláneos,accepts_card,"Tienen servicio a domicilio y reciben pagos con efectivo, tarjeta con una pequeña comisión y transferencia bancaria.. Excelente atención de la gente.",25,False,sin señal de compra: accepts_card,"Hola Carlos, vi que en tu recaudería aceptas tarjeta a domicilio pero cobras comisión. Con la terminal Konfío puedes ofrecer cobros con tarjeta con tarifas claras y transparentes para que tus clientes compren más sin fricción. ¿Te platico cómo mejorar tus cobros?",Recaudería y frutería clasificada en 5422; reseña confirma aceptación de tarjeta con comisión.,38,4.7,trc_01M1DFHV0XAZFFD2N2HRYT68Z3,1.0
ChIJMdxOYgDDYoYRwHreuUByAa4,Barberia navaja y filo,Monterrey,"Riveras de Santa María, 67253 Cdad. Benito Juárez, N.L., Mexico",81 1601 8553,,7230,Salones de belleza,unknown,,25,False,sin señal de compra: unknown,"Hola, impulsar Barbería navaja y filo cobrando con tarjeta te ayudará a captar más clientes en la zona. Con la terminal Konfío aceptas pagos con tarjeta al instante y construyes historial de ventas desde el inicio. ¿Te gustaría saber cómo adquirirla?",Barbería con presencia digital incipiente y medios de pago desconocidos.,1,5.0,trc_01M1DFHV0XAZFFD2N2HRYT68Z3,1.0
ChIJAROfOUcDzoUR4BtcFP5dKeg,Taquería Los Torres,Ciudad de México,"Calle Sta. Cruz 89, Santa Ana Poniente, Tláhuac, 13300 Ciudad de México, CDMX, Mexico",55 1483 8491,,5812,Restaurantes,accepts_card,aceptan pagos con tarjetas,25,False,sin señal de compra: accepts_card,"Hola, leí excelentes recomendaciones sobre los tacos de Taquería Los Torres y que ya aceptan tarjeta. En Konfío ofrecemos terminales con comisiones competitivas para optimizar tus cobros diarios. ¿Te interesaría comparar opciones para mejorar tus condiciones actuales?",Taquería clasificada bajo MCC 5812 con mención de aceptación de tarjetas en reseñas.,15,4.4,trc_01M1DFHV0XAZFFD2N2HRYT68Z3,1.0
ChIJJ70IBL770YURHsFDDte-CYQ,Recauderia,Ciudad de México,"Av Valle de los, Av. Valle de las Zapatas 48, Valle de Aragon 1ra Secc, 57100 Cdad. Nezahualcóyotl, Méx., Mexico",55 3248 9657,,5422,Misceláneos,unknown,,25,False,sin señal de compra: unknown,"Hola, en tu recaudería puedes facilitar las compras de fruta y verdura ofreciendo cobro con tarjeta. Con una terminal Konfío recibes pagos con tarjeta sin complicaciones y aumentas el ticket promedio de tus clientes.",Comercio de frutas y verduras sin reseñas ni información sobre medios de pago.,,,trc_01M1DFHV0XAZFFD2N2HRYT68Z3,1.0
ChIJMWFxgf7x0YURnq4b5q3q2Pg,Cocina Economica Martha´s,Ciudad de México,"Avenida industrias ecatepec, escuela José Búscaselos, C. 12 Frente a, Industrias Ecatepec, 55100 Mexico, Méx., Mexico",55 5779 2594,,5812,Restaurantes,confirmed_no_card,campo de Google: acepta pagos NFC,25,True,,"Hola, felicidades por la excelente atención y desayunos en Cocina Económica Martha´s. Sabemos que ya aceptas pagos digitales; con una terminal Konfío puedes complementar tu operación con comisiones transparentes y soporte continuo para tu negocio.",Restaurante que ya cuenta con aceptación de pagos digitales y sin contacto.,65,4.5,trc_01M1DFHV0XAZFFD2N2HRYT68Z3,1.0
ChIJu5iMg0n_0YURhrYfrlH3_Ac,Cremería León,Monterrey,"Mercado independencia anexo local 1 Independencia, Independencia, Benito Juárez, 03630 Ciudad de México, CDMX, Mexico",477 280 0110,,5451,Ventas al detalle (Retail),accepts_card,Aceptan pago con puntos,25,False,sin señal de compra: accepts_card,"Hola, vi que en Cremería León tienen un excelente servicio y clientes satisfechos con sus pagos y tarjetas de lealtad. En Konfío ofrecemos terminales rápidas para agilizar el cobro diario de tus lácteos y embutidos con comisiones transparentes. ¿Te gustaría conocer nuestra propuesta?",Cremería que ya opera con mecanismos de puntos/tarjetas según reseña de cliente.,2,5.0,trc_01M1DFHV0XAZFFD2N2HRYT68Z3,1.0
ChIJ_1IIcRb50YURa6kiguWjdmQ,"Molino de Nixtamal y Tortillería ""La Adelina”",Ciudad de México,"Beethoven 18, Peralvillo, Cuauhtémoc, 06220 Ciudad de México, CDMX, Mexico",55 5583 2656,https://molinoabueloemilio.webador.mx/,5422,Misceláneos,confirmed_no_card,campo de Google: acceptsCreditCards,25,True,,"Hola, en Tortillería La Adelina vemos que ya aceptas pagos con tarjeta. Si buscas mejorar tu comisión o renovar tu equipo por una terminal más rápida y confiable, tenemos excelentes soluciones. ¿Te gustaría comparar nuestras tarifas?",Molino y tortillería clasificado en MCC 5422 con cobro con tarjeta activo.,12,4.8,trc_01M1DFHV0XAZFFD2N2HRYT68Z3,1.0
ChIJX-g6OS0DzoURO43_f0fDQYA,Merceria Karen,Ciudad de México,"Avenida Tlahuac 6320-B Santa Ana Sur, Conchita B, Tláhuac, 13360 Ciudad de México, CDMX, Mexico",55 3948 8128,https://www.facebook.com/profile.php?id=61550921640763&mibextid=ZbWKwL,5131,Ventas al detalle (Retail),accepts_card,"campo de Google: solo efectivo: false, NFC: true",20,False,sin señal de compra: accepts_card,"Hola, vi que en Mercería Karen ya aceptan pagos electrónicos y sin contacto. En Konfío ofrecemos terminales con comisiones competitivas y soporte continuo para potenciar las ventas de tu negocio. ¿Te interesaría comparar nuestras tarifas?",Mercería que ya acepta tarjetas y medios electrónicos.,6,4.2,trc_01M1DFHV0XAZFFD2N2HRYT68Z3,1.0
ChIJa_D_SPlTL4QRdIy6OimTgXM,ESTÉTICA BARBER GINA,Guadalajara,"Calle Degollado Pte., Centro, 45640 Tlajomulco de Zúñiga, Jal., Mexico",33 1335 2370,,7230,Salones de belleza,accepts_card,campo de Google: acceptsNfc,20,False,sin señal de compra: accepts_card,"Hola, felicidades por las más de 100 opiniones en ESTÉTICA BARBER GINA. Vi que ya aceptas cobros digitales y con tarjeta; si buscas optimizar tus comisiones actuales o tener una terminal más rápida y confiable, en Konfío podemos apoyarte. ¿Platicamos?",Estética y barbería con cobro NFC y tarjeta activo en su perfil de Google.,115,4.8,trc_01M1DFHV0XAZFFD2N2HRYT68Z3,1.0
ChIJqxz4UlVRL4QRXBomuTBuGRs,Tortilleria El Maíz De Oro,Guadalajara,"Independencia 88, Centro, 45640 Tlajomulco de Zúñiga, Jal., Mexico",33 3060 9327,,5422,Misceláneos,accepts_card,"campo de Google: acceptsCashOnly false, acceptsNfc true",20,False,sin señal de compra: accepts_card,"Hola, veo que en Tortilleria El Maíz De Oro ya aceptan pagos digitales y NFC para pedidos y consumo diario. En Konfio ofrecemos terminales con comisiones transparentes que potencian tu operacion. ¿Te gustaria comparar opciones?",Tortillería clasificada en MCC 5422 que ya acepta pagos digitales y contactless.,18,4.2,trc_01M1DFHV0XAZFFD2N2HRYT68Z3,1.0
ChIJWZ_W2of-0YURsGLQaZeY-u0,Cocina Económica La Escondida,Ciudad de México,"And. 9, Los Picos de Iztacalco II A, Iztacalco, 08770 Ciudad de México, CDMX, Mexico",55 5803 9602,,5812,Restaurantes,accepts_card,"campo de Google: acceptsCashOnly false, acceptsNfc true",20,False,sin señal de compra: accepts_card,"Hola, vi que en Cocina Económica La Escondida ya aceptan pagos con tarjeta y tecnología sin contacto. Con la terminal Konfío puedes optimizar tus cobros y acceder a comisiones transparentes para tu restaurante.",Restaurante con confirmación estructurada de aceptar medios digitales y NFC.,41,4.1,trc_01M1DFHV0XAZFFD2N2HRYT68Z3,1.0
ChIJkycLvsCdYoYRhzZMrVz8M8c,JIMENEZ BARBER SHOP,Monterrey,"Aventurina, Punta Diamante 124, 66004 García, N.L., Mexico",81 2196 3274,http://jimenez-barber-shop.web.app/,7230,Salones de belleza,accepts_card,"campo de Google: no solo efectivo, acepta NFC",20,False,sin señal de compra: accepts_card,"Hola, vi las buenas reseñas de Jiménez Barber Shop. Sabemos que ya aceptas cobros digitales y NFC; en Konfío ofrecemos terminales con comisiones competitivas y acreditación rápida para mejorar tu margen en cada corte. ¿Te interesaría comparar nuestras tarifas?",Barbería que ya acepta pagos electrónicos y tecnología sin contacto.,3,5.0,trc_01M1DFHV0XAZFFD2N2HRYT68Z3,1.0
ChIJ6-DWZa21KIQRPb13l3p_Ofg,DK Studio Barber Shop,Guadalajara,"C. Hidalgo 175, Tonalá Centro, 45400 Tonalá, Jal., Mexico",33 2937 3196,,7230,Salones de belleza,accepts_card,"campo de Google: acceptsCashOnly: false, acceptsNfc: true",20,False,sin señal de compra: accepts_card,"Hola, vi las excelentes reseñas de tu barbería DK Studio en Tonalá. Si buscas una terminal de cobro más rápida para tus servicios y productos con comisiones claras, en Konfío podemos ayudarte a optimizar tus cobros.",Barbería que ya acepta medios de pago digitales y NFC.,89,4.9,trc_01M1DFHV0XAZFFD2N2HRYT68Z3,1.0
ChIJTWWEXkJRL4QR5VsLAqN4TPo,Pasteleria Confetti,Guadalajara,"C. Valle de los Fresnos 18, Hacienda de Los Eucaliptos, 45656 Tlajomulco de Zúñiga, Jal., Mexico",33 5124 0319,,5441,Ventas al detalle (Retail),accepts_card,"campo de Google: no solo efectivo, acepta NFC",20,False,sin señal de compra: accepts_card,"Hola, felicitaciones por los pasteles y la gran atención en Pastelería Confetti. Sabemos que ya aceptas pagos digitales; en Konfío te ofrecemos terminales con comisiones competitivas y soporte para respaldar tu negocio al instante.",Pastelería que ya cuenta con aceptación de pagos con tarjeta y contactless.,24,4.1,trc_01M1DFHV0XAZFFD2N2HRYT68Z3,1.0
ChIJ36g0dh_j0YURWLFiEPVYcLw,Consultorio dental,Ciudad de México,"Av. Pantitlán 310 c, Evolucion, 57000 Cdad. Nezahualcóyotl, Méx., Mexico",55 3224 8314,,8011,Médicos y dentistas,unknown,,20,False,sin señal de compra: unknown,"Hola, para tu consultorio dental, ofrecer cobro con tarjeta permite a tus pacientes liquidar tratamientos y consultas fácilmente. Con la terminal Konfío aceptas todas las tarjetas con comisiones claras y mejoras la administración de tus cobros.",Consultorio odontológico con baja actividad registrada y sin datos de medios de pago.,1,1.0,trc_01M1DFHV0XAZFFD2N2HRYT68Z3,1.0
ChIJf0HZLFtTL4QRNkHuWYvV8a8,"Beauty hair TS, Alaciados permanentes",Guadalajara,"Escobedo Ote. 3, 44640 Tlajomulco de Zúñiga, Jal., Mexico",33 3355 0974,https://www.instagram.com/beautyhair.ts?igsh=bXYwNTJjc2I0ZDlz,7230,Salones de belleza,accepts_card,"campo de Google: acceptsCashOnly false, acceptsNfc true",20,False,sin señal de compra: accepts_card,"Hola, vi los excelentes comentarios sobre tus alaciados permanentes y cortes en Beauty hair TS. Sabemos que ya aceptas pagos electrónicos y NFC; con Konfío puedes consolidar tus cobros con tarjeta con tasas competitivas y atención directa. ¿Te interesa comparar opciones para tu salón?","Salón de belleza que ya acepta cobros sin contacto y no solo efectivo, lo que reduce la urgencia inmediata.",18,5.0,trc_01M1DFHV0XAZFFD2N2HRYT68Z3,1.0
ChIJh5WmkgS1KIQRJKRWE5pPYU0,SANTOS SALOON,Guadalajara,"Calle López Cotilla 166A López cotilla 166 A esquina, And. Tonaltecas 45400, Tonalá Centro, 45400 Tonalá, Jal., Mexico",33 3727 9096,http://santosaloon.com/,7230,Salones de belleza,accepts_card,campo de Google: acceptsNfc,20,False,sin señal de compra: accepts_card,"Hola, vi las excelentes opiniones de Santos Saloon por sus cortes y cejas. Noté que ya aceptas pagos sin contacto; con Konfío puedes optimizar tus cobros con tarjeta y construir historial para impulsar tu negocio. ¿Te gustaría conocer nuestras comisiones?",Salón de belleza que ya acepta cobros sin contacto y tarjetas.,46,4.9,trc_01M1DFHV0XAZFFD2N2HRYT68Z3,1.0
ChIJj-9EgSRRL4QR2-Ti1l8FPgw,PAPELERÍA BRUNO Y CANELO,Guadalajara,"45660 Renaceres, 45660 Tlajomulco de Zúñiga, Jal., Mexico",33 2226 9832,,5943,Ventas al detalle (Retail),accepts_card,aceptan tarjeta Recomendado🌟,20,False,sin señal de compra: accepts_card,"Hola, vi que en Papelería Bruno y Canelo ya aceptas pagos con tarjeta para tus copias y útiles. Con Konfío puedes mejorar tus comisiones y construir historial para impulsar el crecimiento de tu negocio. ¿Te gustaría comparar opciones?",Papelería donde las opiniones confirman que ya reciben pagos con tarjeta.,3,5.0,trc_01M1DFHV0XAZFFD2N2HRYT68Z3,1.0
ChIJ9culx3TDYoYRftiM4LPZldQ,Panadería y Panqueleria Belén,Monterrey,"Av. las Torres 412, Paseo del Prado, 67275 Cdad. Benito Juárez, N.L., Mexico",81 2700 7997,,5462,Ventas al detalle (Retail),accepts_card,"Aceptan pagos, con efectivo, transferencia y pago con tarjeta.",20,False,sin señal de compra: accepts_card,"Hola, vi los buenos comentarios sobre Panadería Belén y que ya reciben cobros con tarjeta. En Konfío ofrecemos terminales con comisiones muy competitivas para mejorar tus costos por transacción. ¿Te gustaría comparar tus tasas actuales?",Panadería con cobro con tarjeta verificado mediante reseña de cliente.,21,4.1,trc_01M1DFHV0XAZFFD2N2HRYT68Z3,1.0
ChIJW2hofo1VL4QRUYdG8ic3bno,Pasteleria Granette,Guadalajara,"Av. Adamar 675-Local 4, 45646 Tlajomulco de Zúñiga, Jal., Mexico",33 1418 7581,,5441,Ventas al detalle (Retail),confirmed_no_card,campo de Google: acepta pagos sin contacto (NFC),20,True,,"Hola, vi que en Pasteleria Granette ya aceptan pagos digitales. En Konfio ofrecemos terminales con comisiones competitivas y tecnologia avanzada para seguir cobrando con tarjeta y pagos sin contacto, fortaleciendo el registro de tus ventas. Te gustaria comparar opciones?",Pasteleria que ya acepta medios de pago electronicos / NFC.,56,4.8,trc_01M1DHHXTHDDBWSFK9FJN1PV33,1.0
ChIJpRX5D2T_0YURUYxSXDqqNi0,Cremería Americana Corporativo,Monterrey,"Mártires de La Conquista 92, Tacubaya, Miguel Hidalgo, 11870 Ciudad de México, CDMX, Mexico",55 5516 3035,http://www.cremeria-americana.com.mx/,5811,Ventas al detalle (Retail),unknown,,10,False,sin señal de compra: unknown,"Hola, nos gustaria mostrarte como agilizar la aceptacion de tarjetas y cobros electronicos para tus ventas comerciales con la tecnologia de Konfio. Te interesa agendar una llamada con un asesor especializado?",Sede corporativa y fabricante mayorista fuera del perfil PyME para TPV estandar.,36,4.0,trc_01M1DFHV0XAZFFD2N2HRYT68Z3,1.0
ChIJP8GcCQzsYoYRb9f3vS5eT6Q,Papeleria y Merceria,Monterrey,"66600, 5 de Mayo 301, Cabecera Municipal (Apodaca), Apodaca Centro, 66600 Cdad. Apodaca, N.L., Mexico",81 8880 7086,,5111,Ventas al detalle (Retail),unknown,,0,False,sin señal de compra: unknown,,Múltiples reseñas recientes indican que el establecimiento está cerrado permanentemente.,12,3.8,trc_01M1DFHV0XAZFFD2N2HRYT68Z3,1.0
ChIJ9dpOWNb10YUR-7e4ylO38q8,"Panadería ""La Güera""",Ciudad de México,"Federico García Lorca 158, San Bartolo, 54800 Tultitlán de Mariano Escobedo, Méx., Mexico",55 1060 9340,https://www.facebook.com/panaderialaguera2020?mibextid=ZbWKwL,5462,Ventas al detalle (Retail),unknown,,0,False,sin señal de compra: unknown,"Hola, si Panadería La Güera sigue ofreciendo sus ricas conchas y pan tradicional, con la terminal Konfío puedes aceptar pagos con tarjeta y hacer crecer tus ventas diarias. ¿Te gustaría conocer nuestras opciones?",Panadería clasificada en MCC 5462 con reseñas que indican cierre permanente del local.,6,4.3,trc_01M1DFHV0XAZFFD2N2HRYT68Z3,1.0
